record_date,generated_at,code,name,price,change_pct,change,volume,amount,source
2026-07-06,2026-07-06T11:24:33+08:00,688808,联讯仪器,2265.99,-0.18,-4.01,8439.0,1928754360.0,本地最近行情CSV
2026-07-06,2026-07-06T11:24:33+08:00,688498,源杰科技,1653.1,-0.37,-6.13,29474.0,4767201375.0,本地最近行情CSV
2026-07-06,2026-07-06T11:24:33+08:00,688256,寒武纪,1353.18,0.01,0.18,67380.0,9065351044.0,本地最近行情CSV
2026-07-06,2026-07-06T11:24:33+08:00,600519,贵州茅台,1206.41,1.0,11.96,28991.0,3469742375.0,本地最近行情CSV
2026-07-06,2026-07-06T11:24:33+08:00,300308,中际旭创,1109.69,-0.57,-6.31,227222.0,24946186150.49,本地最近行情CSV
2026-07-06,2026-07-06T11:24:33+08:00,001309,德明利,899.0,1.94,17.09,145713.0,12940707329.53,本地最近行情CSV
2026-07-06,2026-07-06T11:24:33+08:00,002371,北方华创,801.97,-1.72,-14.03,104081.0,8274503040.49,本地最近行情CSV
2026-07-06,2026-07-06T11:24:33+08:00,688766,普冉股份,775.04,-5.01,-40.84,74537.0,5793072889.0,本地最近行情CSV
2026-07-06,2026-07-06T11:24:33+08:00,688802,沐曦股份-U,715.88,-3.05,-22.5,11711.0,836509611.0,本地最近行情CSV
2026-07-06,2026-07-06T11:24:33+08:00,301308,江波龙,685.47,10.91,67.45,223892.0,15309114272.8,本地最近行情CSV
2026-07-06,2026-07-06T11:24:33+08:00,603986,兆易创新,653.06,-3.65,-24.71,445207.0,29454477435.0,本地最近行情CSV
2026-07-06,2026-07-06T11:24:33+08:00,688795,摩尔线程-U,642.51,-0.2,-1.3,14896.0,940895361.0,本地最近行情CSV
2026-07-06,2026-07-06T11:24:33+08:00,301666,大普微-UW,590.0,-0.51,-3.02,24336.0,1455680945.27,本地最近行情CSV
2026-07-06,2026-07-06T11:24:33+08:00,688627,精智达,569.0,-1.61,-9.3,33053.0,1857261533.0,本地最近行情CSV
2026-07-06,2026-07-06T11:24:33+08:00,688502,茂莱光学,556.0,-2.84,-16.28,14509.0,804191366.0,本地最近行情CSV
2026-07-06,2026-07-06T11:24:33+08:00,300502,新易盛,520.63,-1.02,-5.37,286118.0,14701085852.38,本地最近行情CSV
2026-07-06,2026-07-06T11:24:33+08:00,688809,强一股份,507.97,-0.59,-3.03,15242.0,765119887.0,本地最近行情CSV
2026-07-06,2026-07-06T11:24:33+08:00,688797,臻宝科技,506.0,-6.31,-34.1,60260.0,3052428564.0,本地最近行情CSV
2026-07-06,2026-07-06T11:24:33+08:00,301377,鼎泰高科,498.99,-3.68,-19.05,37469.0,1894001731.96,本地最近行情CSV
2026-07-06,2026-07-06T11:24:33+08:00,300757,罗博特科,495.01,-3.46,-17.72,50399.0,2495928038.98,本地最近行情CSV
2026-07-06,2026-07-06T11:24:33+08:00,688017,绿的谐波,476.0,-2.46,-12.0,154524.0,7322876942.0,本地最近行情CSV
2026-07-06,2026-07-06T11:24:33+08:00,603061,金海通,474.0,0.27,1.27,20626.0,971268242.0,本地最近行情CSV
2026-07-06,2026-07-06T11:24:33+08:00,688630,芯碁微装,470.64,-2.02,-9.68,41034.0,1935194057.0,本地最近行情CSV
2026-07-06,2026-07-06T11:24:33+08:00,688200,华峰测控,448.17,-3.41,-15.83,44457.0,1997382855.0,本地最近行情CSV
2026-07-06,2026-07-06T11:24:33+08:00,002916,深南电路,446.35,-1.79,-8.13,110003.0,4835166691.56,本地最近行情CSV
2026-07-06,2026-07-06T11:24:33+08:00,601869,长飞光纤,442.5,-6.86,-32.58,102024.0,4596750133.0,本地最近行情CSV
2026-07-06,2026-07-06T11:24:33+08:00,688525,佰维存储,441.03,3.07,13.12,272083.0,12027586710.0,本地最近行情CSV
2026-07-06,2026-07-06T11:24:33+08:00,688027,国盾量子,437.25,-2.44,-10.95,16147.0,706327828.0,本地最近行情CSV
2026-07-06,2026-07-06T11:24:33+08:00,688048,长光华芯,430.1,4.75,19.5,104609.0,4597435073.0,本地最近行情CSV
2026-07-06,2026-07-06T11:24:33+08:00,688012,中微公司,411.4,-0.55,-2.29,190909.0,7767683919.0,本地最近行情CSV
2026-07-06,2026-07-06T11:24:33+08:00,688025,杰普特,396.51,0.38,1.51,21071.0,839745825.0,本地最近行情CSV
2026-07-06,2026-07-06T11:24:33+08:00,300750,宁德时代,376.47,-0.93,-3.53,132905.0,5027245876.8,本地最近行情CSV
2026-07-06,2026-07-06T11:24:33+08:00,688082,盛美上海,370.08,1.83,6.65,53794.0,1960374955.0,本地最近行情CSV
2026-07-06,2026-07-06T11:24:33+08:00,688635,长进光子,370.04,-6.79,-26.96,13994.0,530604494.0,本地最近行情CSV
2026-07-06,2026-07-06T11:24:33+08:00,688785,恒运昌,362.12,-3.73,-14.03,6266.0,228111906.0,本地最近行情CSV
2026-07-06,2026-07-06T11:24:33+08:00,688037,芯源微,362.0,1.94,6.88,52565.0,1882327981.0,本地最近行情CSV
2026-07-06,2026-07-06T11:24:33+08:00,603444,吉比特,361.96,1.1,3.94,10965.0,395658268.0,本地最近行情CSV
2026-07-06,2026-07-06T11:24:33+08:00,301629,矽电股份,348.4,-3.41,-12.29,12305.0,428424000.29,本地最近行情CSV
2026-07-06,2026-07-06T11:24:33+08:00,301200,大族数控,346.91,1.14,3.91,22429.0,777497152.1,本地最近行情CSV
2026-07-06,2026-07-06T11:24:33+08:00,688807,优迅股份,344.98,-3.58,-12.82,9668.0,333334794.0,本地最近行情CSV
2026-07-06,2026-07-06T11:24:33+08:00,688041,海光信息,342.76,5.33,17.36,267320.0,9088297405.0,本地最近行情CSV
2026-07-06,2026-07-06T11:24:33+08:00,688361,中科飞测,342.26,0.08,0.26,66144.0,2254283747.0,本地最近行情CSV
2026-07-06,2026-07-06T11:24:33+08:00,688702,盛科通信-U,340.1,5.09,16.46,72519.0,2423770882.0,本地最近行情CSV
2026-07-06,2026-07-06T11:24:33+08:00,688536,思瑞浦,333.72,0.48,1.6,28118.0,932537313.0,本地最近行情CSV
2026-07-06,2026-07-06T11:24:33+08:00,688506,百利天恒,332.5,-2.21,-7.5,30954.0,1052457598.0,本地最近行情CSV
2026-07-06,2026-07-06T11:24:33+08:00,688146,中船特气,331.4,0.38,1.26,74670.0,2475777559.0,本地最近行情CSV
2026-07-06,2026-07-06T11:24:33+08:00,688519,南亚新材,330.05,-11.09,-41.17,56655.0,1957540138.0,本地最近行情CSV
2026-07-06,2026-07-06T11:24:33+08:00,688668,鼎通科技,327.68,1.5,4.85,35512.0,1172258349.0,本地最近行情CSV
2026-07-06,2026-07-06T11:24:33+08:00,301626,苏州天脉,326.58,1.74,5.58,9317.0,297031197.71,本地最近行情CSV
2026-07-06,2026-07-06T11:24:33+08:00,300666,江丰电子,324.39,-2.35,-7.8,124201.0,4070040266.83,本地最近行情CSV
2026-07-06,2026-07-06T11:24:33+08:00,688347,华虹宏力,304.27,6.76,19.27,163948.0,4804543634.0,本地最近行情CSV
2026-07-06,2026-07-06T11:24:33+08:00,300870,欧陆通,301.84,2.01,5.94,36734.0,1112453514.84,本地最近行情CSV
2026-07-06,2026-07-06T11:24:33+08:00,300620,光库科技,301.67,-3.39,-10.58,64520.0,1958939121.94,本地最近行情CSV
2026-07-06,2026-07-06T11:24:33+08:00,300604,长川科技,300.66,-0.68,-2.05,174903.0,5261120790.86,本地最近行情CSV
2026-07-06,2026-07-06T11:24:33+08:00,688521,芯原股份,297.97,-1.66,-5.03,134785.0,3996465907.0,本地最近行情CSV
2026-07-06,2026-07-06T11:24:33+08:00,300857,协创数据,292.55,-2.62,-7.86,99003.0,2909309200.83,本地最近行情CSV
2026-07-06,2026-07-06T11:24:33+08:00,300476,胜宏科技,292.5,-5.05,-15.57,258546.0,7623783853.02,本地最近行情CSV
2026-07-06,2026-07-06T11:24:33+08:00,688019,安集科技,289.81,1.93,5.5,79216.0,2311227167.0,本地最近行情CSV
2026-07-06,2026-07-06T11:24:33+08:00,688167,炬光科技,288.67,-3.05,-9.08,47687.0,1385727088.0,本地最近行情CSV
2026-07-06,2026-07-06T11:24:33+08:00,301205,联特科技,288.01,-3.35,-9.98,45786.0,1334689410.29,本地最近行情CSV
2026-07-06,2026-07-06T11:24:33+08:00,301396,宏景科技,284.67,-2.82,-8.25,56631.0,1626227020.23,本地最近行情CSV
2026-07-06,2026-07-06T11:24:33+08:00,688235,百济神州,280.0,4.88,13.04,81221.0,2253440210.0,本地最近行情CSV
2026-07-06,2026-07-06T11:24:33+08:00,603129,春风动力,274.57,4.43,11.64,16122.0,434843024.0,本地最近行情CSV
2026-07-06,2026-07-06T11:24:33+08:00,300489,光智科技,270.58,-3.93,-11.07,91615.0,2451282440.48,本地最近行情CSV
2026-07-06,2026-07-06T11:24:33+08:00,300567,精测电子,267.6,1.39,3.68,60285.0,1572415937.4,本地最近行情CSV
2026-07-06,2026-07-06T11:24:33+08:00,300475,香农芯创,266.47,0.84,2.22,263050.0,7126043104.91,本地最近行情CSV
2026-07-06,2026-07-06T11:24:33+08:00,688120,华海清科,266.25,-0.47,-1.25,110227.0,2950284962.0,本地最近行情CSV
2026-07-06,2026-07-06T11:24:33+08:00,688008,澜起科技,262.98,-1.43,-3.82,450098.0,11961766027.0,本地最近行情CSV
2026-07-06,2026-07-06T11:24:33+08:00,688411,海博思创,260.2,3.6,9.05,40840.0,1079902717.0,本地最近行情CSV
2026-07-06,2026-07-06T11:24:33+08:00,300672,国科微,259.79,-1.82,-4.81,54701.0,1434286496.65,本地最近行情CSV
2026-07-06,2026-07-06T11:24:33+08:00,688052,纳芯微,259.07,0.81,2.07,24750.0,632055154.0,本地最近行情CSV
2026-07-06,2026-07-06T11:24:33+08:00,300751,迈为股份,257.19,-2.95,-7.82,60015.0,1577853497.45,本地最近行情CSV
2026-07-06,2026-07-06T11:24:33+08:00,301392,汇成真空,251.0,0.35,0.87,32084.0,811135296.08,本地最近行情CSV
2026-07-06,2026-07-06T11:24:33+08:00,688409,富创精密,249.34,1.84,4.5,58947.0,1452826954.0,本地最近行情CSV
2026-07-06,2026-07-06T11:24:33+08:00,300223,北京君正,248.82,-4.14,-10.74,374000.0,9354630834.49,本地最近行情CSV
2026-07-06,2026-07-06T11:24:33+08:00,301345,涛涛车业,248.49,7.57,17.48,26899.0,656975623.16,本地最近行情CSV
2026-07-06,2026-07-06T11:24:33+08:00,300033,同花顺,242.55,-1.47,-3.63,140702.0,3483760162.58,本地最近行情CSV
2026-07-06,2026-07-06T11:24:33+08:00,300394,天孚通信,237.62,-4.99,-12.48,308933.0,7440049258.8,本地最近行情CSV
2026-07-06,2026-07-06T11:24:33+08:00,301630,同宇新材,234.24,4.42,9.92,21025.0,515080561.6,本地最近行情CSV
2026-07-06,2026-07-06T11:24:33+08:00,002850,科达利,233.12,3.08,6.96,103829.0,2411320075.12,本地最近行情CSV
2026-07-06,2026-07-06T11:24:33+08:00,688020,方邦股份,229.18,-6.69,-16.43,27379.0,652669562.0,本地最近行情CSV
2026-07-06,2026-07-06T11:24:33+08:00,603929,亚翔集成,227.11,-3.72,-8.78,39319.0,894065162.0,本地最近行情CSV
2026-07-06,2026-07-06T11:24:33+08:00,301369,联动科技,225.9,4.34,9.4,20429.0,461611080.82,本地最近行情CSV
2026-07-06,2026-07-06T11:24:33+08:00,605376,博迁新材,225.75,-5.19,-12.35,82049.0,1900134719.0,本地最近行情CSV
2026-07-06,2026-07-06T11:24:33+08:00,002384,东山精密,225.17,-3.25,-7.56,581390.0,13300564576.9,本地最近行情CSV
2026-07-06,2026-07-06T11:24:33+08:00,688692,达梦数据,223.57,0.93,2.06,12152.0,273462836.0,本地最近行情CSV
2026-07-06,2026-07-06T11:24:33+08:00,688279,峰岹科技,222.58,-7.78,-18.77,26291.0,599477258.0,本地最近行情CSV
2026-07-06,2026-07-06T11:24:33+08:00,300570,太辰光,219.58,-7.4,-17.54,127207.0,2850139611.82,本地最近行情CSV
2026-07-06,2026-07-06T11:24:33+08:00,603256,宏和科技,218.56,-8.17,-19.44,132165.0,2966954686.0,本地最近行情CSV
2026-07-06,2026-07-06T11:24:33+08:00,688507,索辰科技,216.5,-13.23,-33.01,86710.0,1971215891.0,本地最近行情CSV
2026-07-06,2026-07-06T11:24:33+08:00,688268,华特气体,215.5,-4.61,-10.41,57651.0,1256613650.0,本地最近行情CSV
2026-07-06,2026-07-06T11:24:33+08:00,300548,长芯博创,212.2,-3.99,-8.81,87994.0,1888218976.54,本地最近行情CSV
2026-07-06,2026-07-06T11:24:33+08:00,688392,骄成超声,212.14,2.48,5.14,33052.0,692626663.0,本地最近行情CSV
2026-07-06,2026-07-06T11:24:33+08:00,301183,东田微,212.11,-6.25,-14.13,29503.0,637788169.94,本地最近行情CSV
2026-07-06,2026-07-06T11:24:33+08:00,002281,光迅科技,211.51,-2.68,-5.82,252048.0,5341860756.38,本地最近行情CSV
2026-07-06,2026-07-06T11:24:33+08:00,688515,裕太微-U,209.63,-2.94,-6.35,23672.0,499967175.0,本地最近行情CSV
2026-07-06,2026-07-06T11:24:33+08:00,688111,金山办公,209.61,-0.82,-1.74,39166.0,823214272.0,本地最近行情CSV
2026-07-06,2026-07-06T11:24:33+08:00,688123,聚辰股份,206.93,1.44,2.93,106802.0,2234642313.0,本地最近行情CSV
2026-07-06,2026-07-06T11:24:33+08:00,688629,华丰科技,202.99,12.77,22.99,219164.0,4230786785.0,本地最近行情CSV
2026-07-06,2026-07-06T11:24:33+08:00,603083,剑桥科技,199.99,-4.48,-9.38,140533.0,2847051792.0,本地最近行情CSV
2026-07-06,2026-07-06T11:24:33+08:00,688359,三孚新科,198.12,0.33,0.66,47136.0,952594777.0,本地最近行情CSV
2026-07-06,2026-07-06T11:24:33+08:00,688610,埃科光电,196.95,-3.36,-6.85,12176.0,241439930.0,本地最近行情CSV
2026-07-06,2026-07-06T11:24:33+08:00,688652,京仪装备,195.99,1.29,2.5,71405.0,1400628501.0,本地最近行情CSV
2026-07-06,2026-07-06T11:24:33+08:00,688300,联瑞新材,195.34,-6.53,-13.65,89087.0,1775296313.0,本地最近行情CSV
2026-07-06,2026-07-06T11:24:33+08:00,688617,惠泰医疗,194.32,-0.17,-0.34,11210.0,220974635.0,本地最近行情CSV
2026-07-06,2026-07-06T11:24:33+08:00,300972,万辰集团,192.31,2.36,4.43,13468.0,254306020.0,本地最近行情CSV
2026-07-06,2026-07-06T11:24:33+08:00,001389,广合科技,192.0,-5.42,-11.0,64908.0,1271956469.15,本地最近行情CSV
2026-07-06,2026-07-06T11:24:33+08:00,301086,鸿富瀚,191.51,1.54,2.91,24170.0,471548137.46,本地最近行情CSV
2026-07-06,2026-07-06T11:24:33+08:00,688059,华锐精密,190.52,-5.35,-10.76,33240.0,649122908.0,本地最近行情CSV
2026-07-06,2026-07-06T11:24:33+08:00,688820,盛合晶微,187.45,8.56,14.78,195950.0,3693979480.0,本地最近行情CSV
2026-07-06,2026-07-06T11:24:33+08:00,002409,雅克科技,187.0,-6.27,-12.5,305401.0,5815833741.22,本地最近行情CSV
2026-07-06,2026-07-06T11:24:33+08:00,603186,华正新材,186.73,-6.63,-13.26,102698.0,1967232217.0,本地最近行情CSV
2026-07-06,2026-07-06T11:24:33+08:00,301486,致尚科技,186.63,0.41,0.76,46294.0,895141112.85,本地最近行情CSV
2026-07-06,2026-07-06T11:24:33+08:00,688368,晶丰明源,182.48,-2.93,-5.51,22417.0,407748898.0,本地最近行情CSV
2026-07-06,2026-07-06T11:24:33+08:00,301489,思泉新材,180.02,8.29,13.78,85617.0,1533529212.4,本地最近行情CSV
2026-07-06,2026-07-06T11:24:33+08:00,688233,神工股份,180.01,-4.4,-8.28,85472.0,1574608478.0,本地最近行情CSV
2026-07-06,2026-07-06T11:24:33+08:00,301232,飞沃科技,179.61,-1.31,-2.39,69747.0,1274216302.67,本地最近行情CSV
2026-07-06,2026-07-06T11:24:33+08:00,300835,龙磁科技,178.89,-6.09,-11.61,39558.0,722271958.8,本地最近行情CSV
2026-07-06,2026-07-06T11:24:33+08:00,688110,东芯股份,178.02,-0.44,-0.78,135032.0,2391873282.0,本地最近行情CSV
2026-07-06,2026-07-06T11:24:33+08:00,603893,瑞芯微,177.51,-1.4,-2.52,92714.0,1629501505.0,本地最近行情CSV
2026-07-06,2026-07-06T11:24:33+08:00,002028,思源电气,176.8,5.46,9.15,101097.0,1791435358.25,本地最近行情CSV
2026-07-06,2026-07-06T11:24:33+08:00,688372,伟测科技,175.88,8.37,13.58,112002.0,1890526286.0,本地最近行情CSV
2026-07-06,2026-07-06T11:24:33+08:00,688531,日联科技,173.8,-3.44,-6.2,69847.0,1245881408.0,本地最近行情CSV
2026-07-06,2026-07-06T11:24:33+08:00,688813,泰金新能,173.01,-8.18,-15.41,31041.0,559589269.0,本地最近行情CSV
2026-07-06,2026-07-06T11:24:33+08:00,688205,德科立,172.0,-3.43,-6.1,46600.0,811958551.0,本地最近行情CSV
2026-07-06,2026-07-06T11:24:33+08:00,002353,杰瑞股份,171.8,6.4,10.34,163196.0,2804704007.33,本地最近行情CSV
2026-07-06,2026-07-06T11:24:33+08:00,300776,帝尔激光,171.62,-6.01,-10.98,88646.0,1544685831.59,本地最近行情CSV
2026-07-06,2026-07-06T11:24:33+08:00,002821,凯莱英,171.56,3.47,5.76,169714.0,2840308911.82,本地最近行情CSV
2026-07-06,2026-07-06T11:24:33+08:00,603629,利通电子,170.55,2.36,3.94,127810.0,2166105373.0,本地最近行情CSV
2026-07-06,2026-07-06T11:24:33+08:00,300814,中富电路,170.02,-2.09,-3.63,50738.0,863800193.53,本地最近行情CSV
2026-07-06,2026-07-06T11:24:33+08:00,688125,安达智能,166.2,-3.07,-5.27,6617.0,111376713.0,本地最近行情CSV
2026-07-06,2026-07-06T11:24:33+08:00,688585,上纬新材,165.92,-4.37,-7.58,48308.0,820449313.0,本地最近行情CSV
2026-07-06,2026-07-06T11:24:33+08:00,001270,铖昌科技,165.6,1.4,2.28,174921.0,3034757429.33,本地最近行情CSV
2026-07-06,2026-07-06T11:24:33+08:00,603124,江南新材,164.95,-4.45,-7.68,32594.0,550627717.0,本地最近行情CSV
2026-07-06,2026-07-06T11:24:33+08:00,688383,新益昌,164.4,-3.11,-5.27,18798.0,307857253.0,本地最近行情CSV
2026-07-06,2026-07-06T11:24:33+08:00,688141,杰华特,163.51,4.81,7.51,124388.0,2008031601.0,本地最近行情CSV
2026-07-06,2026-07-06T11:24:33+08:00,603268,松发股份,163.35,10.0,14.85,105763.0,1698958024.0,本地最近行情CSV
2026-07-06,2026-07-06T11:24:33+08:00,688195,腾景科技,159.58,-3.05,-5.02,47772.0,774765974.0,本地最近行情CSV
2026-07-06,2026-07-06T11:24:33+08:00,688535,华海诚科,159.56,-0.56,-0.9,83575.0,1336474234.0,本地最近行情CSV
2026-07-06,2026-07-06T11:24:33+08:00,301306,西测测试,157.89,-8.47,-14.62,29829.0,488528550.41,本地最近行情CSV
2026-07-06,2026-07-06T11:24:33+08:00,688308,欧科亿,157.84,-8.23,-14.16,98724.0,1594317676.0,本地最近行情CSV
2026-07-06,2026-07-06T11:24:33+08:00,301603,乔锋智能,157.8,-1.37,-2.19,51184.0,794937090.75,本地最近行情CSV
2026-07-06,2026-07-06T11:24:33+08:00,688686,奥普特,157.67,-6.81,-11.52,21633.0,345299018.0,本地最近行情CSV
2026-07-06,2026-07-06T11:24:33+08:00,688603,天承科技,156.22,-4.63,-7.58,38877.0,614638374.0,本地最近行情CSV
2026-07-06,2026-07-06T11:24:33+08:00,600183,生益科技,155.16,-3.5,-5.62,415820.0,6540500090.0,本地最近行情CSV
2026-07-06,2026-07-06T11:24:33+08:00,301563,云汉芯城,154.97,-1.87,-2.95,14402.0,227567686.47,本地最近行情CSV
2026-07-06,2026-07-06T11:24:33+08:00,301682,宏明电子,154.7,-1.79,-2.82,17122.0,267728256.84,本地最近行情CSV
2026-07-06,2026-07-06T11:24:33+08:00,300843,胜蓝股份,153.36,1.25,1.9,43741.0,650654654.0,本地最近行情CSV
2026-07-06,2026-07-06T11:24:33+08:00,600563,法拉电子,153.29,-2.4,-3.77,64402.0,1003483260.0,本地最近行情CSV
2026-07-06,2026-07-06T11:24:33+08:00,301128,强瑞技术,153.29,0.97,1.48,39359.0,607302892.84,本地最近行情CSV
2026-07-06,2026-07-06T11:24:33+08:00,301362,民爆光电,153.17,-9.43,-15.95,43035.0,675297130.36,本地最近行情CSV
2026-07-06,2026-07-06T11:24:33+08:00,301590,优优绿能,152.32,2.23,3.32,8206.0,128202298.15,本地最近行情CSV
2026-07-06,2026-07-06T11:24:33+08:00,002851,麦格米特,152.0,2.97,4.38,211005.0,3245840510.51,本地最近行情CSV
2026-07-06,2026-07-06T11:24:33+08:00,688661,和林微纳,151.52,-13.1,-22.85,57309.0,911788747.0,本地最近行情CSV
2026-07-06,2026-07-06T11:24:33+08:00,300868,杰美特,151.08,2.16,3.19,25597.0,378778221.5,本地最近行情CSV
2026-07-06,2026-07-06T11:24:33+08:00,003031,中瓷电子,150.52,-4.12,-6.46,56300.0,850968927.0,本地最近行情CSV
2026-07-06,2026-07-06T11:24:33+08:00,688002,睿创微纳,150.23,-1.08,-1.64,67455.0,1010749918.0,本地最近行情CSV
2026-07-06,2026-07-06T11:24:33+08:00,688331,荣昌生物,149.0,0.4,0.6,124744.0,1901529217.0,本地最近行情CSV
2026-07-06,2026-07-06T11:24:33+08:00,000988,华工科技,148.9,-3.28,-5.05,357178.0,5372310598.33,本地最近行情CSV
2026-07-06,2026-07-06T11:24:33+08:00,688266,泽璟制药-U,148.68,3.97,5.68,94917.0,1391704794.0,本地最近行情CSV
2026-07-06,2026-07-06T11:24:33+08:00,688313,仕佳光子,147.56,-6.94,-11.01,189516.0,2817201563.0,本地最近行情CSV
2026-07-06,2026-07-06T11:24:33+08:00,301217,铜冠铜箔,147.05,-4.9,-7.58,304139.0,4713815809.62,本地最近行情CSV
2026-07-06,2026-07-06T11:24:33+08:00,603991,领先股份,146.88,-3.16,-4.79,48577.0,729996148.0,本地最近行情CSV
2026-07-06,2026-07-06T11:24:33+08:00,688143,长盈通,146.77,-10.13,-16.55,58276.0,882780161.0,本地最近行情CSV
2026-07-06,2026-07-06T11:24:33+08:00,301611,珂玛科技,146.72,-2.19,-3.28,87291.0,1274015364.75,本地最近行情CSV
2026-07-06,2026-07-06T11:24:33+08:00,300953,震裕科技,146.41,-2.33,-3.49,86721.0,1273252430.59,本地最近行情CSV
2026-07-06,2026-07-06T11:24:33+08:00,301589,诺瓦星云,144.39,-1.44,-2.11,4904.0,71403571.0,本地最近行情CSV
2026-07-06,2026-07-06T11:24:33+08:00,688234,天岳先进,142.99,-1.79,-2.61,87961.0,1263689957.0,本地最近行情CSV
2026-07-06,2026-07-06T11:24:33+08:00,300408,三环集团,142.36,-1.75,-2.53,525588.0,7729130800.04,本地最近行情CSV
2026-07-06,2026-07-06T11:24:33+08:00,300959,线上线下,142.3,-2.11,-3.06,23327.0,330867639.8,本地最近行情CSV
2026-07-06,2026-07-06T11:24:33+08:00,688028,沃尔德,141.51,0.01,0.01,55125.0,785930069.0,本地最近行情CSV
2026-07-06,2026-07-06T11:24:33+08:00,688981,中芯国际,141.5,0.85,1.19,536681.0,7509995022.0,本地最近行情CSV
2026-07-06,2026-07-06T11:24:33+08:00,300760,迈瑞医疗,141.12,0.79,1.1,85018.0,1197939289.03,本地最近行情CSV
2026-07-06,2026-07-06T11:24:33+08:00,301338,凯格精机,141.05,-10.16,-15.95,51872.0,762585973.51,本地最近行情CSV
2026-07-06,2026-07-06T11:24:33+08:00,301319,唯特偶,141.0,-10.42,-16.4,118358.0,1744420246.15,本地最近行情CSV
2026-07-06,2026-07-06T11:24:33+08:00,688047,龙芯中科,139.13,2.28,3.1,60507.0,831711950.0,本地最近行情CSV
2026-07-06,2026-07-06T11:24:33+08:00,688068,热景生物,138.7,12.79,15.73,68183.0,915884417.0,本地最近行情CSV
2026-07-06,2026-07-06T11:24:33+08:00,688147,微导纳米,138.04,7.0,9.03,98674.0,1332854013.0,本地最近行情CSV
2026-07-06,2026-07-06T11:24:33+08:00,688322,奥比中光-W,135.67,-7.91,-11.66,237794.0,3287925276.0,本地最近行情CSV
2026-07-06,2026-07-06T11:24:33+08:00,688332,中科蓝讯,135.66,-7.78,-11.45,42717.0,591468476.0,本地最近行情CSV
2026-07-06,2026-07-06T11:24:33+08:00,301373,凌玮科技,135.35,-2.56,-3.55,33948.0,467299706.36,本地最近行情CSV
2026-07-06,2026-07-06T11:24:33+08:00,301683,慧谷新材,134.9,-2.3,-3.17,9329.0,127907381.8,本地最近行情CSV
2026-07-06,2026-07-06T11:24:33+08:00,301511,德福科技,134.75,-11.99,-18.35,299418.0,4209893676.07,本地最近行情CSV
2026-07-06,2026-07-06T11:24:33+08:00,688775,影石创新,134.46,-1.08,-1.47,13750.0,184855284.0,本地最近行情CSV
2026-07-06,2026-07-06T11:24:33+08:00,002008,大族激光,133.29,2.82,3.65,384031.0,5160891799.6,本地最近行情CSV
2026-07-06,2026-07-06T11:24:33+08:00,688160,步科股份,133.17,-2.8,-3.83,38525.0,510826532.0,本地最近行情CSV
2026-07-06,2026-07-06T11:24:33+08:00,300661,圣邦股份,132.76,-4.9,-6.84,133341.0,1779172928.96,本地最近行情CSV
2026-07-06,2026-07-06T11:24:33+08:00,605289,罗曼股份,131.78,-2.86,-3.88,31192.0,413765276.0,本地最近行情CSV
2026-07-06,2026-07-06T11:24:33+08:00,688578,艾力斯,131.61,0.56,0.73,142409.0,1881127165.0,本地最近行情CSV
2026-07-06,2026-07-06T11:24:33+08:00,301592,六九一二,131.09,0.31,0.41,14540.0,193601949.56,本地最近行情CSV
2026-07-06,2026-07-06T11:24:33+08:00,300373,扬杰科技,130.27,0.63,0.81,164343.0,2136089626.79,本地最近行情CSV
2026-07-06,2026-07-06T11:24:33+08:00,301696,三瑞智能,129.71,-7.61,-10.69,60138.0,781186218.15,本地最近行情CSV
2026-07-06,2026-07-06T11:24:33+08:00,301529,福赛科技,129.42,4.12,5.12,57683.0,736482644.02,本地最近行情CSV
2026-07-06,2026-07-06T11:24:33+08:00,301018,申菱环境,129.3,9.78,11.52,180711.0,2289524411.42,本地最近行情CSV
2026-07-06,2026-07-06T11:24:33+08:00,605499,东鹏饮料,128.61,1.79,2.26,43579.0,557288113.0,本地最近行情CSV
2026-07-06,2026-07-06T11:24:33+08:00,301326,捷邦科技,128.41,-0.49,-0.63,8268.0,107040484.0,本地最近行情CSV
2026-07-06,2026-07-06T11:24:33+08:00,300274,阳光电源,128.22,1.63,2.06,362385.0,4717481691.85,本地最近行情CSV
2026-07-06,2026-07-06T11:24:33+08:00,002463,沪电股份,128.13,-5.33,-7.22,548740.0,7097733762.5,本地最近行情CSV
2026-07-06,2026-07-06T11:24:33+08:00,688416,恒烁股份,127.5,-1.46,-1.89,48418.0,620997741.0,本地最近行情CSV
2026-07-06,2026-07-06T11:24:33+08:00,603290,斯达半导,126.58,-2.14,-2.77,86756.0,1100037915.0,本地最近行情CSV
2026-07-06,2026-07-06T11:24:33+08:00,301488,豪恩汽电,126.34,-8.12,-11.16,19619.0,254376155.12,本地最近行情CSV
2026-07-06,2026-07-06T11:24:33+08:00,688662,富信科技,125.3,-6.84,-9.2,71656.0,924329313.0,本地最近行情CSV
2026-07-06,2026-07-06T11:24:33+08:00,603259,药明康德,125.08,0.77,0.96,661854.0,8313903097.0,本地最近行情CSV
2026-07-06,2026-07-06T11:24:33+08:00,603773,沃格光电,124.25,-9.37,-12.85,187009.0,2404409540.0,本地最近行情CSV
2026-07-06,2026-07-06T11:24:33+08:00,301191,菲菱科思,124.18,10.37,11.67,76133.0,892568748.06,本地最近行情CSV
2026-07-06,2026-07-06T11:24:33+08:00,688790,昂瑞微-UW,123.96,-1.18,-1.48,4893.0,60253944.0,本地最近行情CSV
2026-07-06,2026-07-06T11:24:33+08:00,688456,有研粉材,122.87,-2.06,-2.59,63728.0,788362087.0,本地最近行情CSV
2026-07-06,2026-07-06T11:24:33+08:00,688787,海天瑞声,122.42,-3.61,-4.58,20956.0,261313054.0,本地最近行情CSV
2026-07-06,2026-07-06T11:24:33+08:00,688667,菱电电控,122.3,-3.81,-4.84,8879.0,109883123.0,本地最近行情CSV
2026-07-06,2026-07-06T11:24:33+08:00,603297,永新光学,121.62,-4.32,-5.49,12073.0,149404392.0,本地最近行情CSV
2026-07-06,2026-07-06T11:24:33+08:00,002975,博杰股份,120.5,-1.55,-1.9,53599.0,651988992.02,本地最近行情CSV
2026-07-06,2026-07-06T11:24:33+08:00,301093,华兰股份,120.25,-0.85,-1.03,19416.0,232691721.6,本地最近行情CSV
2026-07-06,2026-07-06T11:24:33+08:00,603163,圣晖集成,119.56,-4.66,-5.84,19962.0,242330232.0,本地最近行情CSV
2026-07-06,2026-07-06T11:24:33+08:00,688183,生益电子,119.5,-2.76,-3.39,126089.0,1481992945.0,本地最近行情CSV
2026-07-06,2026-07-06T11:24:33+08:00,688325,赛微微电,119.36,-1.61,-1.95,11588.0,137336919.0,本地最近行情CSV
2026-07-06,2026-07-06T11:24:33+08:00,603516,淳中科技,118.5,-0.09,-0.11,35249.0,420443803.0,本地最近行情CSV
2026-07-06,2026-07-06T11:24:33+08:00,601100,恒立液压,118.45,-2.64,-3.21,103391.0,1234761141.0,本地最近行情CSV
2026-07-06,2026-07-06T11:24:33+08:00,688275,万润新能,118.15,-1.58,-1.9,18733.0,226414395.0,本地最近行情CSV
2026-07-06,2026-07-06T11:24:33+08:00,688258,卓易信息,116.86,-1.64,-1.95,19620.0,233309815.0,本地最近行情CSV
2026-07-06,2026-07-06T11:24:33+08:00,301536,星宸科技,116.78,-0.61,-0.72,48661.0,564659656.33,本地最近行情CSV
2026-07-06,2026-07-06T11:24:33+08:00,001400,江顺科技,115.58,-7.69,-9.63,47427.0,578340642.18,本地最近行情CSV
2026-07-06,2026-07-06T11:24:33+08:00,300969,恒帅股份,115.4,-1.37,-1.6,42271.0,489857824.76,本地最近行情CSV
2026-07-06,2026-07-06T11:24:33+08:00,688018,乐鑫科技,115.33,-3.98,-4.78,67927.0,783381945.0,本地最近行情CSV
2026-07-06,2026-07-06T11:24:33+08:00,301269,华大九天,114.96,11.86,12.19,202421.0,2295491702.67,本地最近行情CSV
2026-07-06,2026-07-06T11:24:33+08:00,301196,唯科科技,114.76,-1.21,-1.41,37230.0,433830723.16,本地最近行情CSV
2026-07-06,2026-07-06T11:24:33+08:00,688796,百奥赛图,114.58,3.08,3.42,28618.0,328763366.0,本地最近行情CSV
2026-07-06,2026-07-06T11:24:33+08:00,688503,聚和材料,114.57,-0.42,-0.48,135460.0,1537332631.0,本地最近行情CSV
2026-07-06,2026-07-06T11:24:33+08:00,600436,片仔癀,114.5,0.26,0.3,35330.0,404321491.0,本地最近行情CSV
2026-07-06,2026-07-06T11:24:33+08:00,002980,华盛昌,113.51,7.36,7.78,139001.0,1582956368.8,本地最近行情CSV
2026-07-06,2026-07-06T11:24:33+08:00,300503,昊志机电,112.5,1.35,1.5,353272.0,3948919549.26,本地最近行情CSV
2026-07-06,2026-07-06T11:24:33+08:00,688220,翱捷科技-U,112.33,0.44,0.49,82967.0,914423249.0,本地最近行情CSV
2026-07-06,2026-07-06T11:24:33+08:00,605178,时空科技,112.11,-6.62,-7.95,48924.0,567240388.0,本地最近行情CSV
2026-07-06,2026-07-06T11:24:33+08:00,688353,华盛锂电,111.8,-1.08,-1.22,37365.0,424645469.0,本地最近行情CSV
2026-07-06,2026-07-06T11:24:33+08:00,600809,山西汾酒,111.61,2.16,2.36,82263.0,916568935.0,本地最近行情CSV
2026-07-06,2026-07-06T11:24:33+08:00,001359,平安电工,111.29,-4.95,-5.79,28182.0,319887326.69,本地最近行情CSV
2026-07-06,2026-07-06T11:24:33+08:00,301095,广立微,111.26,3.61,3.88,92541.0,1012737798.49,本地最近行情CSV
2026-07-06,2026-07-06T11:24:33+08:00,300436,广生堂,110.96,3.59,3.85,122401.0,1352142819.05,本地最近行情CSV
2026-07-06,2026-07-06T11:24:33+08:00,688301,奕瑞科技,110.8,-7.07,-8.43,114410.0,1286603228.0,本地最近行情CSV
2026-07-06,2026-07-06T11:24:33+08:00,688608,恒玄科技,110.5,-3.04,-3.47,36771.0,406243818.0,本地最近行情CSV
2026-07-06,2026-07-06T11:24:33+08:00,301031,中熔电气,110.31,-0.51,-0.57,21408.0,237122014.35,本地最近行情CSV
2026-07-06,2026-07-06T11:24:33+08:00,301005,超捷股份,110.12,-7.18,-8.52,104011.0,1199256976.81,本地最近行情CSV
2026-07-06,2026-07-06T11:24:33+08:00,300236,上海新阳,110.03,0.22,0.24,98541.0,1096935289.84,本地最近行情CSV
2026-07-06,2026-07-06T11:24:33+08:00,688545,兴福电子,109.99,-2.5,-2.82,118004.0,1290470435.0,本地最近行情CSV
2026-07-06,2026-07-06T11:24:33+08:00,300395,菲利华,109.26,-4.17,-4.76,201672.0,2246726702.19,本地最近行情CSV
2026-07-06,2026-07-06T11:24:33+08:00,002718,友邦吊顶,108.77,-2.0,-2.22,11177.0,124693543.0,本地最近行情CSV
2026-07-06,2026-07-06T11:24:33+08:00,301680,固德电材,107.26,-2.56,-2.82,5291.0,57208176.41,本地最近行情CSV
2026-07-06,2026-07-06T11:24:33+08:00,688615,合合信息,106.36,-2.87,-3.14,23469.0,253360905.0,本地最近行情CSV
2026-07-06,2026-07-06T11:24:33+08:00,300990,同飞股份,106.1,5.99,6.0,48053.0,509492890.28,本地最近行情CSV
2026-07-06,2026-07-06T11:24:33+08:00,300866,安克创新,106.05,-1.66,-1.79,21633.0,229585636.56,本地最近行情CSV
2026-07-06,2026-07-06T11:24:33+08:00,688003,天准科技,106.04,-4.38,-4.86,48063.0,514741471.0,本地最近行情CSV
2026-07-06,2026-07-06T11:24:33+08:00,002428,云南锗业,105.94,0.83,0.87,396601.0,4212390854.76,本地最近行情CSV
2026-07-06,2026-07-06T11:24:33+08:00,688271,联影医疗,105.81,0.84,0.88,48616.0,510624564.0,本地最近行情CSV
2026-07-06,2026-07-06T11:24:33+08:00,688656,浩欧博,105.61,1.99,2.06,6222.0,64452169.0,本地最近行情CSV
2026-07-06,2026-07-06T11:24:33+08:00,603115,海星股份,105.25,-1.64,-1.75,40059.0,423959430.0,本地最近行情CSV
2026-07-06,2026-07-06T11:24:33+08:00,300720,海川智能,104.84,-3.02,-3.27,73007.0,775214262.0,本地最近行情CSV
2026-07-06,2026-07-06T11:24:33+08:00,688188,柏楚电子,104.01,-4.31,-4.68,30827.0,323612604.0,本地最近行情CSV
2026-07-06,2026-07-06T11:24:33+08:00,300936,中英科技,103.08,1.13,1.15,21672.0,224601834.4,本地最近行情CSV
2026-07-06,2026-07-06T11:24:33+08:00,301165,锐捷网络,102.75,8.28,7.86,296378.0,2909686157.59,本地最近行情CSV
2026-07-06,2026-07-06T11:24:33+08:00,688333,铂力特,102.52,-8.55,-9.58,116522.0,1248638168.0,本地最近行情CSV
2026-07-06,2026-07-06T11:24:33+08:00,300671,富满微,102.38,8.51,8.03,214156.0,2116861961.8,本地最近行情CSV
2026-07-06,2026-07-06T11:24:33+08:00,601799,星宇股份,102.36,2.04,2.05,28835.0,294903480.0,本地最近行情CSV
2026-07-06,2026-07-06T11:24:33+08:00,688622,*ST禾信,102.3,-20.0,-25.58,13357.0,145875595.0,本地最近行情CSV
2026-07-06,2026-07-06T11:24:33+08:00,301421,波长光电,102.04,-4.22,-4.5,44749.0,461674455.46,本地最近行情CSV
2026-07-06,2026-07-06T11:24:33+08:00,301123,奕东电子,102.04,0.97,0.98,71463.0,737969923.62,本地最近行情CSV
2026-07-06,2026-07-06T11:24:33+08:00,688777,中控技术,102.01,-2.1,-2.19,125098.0,1267768562.0,本地最近行情CSV
2026-07-06,2026-07-06T11:24:33+08:00,688213,思特威-W,101.89,-3.39,-3.57,108209.0,1105510865.0,本地最近行情CSV
2026-07-06,2026-07-06T11:24:33+08:00,688031,星环科技-U,101.71,-4.52,-4.82,36186.0,373661606.0,本地最近行情CSV
2026-07-06,2026-07-06T11:24:33+08:00,301550,斯菱智驱,101.33,-7.11,-7.76,106726.0,1119236248.32,本地最近行情CSV
2026-07-06,2026-07-06T11:24:33+08:00,301021,英诺激光,100.76,-2.56,-2.65,43228.0,449051263.75,本地最近行情CSV
2026-07-06,2026-07-06T11:24:33+08:00,301312,智立方,100.6,-3.67,-3.83,22056.0,225004448.17,本地最近行情CSV
2026-07-06,2026-07-06T11:24:33+08:00,688375,国博电子,100.48,-6.39,-6.86,74512.0,782947690.0,本地最近行情CSV
2026-07-06,2026-07-06T11:24:33+08:00,301182,凯旺科技,100.02,-5.64,-5.98,35535.0,367658715.93,本地最近行情CSV
2026-07-06,2026-07-06T11:24:33+08:00,301285,鸿日达,99.91,-5.75,-6.1,27138.0,276295128.78,本地最近行情CSV
2026-07-06,2026-07-06T11:24:33+08:00,605123,派克新材,99.58,-2.75,-2.82,25001.0,254247100.0,本地最近行情CSV
2026-07-06,2026-07-06T11:24:33+08:00,002484,江海股份,99.09,1.15,1.13,277537.0,2789219653.12,本地最近行情CSV
2026-07-06,2026-07-06T11:24:33+08:00,688257,新锐股份,98.63,-10.7,-11.82,192607.0,1963528134.0,本地最近行情CSV
2026-07-06,2026-07-06T11:24:33+08:00,605117,德业股份,98.43,2.06,1.99,77181.0,756800723.0,本地最近行情CSV
2026-07-06,2026-07-06T11:24:33+08:00,603501,豪威集团,98.41,-3.8,-3.89,240361.0,2386813600.0,本地最近行情CSV
2026-07-06,2026-07-06T11:24:33+08:00,605318,法狮龙,98.35,-5.43,-5.65,13309.0,133829210.0,本地最近行情CSV
2026-07-06,2026-07-06T11:24:33+08:00,688691,灿芯股份,98.01,-1.56,-1.55,49241.0,477588712.0,本地最近行情CSV
2026-07-06,2026-07-06T11:24:33+08:00,688605,先锋精科,97.89,-2.11,-2.11,78712.0,764454125.0,本地最近行情CSV
2026-07-06,2026-07-06T11:24:33+08:00,688227,品高股份,97.84,-2.29,-2.29,34022.0,331748905.0,本地最近行情CSV
2026-07-06,2026-07-06T11:24:33+08:00,003021,兆威机电,97.69,-3.09,-3.11,79298.0,787118894.18,本地最近行情CSV
2026-07-06,2026-07-06T11:24:33+08:00,605389,长龄液压,97.5,-2.03,-2.02,19413.0,195362042.0,本地最近行情CSV
2026-07-06,2026-07-06T11:24:33+08:00,688260,昀冢科技,97.4,-2.1,-2.09,31887.0,320494014.0,本地最近行情CSV
2026-07-06,2026-07-06T11:24:33+08:00,600259,中稀有色,97.3,-4.85,-4.96,136371.0,1389663238.0,本地最近行情CSV
2026-07-06,2026-07-06T11:24:33+08:00,301225,恒勃股份,97.24,1.03,0.99,29551.0,289984051.54,本地最近行情CSV
2026-07-06,2026-07-06T11:24:33+08:00,688169,石头科技,97.23,-2.38,-2.37,45025.0,440387349.0,本地最近行情CSV
2026-07-06,2026-07-06T11:24:33+08:00,301568,思泰克,96.69,-4.66,-4.73,24108.0,236730309.0,本地最近行情CSV
2026-07-06,2026-07-06T11:24:33+08:00,002636,金安国纪,96.61,-9.67,-10.34,481336.0,5076509722.57,本地最近行情CSV
2026-07-06,2026-07-06T11:24:33+08:00,688669,聚石化学,96.42,-14.06,-15.78,50598.0,508866996.0,本地最近行情CSV
2026-07-06,2026-07-06T11:24:33+08:00,300782,卓胜微,96.27,-2.15,-2.12,117967.0,1131184622.28,本地最近行情CSV
2026-07-06,2026-07-06T11:24:33+08:00,300136,信维通信,95.9,-6.53,-6.7,447354.0,4407820368.5,本地最近行情CSV
2026-07-06,2026-07-06T11:24:33+08:00,688376,美埃科技,95.75,-2.5,-2.46,28143.0,270392856.0,本地最近行情CSV
2026-07-06,2026-07-06T11:24:33+08:00,603459,红板科技,95.32,-2.64,-2.58,114379.0,1130951376.0,本地最近行情CSV
2026-07-06,2026-07-06T11:24:33+08:00,688035,德邦科技,95.21,8.06,7.1,69238.0,634244818.0,本地最近行情CSV
2026-07-06,2026-07-06T11:24:33+08:00,001339,智微智能,94.84,-2.73,-2.66,57682.0,555154902.12,本地最近行情CSV
2026-07-06,2026-07-06T11:24:33+08:00,688090,瑞松科技,94.5,-8.52,-8.8,65660.0,639338100.0,本地最近行情CSV
2026-07-06,2026-07-06T11:24:33+08:00,003043,华亚智能,94.45,-5.62,-5.62,58589.0,558752206.96,本地最近行情CSV
2026-07-06,2026-07-06T11:24:33+08:00,301628,强达电路,94.4,-4.31,-4.25,14270.0,136726670.78,本地最近行情CSV
2026-07-06,2026-07-06T11:24:33+08:00,002938,鹏鼎控股,94.3,-2.55,-2.47,246874.0,2345193452.78,本地最近行情CSV
2026-07-06,2026-07-06T11:24:33+08:00,688628,优利德,94.0,-0.1,-0.09,20257.0,192551142.0,本地最近行情CSV
2026-07-06,2026-07-06T11:24:33+08:00,002192,融捷股份,93.77,2.38,2.18,237372.0,2255294478.99,本地最近行情CSV
2026-07-06,2026-07-06T11:24:33+08:00,300903,科翔股份,93.7,-2.29,-2.2,126941.0,1217460491.64,本地最近行情CSV
2026-07-06,2026-07-06T11:24:33+08:00,688362,甬矽电子,93.67,4.08,3.67,285754.0,2589409461.0,本地最近行情CSV
2026-07-06,2026-07-06T11:24:33+08:00,600584,长电科技,93.6,2.99,2.72,1413412.0,13333672936.0,本地最近行情CSV
2026-07-06,2026-07-06T11:24:33+08:00,688131,皓元医药,93.52,1.66,1.53,69890.0,657294086.0,本地最近行情CSV
2026-07-06,2026-07-06T11:24:33+08:00,603019,中科曙光,93.34,0.71,0.66,453024.0,4235475530.0,本地最近行情CSV
2026-07-06,2026-07-06T11:24:33+08:00,688198,佰仁医疗,93.01,-0.03,-0.03,6429.0,60081844.0,本地最近行情CSV
2026-07-06,2026-07-06T11:24:33+08:00,688099,晶晨股份,92.98,-3.45,-3.32,102413.0,950052556.0,本地最近行情CSV
2026-07-06,2026-07-06T11:24:33+08:00,301045,天禄科技,92.86,-4.76,-4.64,47723.0,446908417.85,本地最近行情CSV
2026-07-06,2026-07-06T11:24:33+08:00,603306,华懋科技,92.74,-2.35,-2.23,68691.0,643447773.0,本地最近行情CSV
2026-07-06,2026-07-06T11:24:33+08:00,688016,心脉医疗,92.43,-1.36,-1.27,11276.0,105156336.0,本地最近行情CSV
2026-07-06,2026-07-06T11:24:33+08:00,688270,ST臻镭,92.28,-0.13,-0.12,141074.0,1338989222.0,本地最近行情CSV
2026-07-06,2026-07-06T11:24:33+08:00,300390,天华新能,92.21,-0.29,-0.27,359622.0,3336106105.68,本地最近行情CSV
2026-07-06,2026-07-06T11:24:33+08:00,002025,航天电器,92.07,10.0,8.37,263344.0,2293366591.99,本地最近行情CSV
2026-07-06,2026-07-06T11:24:33+08:00,300806,斯迪克,91.91,-3.16,-3.0,125427.0,1172019237.81,本地最近行情CSV
2026-07-06,2026-07-06T11:24:33+08:00,301548,崇德科技,91.32,0.98,0.89,15905.0,145243264.05,本地最近行情CSV
2026-07-06,2026-07-06T11:24:33+08:00,300896,爱美客,91.11,-0.57,-0.52,22149.0,202734296.76,本地最近行情CSV
2026-07-06,2026-07-06T11:24:33+08:00,603950,长源东谷,90.88,8.55,7.16,119669.0,1072124461.0,本地最近行情CSV
2026-07-06,2026-07-06T11:24:33+08:00,688677,海泰新光,90.68,-8.4,-8.32,42104.0,394794680.0,本地最近行情CSV
2026-07-06,2026-07-06T11:24:33+08:00,300454,深信服,90.44,-1.74,-1.6,45804.0,416148456.23,本地最近行情CSV
2026-07-06,2026-07-06T11:24:33+08:00,688693,锴威特,90.08,-2.1,-1.93,16206.0,148005050.0,本地最近行情CSV
2026-07-06,2026-07-06T11:24:33+08:00,688386,泛亚微透,90.08,-1.83,-1.68,21173.0,191644119.0,本地最近行情CSV
2026-07-06,2026-07-06T11:24:33+08:00,300054,鼎龙股份,90.08,0.22,0.2,282587.0,2532246421.96,本地最近行情CSV
2026-07-06,2026-07-06T11:24:33+08:00,605288,凯迪股份,89.5,-5.97,-5.68,17935.0,162179540.0,本地最近行情CSV
2026-07-06,2026-07-06T11:24:33+08:00,688390,固德威,89.44,-1.55,-1.41,55026.0,503918966.0,本地最近行情CSV
2026-07-06,2026-07-06T11:24:33+08:00,301070,开勒股份,89.14,2.74,2.38,36924.0,328729685.56,本地最近行情CSV
2026-07-06,2026-07-06T11:24:33+08:00,300285,国瓷材料,88.51,-2.45,-2.22,644100.0,5869435635.83,本地最近行情CSV
2026-07-06,2026-07-06T11:24:33+08:00,301557,常友科技,88.37,0.8,0.7,3930.0,34382006.12,本地最近行情CSV
2026-07-06,2026-07-06T11:24:33+08:00,603407,长裕集团,88.03,-10.0,-9.78,43277.0,405828307.0,本地最近行情CSV
2026-07-06,2026-07-06T11:24:33+08:00,002594,比亚迪,88.0,-0.53,-0.47,372748.0,3272904252.32,本地最近行情CSV
2026-07-06,2026-07-06T11:24:33+08:00,603301,振德医疗,87.89,2.19,1.88,9765.0,84516785.0,本地最近行情CSV
2026-07-06,2026-07-06T11:24:33+08:00,600941,中国移动,87.89,0.47,0.41,37396.0,327176988.0,本地最近行情CSV
2026-07-06,2026-07-06T11:24:33+08:00,002859,洁美科技,87.85,-5.81,-5.42,136839.0,1228426924.06,本地最近行情CSV
2026-07-06,2026-07-06T11:24:33+08:00,301662,宏工科技,87.8,-3.21,-2.91,12213.0,109324773.92,本地最近行情CSV
2026-07-06,2026-07-06T11:24:33+08:00,301099,雅创电子,87.56,0.52,0.45,64635.0,571367202.24,本地最近行情CSV
2026-07-06,2026-07-06T11:24:33+08:00,301071,力量钻石,86.69,3.07,2.58,182469.0,1597140951.23,本地最近行情CSV
2026-07-06,2026-07-06T11:24:33+08:00,603175,超颖电子,86.52,0.95,0.81,23509.0,201418976.0,本地最近行情CSV
2026-07-06,2026-07-06T11:24:33+08:00,002896,中大力德,86.48,1.0,0.86,232958.0,2001797412.8,本地最近行情CSV
2026-07-06,2026-07-06T11:24:33+08:00,300037,新宙邦,86.29,-3.0,-2.67,221507.0,1996370320.93,本地最近行情CSV
2026-07-06,2026-07-06T11:24:33+08:00,301307,美利信,86.13,6.08,4.94,97254.0,838590097.54,本地最近行情CSV
2026-07-06,2026-07-06T11:24:33+08:00,300260,新莱应材,86.13,-5.92,-5.42,156946.0,1364405650.73,本地最近行情CSV
2026-07-06,2026-07-06T11:24:33+08:00,688720,艾森股份,85.73,-2.45,-2.15,46950.0,410330654.0,本地最近行情CSV
2026-07-06,2026-07-06T11:24:33+08:00,301261,恒工精密,85.64,-5.03,-4.54,32368.0,280272931.68,本地最近行情CSV
2026-07-06,2026-07-06T11:24:33+08:00,603650,彤程新材,85.6,-3.91,-3.48,253223.0,2182955371.0,本地最近行情CSV
2026-07-06,2026-07-06T11:24:33+08:00,603026,石大胜华,85.59,-4.77,-4.29,70431.0,610682276.0,本地最近行情CSV
2026-07-06,2026-07-06T11:24:33+08:00,600487,亨通光电,85.48,-4.41,-3.94,1562176.0,13498269302.0,本地最近行情CSV
2026-07-06,2026-07-06T11:24:33+08:00,300803,指南针,85.33,-2.52,-2.21,113616.0,988165182.47,本地最近行情CSV
2026-07-06,2026-07-06T11:24:33+08:00,688190,云路股份,85.15,-2.13,-1.85,11551.0,99672925.0,本地最近行情CSV
2026-07-06,2026-07-06T11:24:33+08:00,002290,禾盛新材,85.14,-1.0,-0.86,57274.0,492393703.29,本地最近行情CSV
2026-07-06,2026-07-06T11:24:33+08:00,688261,东微半导,85.02,-1.15,-0.99,56537.0,489557853.0,本地最近行情CSV
2026-07-06,2026-07-06T11:24:33+08:00,002920,德赛西威,84.79,-1.95,-1.69,64124.0,545160810.04,本地最近行情CSV
2026-07-06,2026-07-06T11:24:33+08:00,688800,瑞可达,84.67,2.01,1.67,69657.0,590763487.0,本地最近行情CSV
2026-07-06,2026-07-06T11:24:33+08:00,688508,芯朋微,84.67,-1.55,-1.33,41123.0,349541031.0,本地最近行情CSV
2026-07-06,2026-07-06T11:24:33+08:00,688396,华润微,84.5,1.08,0.9,235141.0,1983813005.0,本地最近行情CSV
2026-07-06,2026-07-06T11:24:33+08:00,688112,鼎阳科技,84.47,-0.52,-0.44,49632.0,434208491.0,本地最近行情CSV
2026-07-06,2026-07-06T11:24:33+08:00,600118,中国卫星,84.35,-2.26,-1.95,389077.0,3348142004.0,本地最近行情CSV
2026-07-06,2026-07-06T11:24:33+08:00,688103,国力电子,84.23,15.37,11.22,60489.0,490355674.0,本地最近行情CSV
2026-07-06,2026-07-06T11:24:33+08:00,300811,铂科新材,84.14,-3.73,-3.26,133294.0,1152311998.6,本地最近行情CSV
2026-07-06,2026-07-06T11:24:33+08:00,688676,金盘科技,84.0,5.61,4.46,123960.0,1050638549.0,本地最近行情CSV
2026-07-06,2026-07-06T11:24:33+08:00,688401,路维光电,83.8,-1.95,-1.67,60670.0,512029787.0,本地最近行情CSV
2026-07-06,2026-07-06T11:24:33+08:00,003036,泰坦股份,83.75,-4.62,-4.06,40899.0,345930580.2,本地最近行情CSV
2026-07-06,2026-07-06T11:24:33+08:00,603800,洪田股份,83.69,8.89,6.83,143565.0,1193813062.0,本地最近行情CSV
2026-07-06,2026-07-06T11:24:33+08:00,603345,安井食品,83.69,3.07,2.49,42137.0,348059342.0,本地最近行情CSV
2026-07-06,2026-07-06T11:24:33+08:00,301600,慧翰股份,83.41,-3.75,-3.25,8352.0,70362837.86,本地最近行情CSV
2026-07-06,2026-07-06T11:24:33+08:00,688433,华曙高科,83.19,-2.01,-1.71,27346.0,230904832.0,本地最近行情CSV
2026-07-06,2026-07-06T11:24:33+08:00,688356,键凯科技,82.91,1.23,1.01,14373.0,120249448.0,本地最近行情CSV
2026-07-06,2026-07-06T11:24:33+08:00,688343,云天励飞-U,82.54,-0.19,-0.16,102517.0,833861933.0,本地最近行情CSV
2026-07-06,2026-07-06T11:24:33+08:00,002897,意华股份,82.28,5.89,4.58,140931.0,1123123095.25,本地最近行情CSV
2026-07-06,2026-07-06T11:24:33+08:00,603663,三祥新材,82.21,-4.17,-3.58,119110.0,1001679547.0,本地最近行情CSV
2026-07-06,2026-07-06T11:24:33+08:00,688480,赛恩斯,82.09,-5.15,-4.46,11189.0,94517742.0,本地最近行情CSV
2026-07-06,2026-07-06T11:24:33+08:00,300442,润泽科技,81.75,-4.32,-3.69,315281.0,2585969477.83,本地最近行情CSV
2026-07-06,2026-07-06T11:24:33+08:00,688032,禾迈股份,81.7,-1.55,-1.29,5026.0,41544793.0,本地最近行情CSV
2026-07-06,2026-07-06T11:24:33+08:00,605111,新洁能,81.59,1.02,0.82,171889.0,1395040025.0,本地最近行情CSV
2026-07-06,2026-07-06T11:24:33+08:00,688127,蓝特光学,81.42,-3.42,-2.88,64362.0,526377680.0,本地最近行情CSV
2026-07-06,2026-07-06T11:24:33+08:00,301357,北方长龙,81.33,-3.51,-2.96,13776.0,114010686.0,本地最近行情CSV
2026-07-06,2026-07-06T11:24:33+08:00,603257,中国瑞林,81.2,-3.33,-2.8,18364.0,149622268.0,本地最近行情CSV
2026-07-06,2026-07-06T11:24:33+08:00,000657,中钨高新,81.2,-9.17,-8.2,828973.0,7025487054.84,本地最近行情CSV
2026-07-06,2026-07-06T11:24:33+08:00,002049,紫光国微,80.89,-1.06,-0.87,295421.0,2368982293.15,本地最近行情CSV
2026-07-06,2026-07-06T11:24:33+08:00,688328,深科达,80.83,-1.91,-1.57,48535.0,394473268.0,本地最近行情CSV
2026-07-06,2026-07-06T11:24:33+08:00,688530,欧莱新材,80.81,-0.33,-0.27,74671.0,610318260.0,本地最近行情CSV
2026-07-06,2026-07-06T11:24:33+08:00,688663,新风光,80.76,-4.39,-3.71,27305.0,223614442.0,本地最近行情CSV
2026-07-06,2026-07-06T11:24:33+08:00,688583,思看科技,80.32,-3.23,-2.68,11972.0,97028811.0,本地最近行情CSV
2026-07-06,2026-07-06T11:24:33+08:00,300964,本川智能,80.0,-4.08,-3.4,48763.0,392790302.08,本地最近行情CSV
2026-07-06,2026-07-06T11:24:33+08:00,002779,中坚科技,79.98,-2.06,-1.68,24440.0,196177964.0,本地最近行情CSV
2026-07-06,2026-07-06T11:24:33+08:00,000596,古井贡酒,79.98,0.95,0.75,23219.0,186152102.64,本地最近行情CSV
2026-07-06,2026-07-06T11:24:33+08:00,002222,福晶科技,79.92,-2.89,-2.38,159074.0,1287161126.39,本地最近行情CSV
2026-07-06,2026-07-06T11:24:33+08:00,688286,敏芯股份,79.88,-4.56,-3.82,54613.0,437930497.0,本地最近行情CSV
2026-07-06,2026-07-06T11:24:33+08:00,000333,美的集团,79.6,2.1,1.64,309183.0,2452117433.24,本地最近行情CSV
2026-07-06,2026-07-06T11:24:33+08:00,603822,ST嘉澳,79.5,5.75,4.32,17088.0,133970688.0,本地最近行情CSV
2026-07-06,2026-07-06T11:24:33+08:00,603757,大元泵业,79.19,10.0,7.2,150580.0,1163662984.0,本地最近行情CSV
2026-07-06,2026-07-06T11:24:33+08:00,301631,壹连科技,79.18,4.78,3.61,23080.0,183124969.2,本地最近行情CSV
2026-07-06,2026-07-06T11:24:33+08:00,301387,光大同创,78.96,-4.49,-3.71,17401.0,139066360.6,本地最近行情CSV
2026-07-06,2026-07-06T11:24:33+08:00,688229,博睿数据,78.6,-2.66,-2.15,7541.0,59546261.0,本地最近行情CSV
2026-07-06,2026-07-06T11:24:33+08:00,688700,东威科技,78.35,0.97,0.75,84583.0,668841982.0,本地最近行情CSV
2026-07-06,2026-07-06T11:24:33+08:00,000568,泸州老窖,78.33,1.46,1.13,96872.0,757620132.25,本地最近行情CSV
2026-07-06,2026-07-06T11:24:33+08:00,301528,多浦乐,78.32,0.63,0.49,26125.0,210894957.04,本地最近行情CSV
2026-07-06,2026-07-06T11:24:33+08:00,688202,美迪西,78.12,-0.48,-0.38,67395.0,540048502.0,本地最近行情CSV
2026-07-06,2026-07-06T11:24:33+08:00,300346,南大光电,77.8,-2.97,-2.38,534867.0,4184599195.05,本地最近行情CSV
2026-07-06,2026-07-06T11:24:33+08:00,605255,天普股份,77.68,4.59,3.41,16540.0,127377063.0,本地最近行情CSV
2026-07-06,2026-07-06T11:24:33+08:00,301248,杰创智能,77.22,-0.46,-0.36,38475.0,303159692.49,本地最近行情CSV
2026-07-06,2026-07-06T11:24:33+08:00,300842,帝科股份,77.18,-5.66,-4.63,53746.0,427153822.71,本地最近行情CSV
2026-07-06,2026-07-06T11:24:33+08:00,002080,中材科技,77.07,-9.43,-8.02,382823.0,3052325921.6,本地最近行情CSV
2026-07-06,2026-07-06T11:24:33+08:00,688155,先惠技术,77.01,-0.56,-0.43,15233.0,118348970.0,本地最近行情CSV
2026-07-06,2026-07-06T11:24:33+08:00,603678,火炬电子,76.94,-9.99,-8.54,269115.0,2137701147.0,本地最近行情CSV
2026-07-06,2026-07-06T11:24:33+08:00,688646,ST逸飞,76.9,-1.64,-1.28,9086.0,70286429.0,本地最近行情CSV
2026-07-06,2026-07-06T11:24:33+08:00,688379,华光新材,76.84,-3.27,-2.6,26723.0,208157850.0,本地最近行情CSV
2026-07-06,2026-07-06T11:24:33+08:00,603713,密尔克卫,76.8,-3.07,-2.43,73339.0,569413364.0,本地最近行情CSV
2026-07-06,2026-07-06T11:24:33+08:00,688115,思林杰,76.79,1.31,0.99,12938.0,98782393.0,本地最近行情CSV
2026-07-06,2026-07-06T11:24:33+08:00,688689,银河微电,76.75,12.82,8.72,111175.0,826712929.0,本地最近行情CSV
2026-07-06,2026-07-06T11:24:33+08:00,301413,安培龙,76.62,-7.69,-6.38,68550.0,538795057.8,本地最近行情CSV
2026-07-06,2026-07-06T11:24:33+08:00,688109,品茗科技,76.5,-4.4,-3.52,7593.0,59847568.0,本地最近行情CSV
2026-07-06,2026-07-06T11:24:33+08:00,300558,贝达药业,76.04,4.31,3.14,252751.0,1901205807.36,本地最近行情CSV
2026-07-06,2026-07-06T11:24:33+08:00,002931,锋龙股份,76.0,0.88,0.66,240814.0,1809463860.0,本地最近行情CSV
2026-07-06,2026-07-06T11:24:33+08:00,300763,锦浪科技,75.98,-0.34,-0.26,67568.0,523228499.3,本地最近行情CSV
2026-07-06,2026-07-06T11:24:33+08:00,301328,维峰电子,75.94,-7.74,-6.37,39111.0,303866511.71,本地最近行情CSV
2026-07-06,2026-07-06T11:24:33+08:00,300976,达瑞电子,75.81,-3.83,-3.02,39093.0,303920484.2,本地最近行情CSV
2026-07-06,2026-07-06T11:24:33+08:00,002837,英维克,75.6,5.84,4.17,495044.0,3705711840.23,本地最近行情CSV
2026-07-06,2026-07-06T11:24:33+08:00,688449,联芸科技,75.54,-5.96,-4.79,126215.0,965593474.0,本地最近行情CSV
2026-07-06,2026-07-06T11:24:33+08:00,301228,实朴检测,75.5,-4.65,-3.68,19503.0,149878812.84,本地最近行情CSV
2026-07-06,2026-07-06T11:24:33+08:00,688318,财富趋势,75.49,-3.37,-2.63,52951.0,407081285.0,本地最近行情CSV
2026-07-06,2026-07-06T11:24:33+08:00,002653,海思科,75.15,-1.73,-1.32,186652.0,1429702793.51,本地最近行情CSV
2026-07-06,2026-07-06T11:24:33+08:00,301323,新莱福,75.09,-3.31,-2.57,14291.0,109523381.38,本地最近行情CSV
2026-07-06,2026-07-06T11:24:33+08:00,688699,明微电子,75.0,0.01,0.01,37774.0,281042396.0,本地最近行情CSV
2026-07-06,2026-07-06T11:24:33+08:00,688228,开普云,75.0,-4.21,-3.3,8108.0,62078617.0,本地最近行情CSV
2026-07-06,2026-07-06T11:24:33+08:00,000408,藏格矿业,74.88,2.09,1.53,116384.0,883030115.3,本地最近行情CSV
2026-07-06,2026-07-06T11:24:33+08:00,603662,柯力传感,74.86,-6.43,-5.14,200325.0,1518686545.0,本地最近行情CSV
2026-07-06,2026-07-06T11:24:33+08:00,301237,和顺科技,74.65,-0.2,-0.15,29341.0,224895061.25,本地最近行情CSV
2026-07-06,2026-07-06T11:24:33+08:00,688029,南微医学,74.61,-0.72,-0.54,10660.0,80212698.0,本地最近行情CSV
2026-07-06,2026-07-06T11:24:33+08:00,300684,中石科技,74.41,20.0,12.4,414648.0,2977653536.65,本地最近行情CSV
2026-07-06,2026-07-06T11:24:33+08:00,688611,杭州柯林,74.33,-0.89,-0.67,11455.0,85858878.0,本地最近行情CSV
2026-07-06,2026-07-06T11:24:33+08:00,300438,鹏辉能源,74.17,-3.07,-2.35,142170.0,1066533633.81,本地最近行情CSV
2026-07-06,2026-07-06T11:24:33+08:00,301389,隆扬电子,74.06,-4.81,-3.74,60543.0,458641287.94,本地最近行情CSV
2026-07-06,2026-07-06T11:24:33+08:00,002979,雷赛智能,74.05,6.47,4.5,435057.0,3244956699.15,本地最近行情CSV
2026-07-06,2026-07-06T11:24:33+08:00,000858,五 粮 液,73.96,1.02,0.75,256299.0,1888215268.46,本地最近行情CSV
2026-07-06,2026-07-06T11:24:33+08:00,002947,恒铭达,73.85,0.87,0.64,54104.0,397527238.27,本地最近行情CSV
2026-07-06,2026-07-06T11:24:33+08:00,688717,艾罗能源,73.8,-0.18,-0.13,32162.0,242166529.0,本地最近行情CSV
2026-07-06,2026-07-06T11:24:33+08:00,688625,呈和科技,73.75,-3.28,-2.5,40111.0,300491088.0,本地最近行情CSV
2026-07-06,2026-07-06T11:24:33+08:00,300726,宏达电子,73.49,-5.62,-4.38,98404.0,741798237.5,本地最近行情CSV
2026-07-06,2026-07-06T11:24:33+08:00,688172,燕东微,73.35,3.9,2.75,156107.0,1106495955.0,本地最近行情CSV
2026-07-06,2026-07-06T11:24:33+08:00,301358,湖南裕能,73.3,-0.12,-0.09,123042.0,916625239.23,本地最近行情CSV
2026-07-06,2026-07-06T11:24:33+08:00,003004,声迅股份,73.16,0.48,0.35,15031.0,110910351.0,本地最近行情CSV
2026-07-06,2026-07-06T11:24:33+08:00,300553,集智股份,73.04,1.37,0.99,27216.0,201887760.73,本地最近行情CSV
2026-07-06,2026-07-06T11:24:33+08:00,688623,双元科技,72.78,-0.71,-0.52,6954.0,50091897.0,本地最近行情CSV
2026-07-06,2026-07-06T11:24:33+08:00,688230,芯导科技,72.76,1.76,1.26,13057.0,94053911.0,本地最近行情CSV
2026-07-06,2026-07-06T11:24:33+08:00,603379,三美股份,72.69,-3.25,-2.44,166676.0,1231423975.0,本地最近行情CSV
2026-07-06,2026-07-06T11:24:33+08:00,301292,海科新源,72.69,-3.21,-2.41,69809.0,518884923.14,本地最近行情CSV
2026-07-06,2026-07-06T11:24:33+08:00,688305,科德数控,72.49,-1.99,-1.47,48044.0,351542546.0,本地最近行情CSV
2026-07-06,2026-07-06T11:24:33+08:00,600378,昊华科技,72.39,-4.76,-3.62,564692.0,4245650793.0,本地最近行情CSV
2026-07-06,2026-07-06T11:24:33+08:00,688596,正帆科技,72.38,-6.5,-5.03,222442.0,1633728237.0,本地最近行情CSV
2026-07-06,2026-07-06T11:24:33+08:00,300718,长盛轴承,72.24,-6.46,-4.99,175389.0,1285320635.42,本地最近行情CSV
2026-07-06,2026-07-06T11:24:33+08:00,603052,可川科技,72.22,-4.08,-3.07,25808.0,188720623.0,本地最近行情CSV
2026-07-06,2026-07-06T11:24:33+08:00,300487,蓝晓科技,72.17,-3.23,-2.41,105443.0,773226517.3,本地最近行情CSV
2026-07-06,2026-07-06T11:24:33+08:00,301360,荣旗科技,71.84,-1.28,-0.93,23074.0,164179901.77,本地最近行情CSV
2026-07-06,2026-07-06T11:24:33+08:00,002990,盛视科技,71.81,1.35,0.96,62791.0,455463537.0,本地最近行情CSV
2026-07-06,2026-07-06T11:24:33+08:00,603667,五洲新春,71.71,-5.83,-4.44,302394.0,2174913983.0,本地最近行情CSV
2026-07-06,2026-07-06T11:24:33+08:00,300613,富瀚微,71.45,-1.24,-0.9,71154.0,504058036.97,本地最近行情CSV
2026-07-06,2026-07-06T11:24:33+08:00,688045,必易微,71.39,-2.87,-2.11,14381.0,103926695.0,本地最近行情CSV
2026-07-06,2026-07-06T11:24:33+08:00,600549,厦门钨业,71.23,-5.09,-3.82,664017.0,4858060054.0,本地最近行情CSV
2026-07-06,2026-07-06T11:24:33+08:00,603045,福达合金,71.19,-6.21,-4.71,83980.0,617591122.0,本地最近行情CSV
2026-07-06,2026-07-06T11:24:33+08:00,603119,浙江荣泰,71.15,-4.89,-3.66,164035.0,1187142030.0,本地最近行情CSV
2026-07-06,2026-07-06T11:24:33+08:00,002046,国机精工,71.13,-1.19,-0.86,125912.0,906467022.12,本地最近行情CSV
2026-07-06,2026-07-06T11:24:33+08:00,688170,德龙激光,71.05,-5.32,-3.99,38355.0,280305052.0,本地最近行情CSV
2026-07-06,2026-07-06T11:24:33+08:00,600309,万华化学,71.05,2.7,1.87,334753.0,2386201309.0,本地最近行情CSV
2026-07-06,2026-07-06T11:24:33+08:00,688818,电科蓝天,70.88,-9.94,-7.82,168776.0,1246410606.0,本地最近行情CSV
2026-07-06,2026-07-06T11:24:33+08:00,603040,新坐标,70.75,-1.34,-0.96,39807.0,287036842.0,本地最近行情CSV
2026-07-06,2026-07-06T11:24:33+08:00,688719,爱科赛博,70.71,0.3,0.21,33035.0,235835217.0,本地最近行情CSV
2026-07-06,2026-07-06T11:24:33+08:00,688168,安博通,70.48,-4.5,-3.32,42968.0,310195971.0,本地最近行情CSV
2026-07-06,2026-07-06T11:24:33+08:00,301047,义翘神州,70.33,0.92,0.64,17460.0,122969402.61,本地最近行情CSV
2026-07-06,2026-07-06T11:24:33+08:00,000661,长春高新,70.02,1.54,1.06,87591.0,613632712.55,本地最近行情CSV
2026-07-06,2026-07-06T11:24:33+08:00,688326,经纬恒润-W,69.81,-3.31,-2.39,11460.0,81166096.0,本地最近行情CSV
2026-07-06,2026-07-06T11:24:33+08:00,603150,万朗磁塑,69.78,0.04,0.03,10647.0,75106788.0,本地最近行情CSV
2026-07-06,2026-07-06T11:24:33+08:00,300836,佰奥智能,69.32,-2.64,-1.88,11185.0,78854761.2,本地最近行情CSV
2026-07-06,2026-07-06T11:24:33+08:00,688478,晶升股份,69.22,-3.86,-2.78,37401.0,262095969.0,本地最近行情CSV
2026-07-06,2026-07-06T11:24:33+08:00,300124,汇川技术,69.21,-4.07,-2.94,498613.0,3472793502.75,本地最近行情CSV
2026-07-06,2026-07-06T11:24:33+08:00,300820,英杰电气,69.13,-4.12,-2.97,42309.0,295119417.18,本地最近行情CSV
2026-07-06,2026-07-06T11:24:33+08:00,300706,阿石创,69.01,-4.64,-3.36,134452.0,941225835.5,本地最近行情CSV
2026-07-06,2026-07-06T11:24:33+08:00,301502,华阳智能,68.99,-2.0,-1.41,5793.0,40575316.0,本地最近行情CSV
2026-07-06,2026-07-06T11:24:33+08:00,688312,燕麦科技,68.86,-2.77,-1.96,34609.0,239985108.0,本地最近行情CSV
2026-07-06,2026-07-06T11:24:33+08:00,688798,艾为电子,68.85,-2.09,-1.47,33070.0,225161320.0,本地最近行情CSV
2026-07-06,2026-07-06T11:24:33+08:00,688309,恒誉环保,68.58,3.74,2.47,22968.0,159618314.0,本地最近行情CSV
2026-07-06,2026-07-06T11:24:33+08:00,301393,昊帆生物,68.58,2.77,1.85,36710.0,251334176.74,本地最近行情CSV
2026-07-06,2026-07-06T11:24:33+08:00,688001,华兴源创,68.56,-5.54,-4.02,65859.0,462886131.0,本地最近行情CSV
2026-07-06,2026-07-06T11:24:33+08:00,003018,金富科技,68.42,3.23,2.14,58518.0,406680983.95,本地最近行情CSV
2026-07-06,2026-07-06T11:24:33+08:00,300724,捷佳伟创,68.4,-3.81,-2.71,86603.0,604052530.32,本地最近行情CSV
2026-07-06,2026-07-06T11:24:33+08:00,300816,艾可蓝,68.25,-0.51,-0.35,12166.0,85466186.0,本地最近行情CSV
2026-07-06,2026-07-06T11:24:33+08:00,000962,东方钽业,68.0,-10.01,-7.56,280391.0,2017689273.04,本地最近行情CSV
2026-07-06,2026-07-06T11:24:33+08:00,301687,新广益,67.99,-6.99,-5.11,31763.0,221806959.48,本地最近行情CSV
2026-07-06,2026-07-06T11:24:33+08:00,688559,海目星,67.98,-3.04,-2.13,90719.0,627195455.0,本地最近行情CSV
2026-07-06,2026-07-06T11:24:33+08:00,301169,零点有数,67.67,-3.31,-2.32,8061.0,55034874.0,本地最近行情CSV
2026-07-06,2026-07-06T11:24:33+08:00,002993,奥海科技,67.67,2.81,1.85,62855.0,421537914.5,本地最近行情CSV
2026-07-06,2026-07-06T11:24:33+08:00,603296,华勤技术,67.64,-1.8,-1.24,109839.0,738521298.0,本地最近行情CSV
2026-07-06,2026-07-06T11:24:33+08:00,300695,兆丰股份,67.58,-0.85,-0.58,32534.0,223683660.15,本地最近行情CSV
2026-07-06,2026-07-06T11:24:33+08:00,603228,景旺电子,67.48,-6.24,-4.49,305725.0,2093840162.0,本地最近行情CSV
2026-07-06,2026-07-06T11:24:33+08:00,301577,美信科技,67.36,-6.44,-4.64,10282.0,70825630.0,本地最近行情CSV
2026-07-06,2026-07-06T11:24:33+08:00,301667,纳百川,67.27,-5.85,-4.18,18027.0,124272968.28,本地最近行情CSV
2026-07-06,2026-07-06T11:24:33+08:00,002971,和远气体,67.15,-6.14,-4.39,171483.0,1167094935.2,本地最近行情CSV
2026-07-06,2026-07-06T11:24:33+08:00,688385,XD复旦微,67.09,-2.29,-1.57,134925.0,906868052.0,本地最近行情CSV
2026-07-06,2026-07-06T11:24:33+08:00,603087,甘李药业,67.09,10.0,6.1,158334.0,1042307644.0,本地最近行情CSV
2026-07-06,2026-07-06T11:24:33+08:00,603283,赛腾股份,66.82,-1.81,-1.23,197994.0,1333868883.0,本地最近行情CSV
2026-07-06,2026-07-06T11:24:33+08:00,000977,浪潮信息,66.66,0.47,0.31,440661.0,2880639725.11,本地最近行情CSV
2026-07-06,2026-07-06T11:24:33+08:00,603688,石英股份,66.63,-3.78,-2.62,147203.0,999179693.0,本地最近行情CSV
2026-07-06,2026-07-06T11:24:33+08:00,300042,朗科科技,66.45,-1.34,-0.9,159509.0,1078871984.47,本地最近行情CSV
2026-07-06,2026-07-06T11:24:33+08:00,688307,中润光学,66.12,-8.91,-6.47,58560.0,400964933.0,本地最近行情CSV
2026-07-06,2026-07-06T11:24:33+08:00,300819,聚杰微纤,66.02,-5.65,-3.95,36335.0,248533836.0,本地最近行情CSV
2026-07-06,2026-07-06T11:24:33+08:00,603267,鸿远电子,65.94,-3.92,-2.69,99146.0,671177450.0,本地最近行情CSV
2026-07-06,2026-07-06T11:24:33+08:00,001237,惠康科技,65.92,-2.43,-1.64,33079.0,221215507.14,本地最近行情CSV
2026-07-06,2026-07-06T11:24:33+08:00,001280,中国铀业,65.79,-0.39,-0.26,75102.0,505253583.61,本地最近行情CSV
2026-07-06,2026-07-06T11:24:33+08:00,603728,鸣志电器,65.72,-3.38,-2.3,131093.0,868438667.0,本地最近行情CSV
2026-07-06,2026-07-06T11:24:33+08:00,603823,百合花,65.7,9.72,5.82,189298.0,1214085006.0,本地最近行情CSV
2026-07-06,2026-07-06T11:24:33+08:00,002156,通富微电,65.65,1.31,0.85,727868.0,4830997321.19,本地最近行情CSV
2026-07-06,2026-07-06T11:24:33+08:00,301678,新恒汇,65.63,-0.44,-0.29,41875.0,273204588.19,本地最近行情CSV
2026-07-06,2026-07-06T11:24:33+08:00,688011,新光光电,65.58,-6.34,-4.44,22047.0,149072307.0,本地最近行情CSV
2026-07-06,2026-07-06T11:24:33+08:00,603979,金诚信,65.34,1.43,0.92,52109.0,341597433.0,本地最近行情CSV
2026-07-06,2026-07-06T11:24:33+08:00,301235,华康洁净,65.29,-2.68,-1.8,39812.0,260191954.8,本地最近行情CSV
2026-07-06,2026-07-06T11:24:33+08:00,300852,四会富仕,65.29,-4.35,-2.97,89771.0,591982581.24,本地最近行情CSV
2026-07-06,2026-07-06T11:24:33+08:00,605198,安德利,65.22,-1.48,-0.98,22342.0,147556313.0,本地最近行情CSV
2026-07-06,2026-07-06T11:24:33+08:00,688696,极米科技,65.15,-1.54,-1.02,4739.0,31101774.0,本地最近行情CSV
2026-07-06,2026-07-06T11:24:33+08:00,002929,润建股份,65.15,-5.57,-3.84,145973.0,966374629.57,本地最近行情CSV
2026-07-06,2026-07-06T11:24:33+08:00,688290,景业智能,65.1,-5.9,-4.08,15398.0,102524311.0,本地最近行情CSV
2026-07-06,2026-07-06T11:24:33+08:00,688248,南网科技,65.1,-0.78,-0.51,30541.0,200422034.0,本地最近行情CSV
2026-07-06,2026-07-06T11:24:33+08:00,300689,澄天伟业,64.73,-2.66,-1.77,27316.0,179109057.0,本地最近行情CSV
2026-07-06,2026-07-06T11:24:33+08:00,002812,恩捷股份,64.45,-0.09,-0.06,177753.0,1153631785.25,本地最近行情CSV
2026-07-06,2026-07-06T11:24:33+08:00,002432,九安医疗,64.42,-3.04,-2.02,91910.0,601818189.82,本地最近行情CSV
2026-07-06,2026-07-06T11:24:33+08:00,300679,电连技术,64.41,-0.14,-0.09,237611.0,1507635602.29,本地最近行情CSV
2026-07-06,2026-07-06T11:24:33+08:00,300668,杰恩股份,64.4,6.04,3.67,59726.0,397103261.0,本地最近行情CSV
2026-07-06,2026-07-06T11:24:33+08:00,003009,中天火箭,64.36,2.94,1.84,94165.0,597768664.44,本地最近行情CSV
2026-07-06,2026-07-06T11:24:33+08:00,600176,中国巨石,64.35,-9.24,-6.55,1839197.0,12324551522.0,本地最近行情CSV
2026-07-06,2026-07-06T11:24:33+08:00,688710,益诺思,64.0,2.12,1.33,30112.0,196168444.0,本地最近行情CSV
2026-07-06,2026-07-06T11:24:33+08:00,002738,中矿资源,63.98,-0.44,-0.28,377826.0,2493546775.18,本地最近行情CSV
2026-07-06,2026-07-06T11:24:33+08:00,300331,苏大维格,63.92,-3.47,-2.3,93985.0,606699493.51,本地最近行情CSV
2026-07-06,2026-07-06T11:24:33+08:00,301617,博苑新材,63.7,3.11,1.92,25330.0,158273626.01,本地最近行情CSV
2026-07-06,2026-07-06T11:24:33+08:00,601336,新华保险,63.55,0.05,0.03,243895.0,1556998351.0,本地最近行情CSV
2026-07-06,2026-07-06T11:24:33+08:00,003033,征和工业,63.54,6.09,3.65,21922.0,138212862.5,本地最近行情CSV
2026-07-06,2026-07-06T11:24:33+08:00,688400,凌云光,63.53,-11.03,-7.88,252175.0,1676530280.0,本地最近行情CSV
2026-07-06,2026-07-06T11:24:33+08:00,001259,利仁科技,63.53,0.05,0.03,8346.0,52947313.0,本地最近行情CSV
2026-07-06,2026-07-06T11:24:33+08:00,001331,胜通能源,63.36,-0.2,-0.13,104338.0,649735830.3,本地最近行情CSV
2026-07-06,2026-07-06T11:24:33+08:00,300769,德方纳米,63.34,-1.74,-1.12,123456.0,804748737.13,本地最近行情CSV
2026-07-06,2026-07-06T11:24:33+08:00,301531,春光集团,63.26,-6.25,-4.22,35965.0,233746708.72,本地最近行情CSV
2026-07-06,2026-07-06T11:24:33+08:00,603308,应流股份,63.18,3.95,2.4,173735.0,1104765942.0,本地最近行情CSV
2026-07-06,2026-07-06T11:24:33+08:00,002460,赣锋锂业,63.18,0.33,0.21,439370.0,2835675041.08,本地最近行情CSV
2026-07-06,2026-07-06T11:24:33+08:00,688727,恒坤新材,63.01,-4.86,-3.22,80465.0,505316723.0,本地最近行情CSV
2026-07-06,2026-07-06T11:24:33+08:00,601138,工业富联,63.0,-2.66,-1.72,866417.0,5496639120.0,本地最近行情CSV
2026-07-06,2026-07-06T11:24:33+08:00,603203,快克智能,62.98,7.29,4.28,186130.0,1178397885.0,本地最近行情CSV
2026-07-06,2026-07-06T11:24:33+08:00,301042,安联锐视,62.93,-4.65,-3.07,19158.0,122853891.26,本地最近行情CSV
2026-07-06,2026-07-06T11:24:33+08:00,688282,理工导航,62.79,-6.56,-4.41,9682.0,62827867.0,本地最近行情CSV
2026-07-06,2026-07-06T11:24:33+08:00,002475,立讯精密,62.44,-3.1,-2.0,847063.0,5339128933.71,本地最近行情CSV
2026-07-06,2026-07-06T11:24:33+08:00,301513,尚水智能,62.42,-4.45,-2.91,18656.0,118914687.13,本地最近行情CSV
2026-07-06,2026-07-06T11:24:33+08:00,301596,瑞迪智驱,62.4,-2.45,-1.57,48167.0,305484149.64,本地最近行情CSV
2026-07-06,2026-07-06T11:24:33+08:00,301479,弘景光电,62.34,-2.43,-1.55,20886.0,132971078.55,本地最近行情CSV
2026-07-06,2026-07-06T11:24:33+08:00,688513,苑东生物,62.3,9.3,5.3,65941.0,405668052.0,本地最近行情CSV
2026-07-06,2026-07-06T11:24:33+08:00,600301,华锡有色,62.1,0.34,0.21,126940.0,805031491.0,本地最近行情CSV
2026-07-06,2026-07-06T11:24:33+08:00,688485,九州一轨,61.97,2.16,1.31,32627.0,204028379.0,本地最近行情CSV
2026-07-06,2026-07-06T11:24:33+08:00,002138,顺络电子,61.97,-4.47,-2.9,364059.0,2280698739.03,本地最近行情CSV
2026-07-06,2026-07-06T11:24:33+08:00,601689,拓普集团,61.96,-0.75,-0.47,564367.0,3535249986.0,本地最近行情CSV
2026-07-06,2026-07-06T11:24:33+08:00,603938,三孚股份,61.94,-4.41,-2.86,143109.0,907130908.0,本地最近行情CSV
2026-07-06,2026-07-06T11:24:33+08:00,601208,东材科技,61.81,-2.97,-1.89,400611.0,2514473944.0,本地最近行情CSV
2026-07-06,2026-07-06T11:24:33+08:00,688337,普源精电,61.77,-7.34,-4.89,69481.0,444258497.0,本地最近行情CSV
2026-07-06,2026-07-06T11:24:33+08:00,603402,陕西旅游,61.39,0.07,0.04,6006.0,37010277.0,本地最近行情CSV
2026-07-06,2026-07-06T11:24:33+08:00,301580,爱迪特,61.23,2.12,1.27,53314.0,329332804.69,本地最近行情CSV
2026-07-06,2026-07-06T11:24:33+08:00,688450,光格科技,61.0,-3.91,-2.48,34517.0,213150069.0,本地最近行情CSV
2026-07-06,2026-07-06T11:24:33+08:00,301075,多瑞医药,60.9,3.33,1.96,15642.0,96545410.0,本地最近行情CSV
2026-07-06,2026-07-06T11:24:33+08:00,300939,秋田微,60.9,-0.47,-0.29,32454.0,198611561.0,本地最近行情CSV
2026-07-06,2026-07-06T11:24:33+08:00,688419,耐科装备,60.83,-5.12,-3.28,32014.0,197580542.0,本地最近行情CSV
2026-07-06,2026-07-06T11:24:33+08:00,301349,信德新材,60.83,-6.52,-4.24,50163.0,320701083.08,本地最近行情CSV
2026-07-06,2026-07-06T11:24:33+08:00,688253,英诺特,60.7,-3.42,-2.15,18929.0,117101673.0,本地最近行情CSV
2026-07-06,2026-07-06T11:24:33+08:00,601127,赛力斯,60.7,-1.84,-1.14,152045.0,934211407.0,本地最近行情CSV
2026-07-06,2026-07-06T11:24:33+08:00,601126,四方股份,60.7,4.66,2.7,207509.0,1273357118.0,本地最近行情CSV
2026-07-06,2026-07-06T11:24:33+08:00,001306,夏厦精密,60.64,-4.19,-2.65,13711.0,85853274.28,本地最近行情CSV
2026-07-06,2026-07-06T11:24:33+08:00,002552,宝鼎科技,60.61,-7.3,-4.77,100230.0,645143846.47,本地最近行情CSV
2026-07-06,2026-07-06T11:24:33+08:00,300779,惠城环保,60.56,2.18,1.29,140863.0,873710525.75,本地最近行情CSV
2026-07-06,2026-07-06T11:24:33+08:00,688380,中微半导,60.49,4.46,2.58,119929.0,701602505.0,本地最近行情CSV
2026-07-06,2026-07-06T11:24:33+08:00,000636,风华高科,60.45,-4.4,-2.78,535815.0,3347231480.96,本地最近行情CSV
2026-07-06,2026-07-06T11:24:33+08:00,688486,龙迅股份,60.39,-2.39,-1.48,46120.0,279348547.0,本地最近行情CSV
2026-07-06,2026-07-06T11:24:33+08:00,300984,金沃股份,60.36,-1.37,-0.84,27438.0,164248105.6,本地最近行情CSV
2026-07-06,2026-07-06T11:24:33+08:00,605358,立昂微,60.02,-7.19,-4.65,593729.0,3631611389.0,本地最近行情CSV
2026-07-06,2026-07-06T11:24:33+08:00,688239,航宇科技,59.99,-3.54,-2.2,57655.0,354570282.0,本地最近行情CSV
2026-07-06,2026-07-06T11:24:33+08:00,688698,伟创电气,59.93,-2.55,-1.57,87763.0,540270042.0,本地最近行情CSV
2026-07-06,2026-07-06T11:24:33+08:00,688336,三生国健,59.92,-1.32,-0.8,204618.0,1249146350.0,本地最近行情CSV
2026-07-06,2026-07-06T11:24:33+08:00,301571,国科天成,59.84,-0.85,-0.51,31091.0,190993402.9,本地最近行情CSV
2026-07-06,2026-07-06T11:24:33+08:00,688036,传音控股,59.75,-0.85,-0.51,87504.0,526949017.0,本地最近行情CSV
2026-07-06,2026-07-06T11:24:33+08:00,301033,迈普医学,59.6,1.03,0.61,25859.0,153717606.3,本地最近行情CSV
2026-07-06,2026-07-06T11:24:33+08:00,300496,中科创达,59.6,-4.94,-3.1,122020.0,737977346.14,本地最近行情CSV
2026-07-06,2026-07-06T11:24:33+08:00,603931,格林达,59.56,9.67,5.25,78000.0,436231190.0,本地最近行情CSV
2026-07-06,2026-07-06T11:24:33+08:00,605588,冠石科技,59.51,-2.84,-1.74,22970.0,139302765.0,本地最近行情CSV
2026-07-06,2026-07-06T11:24:33+08:00,603416,信捷电气,59.51,-2.25,-1.37,39779.0,238643513.0,本地最近行情CSV
2026-07-06,2026-07-06T11:24:33+08:00,300014,亿纬锂能,59.5,-2.71,-1.66,335220.0,2032087914.79,本地最近行情CSV
2026-07-06,2026-07-06T11:24:33+08:00,301157,华塑科技,59.4,-1.03,-0.62,6393.0,38303219.27,本地最近行情CSV
2026-07-06,2026-07-06T11:24:33+08:00,688278,特宝生物,59.38,1.5,0.88,39423.0,232963544.0,本地最近行情CSV
2026-07-06,2026-07-06T11:24:33+08:00,001326,联域股份,59.29,-4.97,-3.1,7760.0,47755738.0,本地最近行情CSV
2026-07-06,2026-07-06T11:24:33+08:00,603435,嘉德利,59.2,-4.72,-2.93,26273.0,158554291.0,本地最近行情CSV
2026-07-06,2026-07-06T11:24:33+08:00,002466,天齐锂业,59.2,0.92,0.54,405551.0,2435825838.99,本地最近行情CSV
2026-07-06,2026-07-06T11:24:33+08:00,001301,尚太科技,59.2,-3.25,-1.99,39852.0,236017920.3,本地最近行情CSV
2026-07-06,2026-07-06T11:24:33+08:00,688345,博力威,59.17,0.25,0.15,20492.0,121720719.0,本地最近行情CSV
2026-07-06,2026-07-06T11:24:33+08:00,301556,托普云农,59.14,-1.86,-1.12,6032.0,35949031.83,本地最近行情CSV
2026-07-06,2026-07-06T11:24:33+08:00,688582,芯动联科,59.11,-1.48,-0.89,59292.0,354376264.0,本地最近行情CSV
2026-07-06,2026-07-06T11:24:33+08:00,688580,伟思医疗,59.01,0.43,0.25,21100.0,125966603.0,本地最近行情CSV
2026-07-06,2026-07-06T11:24:33+08:00,603605,珀莱雅,58.96,-1.59,-0.95,26606.0,157032050.0,本地最近行情CSV
2026-07-06,2026-07-06T11:24:33+08:00,301013,利和兴,58.95,1.48,0.86,158108.0,940779787.63,本地最近行情CSV
2026-07-06,2026-07-06T11:24:33+08:00,688249,晶合集成,58.85,-3.68,-2.25,582834.0,3384860125.0,本地最近行情CSV
2026-07-06,2026-07-06T11:24:33+08:00,688097,博众精工,58.84,-5.04,-3.12,48259.0,289484368.0,本地最近行情CSV
2026-07-06,2026-07-06T11:24:33+08:00,688095,福昕软件,58.78,-2.49,-1.5,12164.0,72637736.0,本地最近行情CSV
2026-07-06,2026-07-06T11:24:33+08:00,600498,烽火通信,58.67,-5.23,-3.24,607137.0,3622825423.0,本地最近行情CSV
2026-07-06,2026-07-06T11:24:33+08:00,301085,亚康股份,58.63,-3.33,-2.02,12604.0,74958493.0,本地最近行情CSV
2026-07-06,2026-07-06T11:24:33+08:00,002756,永兴材料,58.49,-2.95,-1.78,140257.0,843476476.21,本地最近行情CSV
2026-07-06,2026-07-06T11:24:33+08:00,688150,莱特光电,58.46,-3.56,-2.16,73038.0,436455587.0,本地最近行情CSV
2026-07-06,2026-07-06T11:24:33+08:00,301317,鑫磊股份,58.35,12.56,6.51,48036.0,275519846.41,本地最近行情CSV
2026-07-06,2026-07-06T11:24:33+08:00,688665,四方光电,58.3,-2.26,-1.35,10952.0,63784837.0,本地最近行情CSV
2026-07-06,2026-07-06T11:24:33+08:00,300474,景嘉微,58.06,1.45,0.83,98261.0,567187272.93,本地最近行情CSV
2026-07-06,2026-07-06T11:24:33+08:00,688551,科威尔,58.04,-0.33,-0.19,29916.0,175614877.0,本地最近行情CSV
2026-07-06,2026-07-06T11:24:33+08:00,002126,银轮股份,57.99,8.98,4.78,451020.0,2596332755.74,本地最近行情CSV
2026-07-06,2026-07-06T11:24:33+08:00,301286,侨源股份,57.93,1.94,1.1,31301.0,187448454.38,本地最近行情CSV
2026-07-06,2026-07-06T11:24:33+08:00,001314,亿道信息,57.7,-2.86,-1.7,30271.0,174234699.0,本地最近行情CSV
2026-07-06,2026-07-06T11:24:33+08:00,301606,绿联科技,57.68,-2.63,-1.56,15084.0,87726376.02,本地最近行情CSV
2026-07-06,2026-07-06T11:24:33+08:00,302132,中航成飞,57.63,-1.84,-1.08,47165.0,273448890.97,本地最近行情CSV
2026-07-06,2026-07-06T11:24:33+08:00,300179,四方达,57.6,5.4,2.95,458258.0,2657248008.76,本地最近行情CSV
2026-07-06,2026-07-06T11:24:33+08:00,688378,奥来德,57.53,6.64,3.58,165895.0,952636634.0,本地最近行情CSV
2026-07-06,2026-07-06T11:24:33+08:00,605060,XD联德股,57.52,10.0,5.23,78722.0,448071231.0,本地最近行情CSV
2026-07-06,2026-07-06T11:24:33+08:00,603160,汇顶科技,57.45,-2.68,-1.58,54590.0,314003241.0,本地最近行情CSV
2026-07-06,2026-07-06T11:24:33+08:00,688776,国光电气,57.17,-3.27,-1.93,15961.0,93563829.0,本地最近行情CSV
2026-07-06,2026-07-06T11:24:33+08:00,688816,易思维,57.15,-2.62,-1.54,3414.0,19700134.0,本地最近行情CSV
2026-07-06,2026-07-06T11:24:33+08:00,688799,华纳药厂,57.13,8.39,4.42,70408.0,398477005.0,本地最近行情CSV
2026-07-06,2026-07-06T11:24:33+08:00,688114,华大智造,57.1,-3.2,-1.89,90844.0,523472964.0,本地最近行情CSV
2026-07-06,2026-07-06T11:24:33+08:00,688621,阳光诺和,57.05,1.78,1.0,33396.0,190820905.0,本地最近行情CSV
2026-07-06,2026-07-06T11:24:33+08:00,688448,磁谷科技,57.04,4.53,2.47,26858.0,152390476.0,本地最近行情CSV
2026-07-06,2026-07-06T11:24:33+08:00,600276,恒瑞医药,56.94,4.57,2.49,1355815.0,7650352456.0,本地最近行情CSV
2026-07-06,2026-07-06T11:24:33+08:00,301176,逸豪新材,56.92,-4.93,-2.95,44232.0,258606241.24,本地最近行情CSV
2026-07-06,2026-07-06T11:24:33+08:00,688187,时代电气,56.64,-1.48,-0.85,92721.0,527929347.0,本地最近行情CSV
2026-07-06,2026-07-06T11:24:33+08:00,688073,毕得医药,56.64,3.91,2.13,40720.0,233454185.0,本地最近行情CSV
2026-07-06,2026-07-06T11:24:33+08:00,300909,汇创达,56.62,3.28,1.8,43923.0,247827321.0,本地最近行情CSV
2026-07-06,2026-07-06T11:24:33+08:00,603391,力聚热能,56.59,-0.35,-0.2,5408.0,30210660.0,本地最近行情CSV
2026-07-06,2026-07-06T11:24:33+08:00,002913,奥士康,56.59,-0.98,-0.56,28998.0,165555047.6,本地最近行情CSV
2026-07-06,2026-07-06T11:24:33+08:00,301607,富特科技,56.45,8.56,4.45,165079.0,942229851.61,本地最近行情CSV
2026-07-06,2026-07-06T11:24:33+08:00,688122,西部超导,56.29,-2.95,-1.71,116695.0,674090122.0,本地最近行情CSV
2026-07-06,2026-07-06T11:24:33+08:00,688083,中望软件,56.26,-11.4,-7.24,68560.0,402722443.0,本地最近行情CSV
2026-07-06,2026-07-06T11:24:33+08:00,002965,祥鑫科技,56.15,6.75,3.55,189515.0,1047471052.62,本地最近行情CSV
2026-07-06,2026-07-06T11:24:33+08:00,002865,钧达股份,56.15,-4.81,-2.84,69584.0,403383580.0,本地最近行情CSV
2026-07-06,2026-07-06T11:24:33+08:00,301391,卡莱特,56.01,-1.98,-1.13,7898.0,44949899.64,本地最近行情CSV
2026-07-06,2026-07-06T11:24:33+08:00,603389,亚振家居,55.99,-3.45,-2.0,18468.0,103898221.0,本地最近行情CSV
2026-07-06,2026-07-06T11:24:33+08:00,301366,一博科技,55.99,-1.96,-1.12,75309.0,430323271.79,本地最近行情CSV
2026-07-06,2026-07-06T11:24:33+08:00,301189,奥尼电子,55.83,-0.5,-0.28,27924.0,156285584.72,本地最近行情CSV
2026-07-06,2026-07-06T11:24:33+08:00,300508,维宏股份,55.8,-8.24,-5.01,52510.0,301265629.09,本地最近行情CSV
2026-07-06,2026-07-06T11:24:33+08:00,000811,冰轮环境,55.8,5.98,3.15,380088.0,2113945693.62,本地最近行情CSV
2026-07-06,2026-07-06T11:24:33+08:00,600345,长江通信,55.76,-5.3,-3.12,97874.0,565197369.0,本地最近行情CSV
2026-07-06,2026-07-06T11:24:33+08:00,605589,圣泉集团,55.55,-0.27,-0.15,285663.0,1608147948.0,本地最近行情CSV
2026-07-06,2026-07-06T11:24:33+08:00,002364,中恒电气,55.5,4.91,2.6,360379.0,1991118581.16,本地最近行情CSV
2026-07-06,2026-07-06T11:24:33+08:00,301150,中一科技,55.43,-2.41,-1.37,99902.0,572201100.63,本地最近行情CSV
2026-07-06,2026-07-06T11:24:33+08:00,002768,国恩股份,55.34,1.36,0.74,97835.0,542134722.97,本地最近行情CSV
2026-07-06,2026-07-06T11:24:33+08:00,688291,金橙子,55.33,-1.81,-1.02,29896.0,171749113.0,本地最近行情CSV
2026-07-06,2026-07-06T11:24:33+08:00,603120,肯特催化,55.26,-3.51,-2.01,37624.0,210997611.0,本地最近行情CSV
2026-07-06,2026-07-06T11:24:33+08:00,002536,飞龙股份,55.25,6.33,3.29,584656.0,3215703724.54,本地最近行情CSV
2026-07-06,2026-07-06T11:24:33+08:00,301219,腾远钴业,55.19,1.64,0.89,89598.0,505349497.91,本地最近行情CSV
2026-07-06,2026-07-06T11:24:33+08:00,688581,安杰思,55.18,-1.81,-1.02,2487.0,13847245.0,本地最近行情CSV
2026-07-06,2026-07-06T11:24:33+08:00,688765,禾元生物-U,55.13,4.77,2.51,33230.0,181121269.0,本地最近行情CSV
2026-07-06,2026-07-06T11:24:33+08:00,301257,普蕊斯,55.13,5.51,2.88,71310.0,390280739.82,本地最近行情CSV
2026-07-06,2026-07-06T11:24:33+08:00,300863,卡倍亿,55.12,-3.6,-2.06,80720.0,460643509.8,本地最近行情CSV
2026-07-06,2026-07-06T11:24:33+08:00,603286,日盈电子,55.1,-3.27,-1.86,73732.0,418054066.0,本地最近行情CSV
2026-07-06,2026-07-06T11:24:33+08:00,603325,博隆技术,55.01,-2.0,-1.12,3153.0,17460428.0,本地最近行情CSV
2026-07-06,2026-07-06T11:24:33+08:00,688721,龙图光罩,55.0,-1.98,-1.11,38579.0,212796285.0,本地最近行情CSV
2026-07-06,2026-07-06T11:24:33+08:00,603090,宏盛股份,54.8,10.0,4.98,67307.0,363953915.0,本地最近行情CSV
2026-07-06,2026-07-06T11:24:33+08:00,301096,百诚医药,54.74,-3.68,-2.09,26255.0,145978698.61,本地最近行情CSV
2026-07-06,2026-07-06T11:24:33+08:00,603092,德力佳,54.62,0.52,0.28,10553.0,58441491.0,本地最近行情CSV
2026-07-06,2026-07-06T11:24:33+08:00,603179,新泉股份,54.55,2.02,1.08,295373.0,1607253831.0,本地最近行情CSV
2026-07-06,2026-07-06T11:24:33+08:00,688577,浙海德曼,54.48,0.29,0.16,25282.0,134285629.0,本地最近行情CSV
2026-07-06,2026-07-06T11:24:33+08:00,002338,奥普光电,54.45,-3.97,-2.25,66951.0,366636642.0,本地最近行情CSV
2026-07-06,2026-07-06T11:24:33+08:00,300907,康平科技,54.39,-8.4,-4.99,46288.0,264189217.6,本地最近行情CSV
2026-07-06,2026-07-06T11:24:33+08:00,688685,迈信林,54.33,-5.43,-3.12,50910.0,285783316.0,本地最近行情CSV
2026-07-06,2026-07-06T11:24:33+08:00,301333,诺思格,54.3,4.6,2.39,42320.0,228478409.56,本地最近行情CSV
2026-07-06,2026-07-06T11:24:33+08:00,605098,行动教育,54.21,-2.11,-1.17,5886.0,32709007.0,本地最近行情CSV
2026-07-06,2026-07-06T11:24:33+08:00,300617,安靠智电,54.14,4.22,2.19,81087.0,459356569.29,本地最近行情CSV
2026-07-06,2026-07-06T11:24:33+08:00,688757,胜科纳米,54.12,-6.2,-3.58,55568.0,305071621.0,本地最近行情CSV
2026-07-06,2026-07-06T11:24:33+08:00,600600,青岛啤酒,54.11,1.37,0.73,46397.0,249762844.0,本地最近行情CSV
2026-07-06,2026-07-06T11:24:33+08:00,300731,科创新源,54.01,1.39,0.74,55260.0,300405057.28,本地最近行情CSV
2026-07-06,2026-07-06T11:24:33+08:00,603078,江化微,53.97,-4.07,-2.29,394432.0,2136691713.0,本地最近行情CSV
2026-07-06,2026-07-06T11:24:33+08:00,301588,美新科技,53.91,0.02,0.01,63325.0,337170773.7,本地最近行情CSV
2026-07-06,2026-07-06T11:24:33+08:00,000021,深科技,53.89,-3.61,-2.02,1228657.0,6733195770.45,本地最近行情CSV
2026-07-06,2026-07-06T11:24:33+08:00,688185,康希诺,53.88,1.56,0.83,19187.0,103833389.0,本地最近行情CSV
2026-07-06,2026-07-06T11:24:33+08:00,600486,扬农化工,53.84,3.92,2.03,59168.0,316989170.0,本地最近行情CSV
2026-07-06,2026-07-06T11:24:33+08:00,603530,神马电力,53.78,4.02,2.08,31768.0,172859079.0,本地最近行情CSV
2026-07-06,2026-07-06T11:24:33+08:00,600660,福耀玻璃,53.75,5.54,2.82,188381.0,998847301.0,本地最近行情CSV
2026-07-06,2026-07-06T11:24:33+08:00,603009,北特科技,53.73,0.73,0.39,103682.0,559405632.0,本地最近行情CSV
2026-07-06,2026-07-06T11:24:33+08:00,603400,华之杰,53.66,-1.61,-0.88,6891.0,37200048.0,本地最近行情CSV
2026-07-06,2026-07-06T11:24:33+08:00,301525,儒竞科技,53.6,1.06,0.56,20653.0,112258081.84,本地最近行情CSV
2026-07-06,2026-07-06T11:24:33+08:00,301043,绿岛风,53.55,0.0,0.0,10871.0,58888660.0,本地最近行情CSV
2026-07-06,2026-07-06T11:24:33+08:00,002487,大金重工,53.49,-4.57,-2.56,89719.0,490562951.0,本地最近行情CSV
2026-07-06,2026-07-06T11:24:33+08:00,688601,力芯微,53.43,-1.17,-0.63,35048.0,187039420.0,本地最近行情CSV
2026-07-06,2026-07-06T11:24:33+08:00,688523,航天环宇,53.4,-9.17,-5.39,83326.0,461990060.0,本地最近行情CSV
2026-07-06,2026-07-06T11:24:33+08:00,603261,立航科技,53.33,3.98,2.04,22505.0,118505383.0,本地最近行情CSV
2026-07-06,2026-07-06T11:24:33+08:00,688237,超卓航科,53.3,-1.9,-1.03,15563.0,83114447.0,本地最近行情CSV
2026-07-06,2026-07-06T11:24:33+08:00,301281,科源制药,53.27,-5.5,-3.1,37706.0,208735458.4,本地最近行情CSV
2026-07-06,2026-07-06T11:24:33+08:00,603338,浙江鼎力,53.2,2.96,1.53,114405.0,608871912.0,本地最近行情CSV
2026-07-06,2026-07-06T11:24:33+08:00,601888,中国中免,53.2,0.17,0.09,172228.0,918495514.0,本地最近行情CSV
2026-07-06,2026-07-06T11:24:33+08:00,688789,宏华数科,53.09,1.96,1.02,8184.0,43445920.0,本地最近行情CSV
2026-07-06,2026-07-06T11:24:33+08:00,603486,科沃斯,53.0,-3.07,-1.68,48709.0,260651478.0,本地最近行情CSV
2026-07-06,2026-07-06T11:24:33+08:00,688193,仁度生物,52.93,2.38,1.23,5155.0,27376671.0,本地最近行情CSV
2026-07-06,2026-07-06T11:24:33+08:00,603738,泰晶科技,52.75,-1.42,-0.76,272691.0,1455679325.0,本地最近行情CSV
2026-07-06,2026-07-06T11:24:33+08:00,301598,博科测试,52.73,-1.66,-0.89,3713.0,19702578.3,本地最近行情CSV
2026-07-06,2026-07-06T11:24:33+08:00,002970,锐明技术,52.73,-2.8,-1.52,22247.0,117988580.93,本地最近行情CSV
2026-07-06,2026-07-06T11:24:33+08:00,688778,厦钨新能,52.63,0.61,0.32,51272.0,273917189.0,本地最近行情CSV
2026-07-06,2026-07-06T11:24:33+08:00,603226,菲林格尔,52.53,1.02,0.53,23430.0,124624235.0,本地最近行情CSV
2026-07-06,2026-07-06T11:24:33+08:00,300596,利安隆,52.53,-0.7,-0.37,33468.0,175539029.0,本地最近行情CSV
2026-07-06,2026-07-06T11:24:33+08:00,301092,争光股份,52.34,-3.29,-1.78,41680.0,220774385.26,本地最近行情CSV
2026-07-06,2026-07-06T11:24:33+08:00,688181,八亿时空,52.32,-2.75,-1.48,82074.0,430448228.0,本地最近行情CSV
2026-07-06,2026-07-06T11:24:33+08:00,301418,协昌科技,52.32,-3.24,-1.75,23979.0,127560585.05,本地最近行情CSV
2026-07-06,2026-07-06T11:24:33+08:00,300321,同大股份,52.24,-12.86,-7.71,51437.0,282407544.2,本地最近行情CSV
2026-07-06,2026-07-06T11:24:33+08:00,000733,振华科技,52.15,-5.34,-2.94,278750.0,1485542291.32,本地最近行情CSV
2026-07-06,2026-07-06T11:24:33+08:00,688607,康众医疗,52.13,5.38,2.66,23194.0,120799307.0,本地最近行情CSV
2026-07-06,2026-07-06T11:24:33+08:00,301297,富乐德,52.09,-0.99,-0.52,114124.0,595228422.13,本地最近行情CSV
2026-07-06,2026-07-06T11:24:33+08:00,301003,江苏博云,52.09,-1.9,-1.01,15844.0,82759436.0,本地最近行情CSV
2026-07-06,2026-07-06T11:24:33+08:00,688418,震有科技,52.04,-0.12,-0.06,76851.0,412407512.0,本地最近行情CSV
2026-07-06,2026-07-06T11:24:33+08:00,301310,鑫宏业,52.03,-2.29,-1.22,43526.0,229709009.52,本地最近行情CSV
2026-07-06,2026-07-06T11:24:33+08:00,688783,西安奕材-U,52.0,-3.69,-1.99,155804.0,814608113.0,本地最近行情CSV
2026-07-06,2026-07-06T11:24:33+08:00,300938,信测标准,52.0,-0.19,-0.1,91816.0,481757656.85,本地最近行情CSV
2026-07-06,2026-07-06T11:24:33+08:00,600206,有研新材,51.98,-4.27,-2.32,754701.0,4011185981.0,本地最近行情CSV
2026-07-06,2026-07-06T11:24:33+08:00,603202,天有为,51.83,-0.23,-0.12,7684.0,39988660.0,本地最近行情CSV
2026-07-06,2026-07-06T11:24:33+08:00,301087,可孚医疗,51.81,1.13,0.58,23911.0,123076584.18,本地最近行情CSV
2026-07-06,2026-07-06T11:24:33+08:00,000831,中国稀土,51.72,-5.01,-2.73,324786.0,1722414290.0,本地最近行情CSV
2026-07-06,2026-07-06T11:24:33+08:00,301293,三博脑科,51.71,-0.17,-0.09,59463.0,310895442.0,本地最近行情CSV
2026-07-06,2026-07-06T11:24:33+08:00,301280,珠城科技,51.54,-4.68,-2.53,33059.0,172947528.8,本地最近行情CSV
2026-07-06,2026-07-06T11:24:33+08:00,688056,莱伯泰科,51.51,-6.26,-3.44,23014.0,122030285.0,本地最近行情CSV
2026-07-06,2026-07-06T11:24:33+08:00,688563,航材股份,51.46,-1.27,-0.66,25057.0,131458101.0,本地最近行情CSV
2026-07-06,2026-07-06T11:24:33+08:00,688316,青云科技-U,51.43,-3.24,-1.72,10829.0,56464723.0,本地最近行情CSV
2026-07-06,2026-07-06T11:24:33+08:00,301148,嘉戎技术,51.34,-0.83,-0.43,5842.0,30300629.0,本地最近行情CSV
2026-07-06,2026-07-06T11:24:33+08:00,688626,翔宇医疗,51.25,2.11,1.06,33182.0,173247233.0,本地最近行情CSV
2026-07-06,2026-07-06T11:24:33+08:00,300433,蓝思科技,51.05,-1.77,-0.92,809980.0,4187401873.65,本地最近行情CSV
2026-07-06,2026-07-06T11:24:33+08:00,603699,纽威股份,51.03,0.12,0.06,22857.0,116452107.0,本地最近行情CSV
2026-07-06,2026-07-06T11:24:33+08:00,301458,钧崴电子,51.01,0.04,0.02,64760.0,335128077.65,本地最近行情CSV
2026-07-06,2026-07-06T11:24:33+08:00,605298,必得科技,50.98,0.08,0.04,7713.0,39483101.0,本地最近行情CSV
2026-07-06,2026-07-06T11:24:33+08:00,688708,佳驰科技,50.97,-3.1,-1.63,12267.0,63355506.0,本地最近行情CSV
2026-07-06,2026-07-06T11:24:33+08:00,603091,众鑫股份,50.86,0.02,0.01,7041.0,35478391.0,本地最近行情CSV
2026-07-06,2026-07-06T11:24:33+08:00,688516,奥特维,50.63,-6.24,-3.37,65563.0,342316532.0,本地最近行情CSV
2026-07-06,2026-07-06T11:24:33+08:00,301538,骏鼎达,50.62,-6.55,-3.55,22241.0,116023377.52,本地最近行情CSV
2026-07-06,2026-07-06T11:24:33+08:00,002709,天赐材料,50.62,-6.33,-3.42,650315.0,3348909391.33,本地最近行情CSV
2026-07-06,2026-07-06T11:24:33+08:00,688550,瑞联新材,50.6,-2.09,-1.08,52720.0,269149813.0,本地最近行情CSV
2026-07-06,2026-07-06T11:24:33+08:00,688295,中复神鹰,50.6,-7.07,-3.85,92886.0,481730862.0,本地最近行情CSV
2026-07-06,2026-07-06T11:24:33+08:00,300469,信息发展,50.6,-6.37,-3.44,47661.0,246755893.45,本地最近行情CSV
2026-07-06,2026-07-06T11:24:33+08:00,001393,维通利,50.6,-3.51,-1.84,24319.0,125239928.78,本地最近行情CSV
2026-07-06,2026-07-06T11:24:33+08:00,603031,安孚科技,50.51,-4.37,-2.31,118194.0,607086616.0,本地最近行情CSV
2026-07-06,2026-07-06T11:24:33+08:00,301160,翔楼新材,50.51,-2.62,-1.36,37207.0,190586103.12,本地最近行情CSV
2026-07-06,2026-07-06T11:24:33+08:00,688063,派能科技,50.49,0.64,0.32,51152.0,262148136.0,本地最近行情CSV
2026-07-06,2026-07-06T11:24:33+08:00,001283,豪鹏科技,50.49,-0.61,-0.31,26366.0,136877222.96,本地最近行情CSV
2026-07-06,2026-07-06T11:24:33+08:00,300398,飞凯材料,50.3,-3.9,-2.04,369654.0,1888234197.59,本地最近行情CSV
2026-07-06,2026-07-06T11:24:33+08:00,600105,永鼎股份,50.19,-7.96,-4.34,1225841.0,6370186340.0,本地最近行情CSV
2026-07-06,2026-07-06T11:24:33+08:00,688192,迪哲医药-U,50.13,3.4,1.65,103084.0,517344694.0,本地最近行情CSV
2026-07-06,2026-07-06T11:24:33+08:00,688084,晶品特装,50.13,-2.98,-1.54,8876.0,45542695.0,本地最近行情CSV
2026-07-06,2026-07-06T11:24:33+08:00,002422,科伦药业,50.05,4.31,2.07,440745.0,2203106419.55,本地最近行情CSV
2026-07-06,2026-07-06T11:24:33+08:00,301517,陕西华达,50.03,-4.36,-2.28,40577.0,208379088.38,本地最近行情CSV
2026-07-06,2026-07-06T11:24:33+08:00,688065,凯赛生物,49.77,1.08,0.53,46832.0,232641299.0,本地最近行情CSV
2026-07-06,2026-07-06T11:24:33+08:00,603236,移远通信,49.75,-3.96,-2.05,52253.0,263840153.0,本地最近行情CSV
2026-07-06,2026-07-06T11:24:33+08:00,688281,华秦科技,49.74,-3.42,-1.76,32579.0,163838664.0,本地最近行情CSV
2026-07-06,2026-07-06T11:24:33+08:00,300895,铜牛信息,49.73,-2.2,-1.12,22331.0,111799236.3,本地最近行情CSV
2026-07-06,2026-07-06T11:24:33+08:00,301322,绿通科技,49.7,0.81,0.4,21276.0,106113927.95,本地最近行情CSV
2026-07-06,2026-07-06T11:24:33+08:00,301608,博实结,49.61,-3.28,-1.68,9089.0,45728797.29,本地最近行情CSV
2026-07-06,2026-07-06T11:24:33+08:00,002289,宇顺电子,49.58,6.01,2.81,44503.0,215399832.9,本地最近行情CSV
2026-07-06,2026-07-06T11:24:33+08:00,300745,欣锐科技,49.54,3.23,1.55,125137.0,626085670.48,本地最近行情CSV
2026-07-06,2026-07-06T11:24:33+08:00,601318,中国平安,49.53,0.9,0.44,551203.0,2725193994.0,本地最近行情CSV
2026-07-06,2026-07-06T11:24:33+08:00,688218,江苏北人,49.45,-2.89,-1.47,31588.0,155374137.0,本地最近行情CSV
2026-07-06,2026-07-06T11:24:33+08:00,688781,视涯科技-UW,49.35,-1.1,-0.55,17860.0,87312937.0,本地最近行情CSV
2026-07-06,2026-07-06T11:24:33+08:00,301080,百普赛斯,49.3,0.84,0.41,47496.0,237103680.7,本地最近行情CSV
2026-07-06,2026-07-06T11:24:33+08:00,000538,云南白药,49.24,0.78,0.38,73289.0,360172429.06,本地最近行情CSV
2026-07-06,2026-07-06T11:24:33+08:00,300602,飞荣达,49.21,5.94,2.76,323860.0,1601556361.72,本地最近行情CSV
2026-07-06,2026-07-06T11:24:33+08:00,301209,联合化学,49.17,-4.47,-2.3,12512.0,62652730.51,本地最近行情CSV
2026-07-06,2026-07-06T11:24:33+08:00,688061,灿瑞科技,49.13,0.24,0.12,18666.0,91716894.0,本地最近行情CSV
2026-07-06,2026-07-06T11:24:33+08:00,300624,万兴科技,49.1,-2.98,-1.51,60129.0,299072257.62,本地最近行情CSV
2026-07-06,2026-07-06T11:24:33+08:00,688768,容知日新,49.06,-5.71,-2.97,8934.0,44424755.0,本地最近行情CSV
2026-07-06,2026-07-06T11:24:33+08:00,300943,春晖智控,49.04,5.92,2.74,111470.0,556877650.73,本地最近行情CSV
2026-07-06,2026-07-06T11:24:33+08:00,300347,泰格医药,48.99,4.39,2.06,220126.0,1074029673.25,本地最近行情CSV
2026-07-06,2026-07-06T11:24:33+08:00,605168,三人行,48.93,-4.41,-2.26,38983.0,193254118.0,本地最近行情CSV
2026-07-06,2026-07-06T11:24:33+08:00,300985,致远新能,48.9,-1.55,-0.77,77013.0,380054344.3,本地最近行情CSV
2026-07-06,2026-07-06T11:24:33+08:00,603859,能科科技,48.89,-6.52,-3.41,175318.0,886442110.0,本地最近行情CSV
2026-07-06,2026-07-06T11:24:33+08:00,300841,康华生物,48.85,1.33,0.64,22027.0,107335735.0,本地最近行情CSV
2026-07-06,2026-07-06T11:24:33+08:00,300316,晶盛机电,48.8,-4.46,-2.28,274410.0,1366756423.44,本地最近行情CSV
2026-07-06,2026-07-06T11:24:33+08:00,688206,概伦电子,48.76,20.01,8.13,222305.0,1048221981.0,本地最近行情CSV
2026-07-06,2026-07-06T11:24:33+08:00,603067,振华股份,48.73,10.0,4.43,84411.0,406290899.0,本地最近行情CSV
2026-07-06,2026-07-06T11:24:33+08:00,688091,上海谊众,48.6,9.39,4.17,82354.0,392545186.0,本地最近行情CSV
2026-07-06,2026-07-06T11:24:33+08:00,002595,豪迈科技,48.56,-2.0,-0.99,24983.0,122200532.18,本地最近行情CSV
2026-07-06,2026-07-06T11:24:33+08:00,600160,巨化股份,48.55,-1.62,-0.8,638365.0,3160738583.0,本地最近行情CSV
2026-07-06,2026-07-06T11:24:33+08:00,301327,华宝新能,48.43,0.12,0.06,8235.0,40069896.23,本地最近行情CSV
2026-07-06,2026-07-06T11:24:33+08:00,002518,科士达,48.41,1.28,0.61,102860.0,501008620.12,本地最近行情CSV
2026-07-06,2026-07-06T11:24:33+08:00,300951,博硕科技,48.4,-1.83,-0.9,19588.0,95147483.5,本地最近行情CSV
2026-07-06,2026-07-06T11:24:33+08:00,300709,精研科技,48.3,-4.92,-2.5,66260.0,324701639.48,本地最近行情CSV
2026-07-06,2026-07-06T11:24:33+08:00,603049,中策橡胶,48.23,3.39,1.58,41236.0,197459664.0,本地最近行情CSV
2026-07-06,2026-07-06T11:24:33+08:00,688399,硕世生物,48.22,0.31,0.15,11245.0,54423936.0,本地最近行情CSV
2026-07-06,2026-07-06T11:24:33+08:00,000628,高新发展,48.1,-2.18,-1.07,62067.0,300231773.21,本地最近行情CSV
2026-07-06,2026-07-06T11:24:33+08:00,601021,春秋航空,48.08,2.91,1.36,68031.0,325984106.0,本地最近行情CSV
2026-07-06,2026-07-06T11:24:33+08:00,300905,宝丽迪,48.05,-1.54,-0.75,42945.0,209517730.77,本地最近行情CSV
2026-07-06,2026-07-06T11:24:33+08:00,603285,键邦股份,48.0,3.18,1.48,37387.0,175584928.0,本地最近行情CSV
2026-07-06,2026-07-06T11:24:33+08:00,600522,中天科技,47.92,-4.58,-2.3,2048384.0,10051856430.0,本地最近行情CSV
2026-07-06,2026-07-06T11:24:33+08:00,002472,双环传动,47.8,2.29,1.07,767250.0,3710104602.96,本地最近行情CSV
2026-07-06,2026-07-06T11:24:33+08:00,001226,拓山重工,47.78,-0.89,-0.43,4583.0,22065847.0,本地最近行情CSV
2026-07-06,2026-07-06T11:24:33+08:00,600367,红星发展,47.7,-9.97,-5.28,356527.0,1768613603.0,本地最近行情CSV
2026-07-06,2026-07-06T11:24:33+08:00,301035,润丰股份,47.62,0.15,0.07,8437.0,40536721.7,本地最近行情CSV
2026-07-06,2026-07-06T11:24:33+08:00,000423,东阿阿胶,47.55,0.98,0.46,31592.0,149600889.97,本地最近行情CSV
2026-07-06,2026-07-06T11:24:33+08:00,688163,赛伦生物,47.48,-2.24,-1.09,13846.0,65941786.0,本地最近行情CSV
2026-07-06,2026-07-06T11:24:33+08:00,002407,多氟多,47.43,-3.87,-1.91,1742529.0,8557364385.74,本地最近行情CSV
2026-07-06,2026-07-06T11:24:33+08:00,002847,盐津铺子,47.42,0.3,0.14,15915.0,75336167.4,本地最近行情CSV
2026-07-06,2026-07-06T11:24:33+08:00,301213,观想科技,47.3,-6.08,-3.06,18099.0,87515110.96,本地最近行情CSV
2026-07-06,2026-07-06T11:24:33+08:00,600111,北方稀土,47.25,-2.72,-1.32,505140.0,2419307898.0,本地最近行情CSV
2026-07-06,2026-07-06T11:24:33+08:00,603375,盛景微,47.24,2.07,0.96,22431.0,103937546.0,本地最近行情CSV
2026-07-06,2026-07-06T11:24:33+08:00,301188,力诺药包,47.23,-8.38,-4.32,156767.0,765370772.17,本地最近行情CSV
2026-07-06,2026-07-06T11:24:33+08:00,603799,华友钴业,47.11,0.75,0.35,457051.0,2195492309.0,本地最近行情CSV
2026-07-06,2026-07-06T11:24:33+08:00,002747,埃斯顿,47.09,5.18,2.32,1483881.0,6970808233.9,本地最近行情CSV
2026-07-06,2026-07-06T11:24:33+08:00,600460,士兰微,47.01,-0.51,-0.24,800834.0,3749753178.0,本地最近行情CSV
2026-07-06,2026-07-06T11:24:33+08:00,688598,金博股份,46.85,-3.58,-1.74,128937.0,612356077.0,本地最近行情CSV
2026-07-06,2026-07-06T11:24:33+08:00,688484,南芯科技,46.83,-2.56,-1.23,118162.0,550309113.0,本地最近行情CSV
2026-07-06,2026-07-06T11:24:33+08:00,300073,当升科技,46.81,-0.72,-0.34,96118.0,457299081.35,本地最近行情CSV
2026-07-06,2026-07-06T11:24:33+08:00,300342,天银机电,46.8,-5.61,-2.78,244658.0,1183316314.65,本地最近行情CSV
2026-07-06,2026-07-06T11:24:33+08:00,002311,海大集团,46.75,3.0,1.36,70043.0,324444219.11,本地最近行情CSV
2026-07-06,2026-07-06T11:24:33+08:00,002050,三花智控,46.71,-4.65,-2.28,1543003.0,7315314057.86,本地最近行情CSV
2026-07-06,2026-07-06T11:24:33+08:00,301622,英思特,46.57,-7.19,-3.61,25800.0,122862123.47,本地最近行情CSV
2026-07-06,2026-07-06T11:24:33+08:00,603324,盛剑科技,46.5,-3.55,-1.71,49845.0,235822827.0,本地最近行情CSV
2026-07-06,2026-07-06T11:24:33+08:00,301368,丰立智能,46.46,-7.19,-3.6,47262.0,224793266.75,本地最近行情CSV
2026-07-06,2026-07-06T11:24:33+08:00,002901,大博医疗,46.43,2.34,1.06,35576.0,164032944.21,本地最近行情CSV
2026-07-06,2026-07-06T11:24:33+08:00,301633,港迪技术,46.38,-4.72,-2.3,4564.0,21566965.0,本地最近行情CSV
2026-07-06,2026-07-06T11:24:33+08:00,301314,科瑞思,46.25,-0.6,-0.28,10781.0,50394400.1,本地最近行情CSV
2026-07-06,2026-07-06T11:24:33+08:00,688293,奥浦迈,46.06,3.95,1.75,22954.0,105264712.0,本地最近行情CSV
2026-07-06,2026-07-06T11:24:33+08:00,301289,国缆检测,46.02,-1.69,-0.79,4072.0,18964658.0,本地最近行情CSV
2026-07-06,2026-07-06T11:24:33+08:00,300677,英科医疗,46.01,9.44,3.97,178765.0,806499867.57,本地最近行情CSV
2026-07-06,2026-07-06T11:24:33+08:00,688805,健信超导,45.95,1.21,0.55,12459.0,57829598.0,本地最近行情CSV
2026-07-06,2026-07-06T11:24:33+08:00,301295,美硕科技,45.93,0.72,0.33,15141.0,70723757.0,本地最近行情CSV
2026-07-06,2026-07-06T11:24:33+08:00,688726,拉普拉斯,45.92,-4.77,-2.3,53067.0,248957751.0,本地最近行情CSV
2026-07-06,2026-07-06T11:24:33+08:00,301313,凡拓数创,45.9,-11.87,-6.18,122132.0,582808018.73,本地最近行情CSV
2026-07-06,2026-07-06T11:24:33+08:00,002957,科瑞技术,45.9,-4.57,-2.2,97888.0,457357803.06,本地最近行情CSV
2026-07-06,2026-07-06T11:24:33+08:00,001233,海安集团,45.88,-0.61,-0.28,6956.0,32033759.19,本地最近行情CSV
2026-07-06,2026-07-06T11:24:33+08:00,001266,宏英智能,45.78,-2.7,-1.27,16173.0,75090767.0,本地最近行情CSV
2026-07-06,2026-07-06T11:24:33+08:00,603271,永杰新材,45.75,-0.65,-0.3,18735.0,86288535.0,本地最近行情CSV
2026-07-06,2026-07-06T11:24:33+08:00,300607,拓斯达,45.72,-13.67,-7.24,595278.0,2847864566.54,本地最近行情CSV
2026-07-06,2026-07-06T11:24:33+08:00,301512,智信精密,45.68,-5.54,-2.68,14259.0,66442021.0,本地最近行情CSV
2026-07-06,2026-07-06T11:24:33+08:00,688381,帝奥微,45.65,-3.28,-1.55,93425.0,427081626.0,本地最近行情CSV
2026-07-06,2026-07-06T11:24:33+08:00,688499,利元亨,45.6,-5.12,-2.46,44408.0,207364362.0,本地最近行情CSV
2026-07-06,2026-07-06T11:24:33+08:00,603418,友升股份,45.59,-2.48,-1.16,6406.0,29461415.0,本地最近行情CSV
2026-07-06,2026-07-06T11:24:33+08:00,688439,振华风光,45.5,-1.45,-0.67,16899.0,76740961.0,本地最近行情CSV
2026-07-06,2026-07-06T11:24:33+08:00,603063,禾望电气,45.24,3.95,1.72,164776.0,746055874.0,本地最近行情CSV
2026-07-06,2026-07-06T11:24:33+08:00,603380,易德龙,45.13,4.64,2.0,47004.0,213699984.0,本地最近行情CSV
2026-07-06,2026-07-06T11:24:33+08:00,605287,德才股份,45.09,2.04,0.9,24729.0,110951284.0,本地最近行情CSV
2026-07-06,2026-07-06T11:24:33+08:00,605305,中际联合,45.03,-2.07,-0.95,58771.0,268402216.0,本地最近行情CSV
2026-07-06,2026-07-06T11:24:33+08:00,301132,满坤科技,44.94,-7.53,-3.66,51701.0,239583002.57,本地最近行情CSV
2026-07-06,2026-07-06T11:24:33+08:00,002149,西部材料,44.93,-9.14,-4.52,338565.0,1580047131.95,本地最近行情CSV
2026-07-06,2026-07-06T11:24:33+08:00,300693,盛弘股份,44.92,-1.17,-0.53,78159.0,357972774.0,本地最近行情CSV
2026-07-06,2026-07-06T11:24:33+08:00,603989,艾华集团,44.9,-6.52,-3.13,112796.0,518290669.0,本地最近行情CSV
2026-07-06,2026-07-06T11:24:33+08:00,301105,鸿铭股份,44.88,-0.73,-0.33,4392.0,20023512.0,本地最近行情CSV
2026-07-06,2026-07-06T11:24:33+08:00,301299,卓创资讯,44.86,-1.56,-0.71,4823.0,21955002.0,本地最近行情CSV
2026-07-06,2026-07-06T11:24:33+08:00,600353,旭光电子,44.85,0.72,0.32,353801.0,1635324954.0,本地最近行情CSV
2026-07-06,2026-07-06T11:24:33+08:00,301595,太力科技,44.82,9.1,3.74,25718.0,115422147.69,本地最近行情CSV
2026-07-06,2026-07-06T11:24:33+08:00,000893,亚钾国际,44.65,-0.6,-0.27,85948.0,386776096.52,本地最近行情CSV
2026-07-06,2026-07-06T11:24:33+08:00,603156,养元饮品,44.6,0.07,0.03,55831.0,249043647.0,本地最近行情CSV
2026-07-06,2026-07-06T11:24:33+08:00,300049,福瑞医科,44.54,-2.58,-1.18,68040.0,306526285.67,本地最近行情CSV
2026-07-06,2026-07-06T11:24:33+08:00,688197,首药控股-U,44.52,18.72,7.02,76707.0,331989868.0,本地最近行情CSV
2026-07-06,2026-07-06T11:24:33+08:00,301382,蜂助手,44.51,-5.28,-2.48,150332.0,677585211.2,本地最近行情CSV
2026-07-06,2026-07-06T11:24:33+08:00,300576,容大感光,44.49,-2.99,-1.37,147462.0,660220913.01,本地最近行情CSV
2026-07-06,2026-07-06T11:24:33+08:00,688631,莱斯信息,44.46,-4.71,-2.2,15407.0,69747540.0,本地最近行情CSV
2026-07-06,2026-07-06T11:24:33+08:00,301367,瑞迈特,44.45,2.92,1.26,19780.0,85993760.2,本地最近行情CSV
2026-07-06,2026-07-06T11:24:33+08:00,688606,奥泰生物,44.34,1.51,0.66,4667.0,20721149.0,本地最近行情CSV
2026-07-06,2026-07-06T11:24:33+08:00,001267,汇绿生态,44.18,-3.33,-1.52,178707.0,802389762.0,本地最近行情CSV
2026-07-06,2026-07-06T11:24:33+08:00,603618,杭电股份,44.1,-10.0,-4.9,809307.0,3728616047.0,本地最近行情CSV
2026-07-06,2026-07-06T11:24:33+08:00,688272,富吉瑞,44.01,-5.9,-2.76,22613.0,100661955.0,本地最近行情CSV
2026-07-06,2026-07-06T11:24:33+08:00,300302,同有科技,43.98,-2.63,-1.19,257867.0,1141962251.11,本地最近行情CSV
2026-07-06,2026-07-06T11:24:33+08:00,688102,斯瑞新材,43.91,-9.67,-4.7,271379.0,1254351866.0,本地最近行情CSV
2026-07-06,2026-07-06T11:24:33+08:00,688786,悦安新材,43.9,-2.01,-0.9,57000.0,257251266.0,本地最近行情CSV
2026-07-06,2026-07-06T11:24:33+08:00,300418,昆仑万维,43.9,2.91,1.24,733578.0,3264094880.81,本地最近行情CSV
2026-07-06,2026-07-06T11:24:33+08:00,603358,华达科技,43.85,-0.43,-0.19,87941.0,390790611.0,本地最近行情CSV
2026-07-06,2026-07-06T11:24:33+08:00,603260,合盛硅业,43.83,-3.82,-1.74,161210.0,722442767.0,本地最近行情CSV
2026-07-06,2026-07-06T11:24:33+08:00,001317,三羊马,43.79,-9.58,-4.64,63955.0,287479982.26,本地最近行情CSV
2026-07-06,2026-07-06T11:24:33+08:00,300488,恒锋工具,43.78,-4.45,-2.04,58314.0,260388353.52,本地最近行情CSV
2026-07-06,2026-07-06T11:24:33+08:00,002436,兴森科技,43.78,-5.59,-2.59,831540.0,3693987957.11,本地最近行情CSV
2026-07-06,2026-07-06T11:24:33+08:00,688548,广钢气体,43.74,-5.83,-2.71,432488.0,1911502467.0,本地最近行情CSV
2026-07-06,2026-07-06T11:24:33+08:00,003041,真爱美家,43.71,-1.33,-0.59,11615.0,51373353.0,本地最近行情CSV
2026-07-06,2026-07-06T11:24:33+08:00,300784,利安科技,43.7,-0.27,-0.12,5327.0,23197671.0,本地最近行情CSV
2026-07-06,2026-07-06T11:24:33+08:00,688049,炬芯科技,43.6,-1.65,-0.73,56967.0,246045115.0,本地最近行情CSV
2026-07-06,2026-07-06T11:24:33+08:00,603722,阿科力,43.56,10.0,3.96,4996.0,21760398.0,本地最近行情CSV
2026-07-06,2026-07-06T11:24:33+08:00,603786,科博达,43.51,-1.74,-0.77,17947.0,78270549.0,本地最近行情CSV
2026-07-06,2026-07-06T11:24:33+08:00,301398,星源卓镁,43.5,13.7,5.24,45791.0,192434982.71,本地最近行情CSV
2026-07-06,2026-07-06T11:24:33+08:00,001285,瑞立科密,43.36,0.72,0.31,9815.0,42743693.13,本地最近行情CSV
2026-07-06,2026-07-06T11:24:33+08:00,300832,新产业,43.28,-2.3,-1.02,51770.0,225772361.9,本地最近行情CSV
2026-07-06,2026-07-06T11:24:33+08:00,301251,威尔高,43.27,-6.24,-2.88,41831.0,183635884.87,本地最近行情CSV
2026-07-06,2026-07-06T11:24:33+08:00,301448,开创电气,43.22,-2.88,-1.28,9950.0,43517558.8,本地最近行情CSV
2026-07-06,2026-07-06T11:24:33+08:00,301555,惠柏新材,43.2,-5.72,-2.62,38010.0,165647971.05,本地最近行情CSV
2026-07-06,2026-07-06T11:24:33+08:00,300747,锐科激光,43.18,-4.81,-2.18,170646.0,750598300.13,本地最近行情CSV
2026-07-06,2026-07-06T11:24:33+08:00,002943,宇晶股份,43.16,-3.12,-1.39,76049.0,335050212.0,本地最近行情CSV
2026-07-06,2026-07-06T11:24:33+08:00,603920,世运电路,43.13,-5.13,-2.33,155061.0,685012873.0,本地最近行情CSV
2026-07-06,2026-07-06T11:24:33+08:00,301155,海力风电,43.09,-3.58,-1.6,23389.0,102840102.0,本地最近行情CSV
2026-07-06,2026-07-06T11:24:33+08:00,002179,中航光电,43.03,1.61,0.68,302003.0,1282458645.57,本地最近行情CSV
2026-07-06,2026-07-06T11:24:33+08:00,600132,重庆啤酒,42.98,1.27,0.54,21976.0,94133121.0,本地最近行情CSV
2026-07-06,2026-07-06T11:24:33+08:00,688576,西山科技,42.96,-2.56,-1.13,4737.0,20538060.0,本地最近行情CSV
2026-07-06,2026-07-06T11:24:33+08:00,688319,欧林生物,42.91,0.44,0.19,88879.0,383627229.0,本地最近行情CSV
2026-07-06,2026-07-06T11:24:33+08:00,002032,苏 泊 尔,42.88,2.0,0.84,10326.0,43991692.0,本地最近行情CSV
2026-07-06,2026-07-06T11:24:33+08:00,002785,万里石,42.79,-3.26,-1.44,36227.0,158141204.0,本地最近行情CSV
2026-07-06,2026-07-06T11:24:33+08:00,600641,先导基电,42.76,-10.0,-4.75,995927.0,4461498506.0,本地最近行情CSV
2026-07-06,2026-07-06T11:24:33+08:00,001212,中旗新材,42.7,-4.45,-1.99,37416.0,162532466.0,本地最近行情CSV
2026-07-06,2026-07-06T11:24:33+08:00,688231,隆达股份,42.65,4.79,1.95,71878.0,303984100.0,本地最近行情CSV
2026-07-06,2026-07-06T11:24:33+08:00,688788,科思科技,42.57,-3.82,-1.69,25572.0,110252952.0,本地最近行情CSV
2026-07-06,2026-07-06T11:24:33+08:00,301599,理奇智能,42.56,-1.3,-0.56,29849.0,128385549.0,本地最近行情CSV
2026-07-06,2026-07-06T11:24:33+08:00,300965,恒宇信通,42.55,-4.21,-1.87,9027.0,39567798.0,本地最近行情CSV
2026-07-06,2026-07-06T11:24:33+08:00,002937,兴瑞科技,42.55,-6.83,-3.12,79706.0,348638253.1,本地最近行情CSV
2026-07-06,2026-07-06T11:24:33+08:00,605020,永和股份,42.5,-4.94,-2.21,310269.0,1343024455.0,本地最近行情CSV
2026-07-06,2026-07-06T11:24:33+08:00,301275,汉朔科技,42.49,-4.77,-2.13,48640.0,210628757.64,本地最近行情CSV
2026-07-06,2026-07-06T11:24:33+08:00,300946,恒而达,42.49,-6.8,-3.1,19670.0,85879606.72,本地最近行情CSV
2026-07-06,2026-07-06T11:24:33+08:00,688500,慧辰股份,42.45,-0.82,-0.35,13012.0,56338310.0,本地最近行情CSV
2026-07-06,2026-07-06T11:24:33+08:00,002294,信立泰,42.44,5.89,2.36,559344.0,2329297709.14,本地最近行情CSV
2026-07-06,2026-07-06T11:24:33+08:00,300573,兴齐眼药,42.41,2.05,0.85,85300.0,360272760.8,本地最近行情CSV
2026-07-06,2026-07-06T11:24:33+08:00,688039,当虹科技,42.38,16.75,6.08,57292.0,232452904.0,本地最近行情CSV
2026-07-06,2026-07-06T11:24:33+08:00,603005,晶方科技,42.3,-2.49,-1.08,466153.0,1995098591.0,本地最近行情CSV
2026-07-06,2026-07-06T11:24:33+08:00,002991,甘源食品,42.28,1.66,0.69,5522.0,23276770.4,本地最近行情CSV
2026-07-06,2026-07-06T11:24:33+08:00,301168,通灵股份,42.18,-4.51,-1.99,12672.0,54453155.0,本地最近行情CSV
2026-07-06,2026-07-06T11:24:33+08:00,300762,上海瀚讯,42.13,-9.2,-4.27,419214.0,1869927144.14,本地最近行情CSV
2026-07-06,2026-07-06T11:24:33+08:00,002240,盛新锂能,42.13,0.07,0.03,375333.0,1624213683.24,本地最近行情CSV
2026-07-06,2026-07-06T11:24:33+08:00,301316,慧博云通,42.12,-3.19,-1.39,149122.0,628994280.04,本地最近行情CSV
2026-07-06,2026-07-06T11:24:33+08:00,300723,一品红,42.12,2.01,0.83,221613.0,932459309.78,本地最近行情CSV
2026-07-06,2026-07-06T11:24:33+08:00,600362,江西铜业,42.11,-2.7,-1.17,422360.0,1835489216.0,本地最近行情CSV
2026-07-06,2026-07-06T11:24:33+08:00,603606,东方电缆,42.09,-3.79,-1.66,106800.0,453146938.0,本地最近行情CSV
2026-07-06,2026-07-06T11:24:33+08:00,301201,诚达药业,42.06,11.27,4.26,144594.0,583221859.82,本地最近行情CSV
2026-07-06,2026-07-06T11:24:33+08:00,301468,博盈特焊,42.0,0.67,0.28,63297.0,272460484.54,本地最近行情CSV
2026-07-06,2026-07-06T11:24:33+08:00,603127,昭衍新药,41.99,3.53,1.43,348676.0,1451751841.0,本地最近行情CSV
2026-07-06,2026-07-06T11:24:33+08:00,301618,长联科技,41.94,-5.96,-2.66,23669.0,101904762.7,本地最近行情CSV
2026-07-06,2026-07-06T11:24:33+08:00,300904,威力传动,41.94,-2.01,-0.86,6974.0,29572878.0,本地最近行情CSV
2026-07-06,2026-07-06T11:24:33+08:00,001225,和泰机电,41.94,-3.48,-1.51,6946.0,29937300.0,本地最近行情CSV
2026-07-06,2026-07-06T11:24:33+08:00,688690,纳微科技,41.93,4.12,1.66,113688.0,475662672.0,本地最近行情CSV
2026-07-06,2026-07-06T11:24:33+08:00,688297,中无人机,41.93,-2.67,-1.15,34846.0,148196910.0,本地最近行情CSV
2026-07-06,2026-07-06T11:24:33+08:00,001221,悍高集团,41.89,-0.05,-0.02,8551.0,36007710.2,本地最近行情CSV
2026-07-06,2026-07-06T11:24:33+08:00,300834,星辉环材,41.81,-3.55,-1.54,16077.0,68220952.41,本地最近行情CSV
2026-07-06,2026-07-06T11:24:33+08:00,301526,国际复材,41.75,-11.15,-5.24,1787916.0,7757756192.39,本地最近行情CSV
2026-07-06,2026-07-06T11:24:33+08:00,300919,中伟新材,41.75,-0.48,-0.2,99989.0,423465832.37,本地最近行情CSV
2026-07-06,2026-07-06T11:24:33+08:00,603200,上海洗霸,41.73,-2.34,-1.0,17954.0,76400660.0,本地最近行情CSV
2026-07-06,2026-07-06T11:24:33+08:00,603337,杰克科技,41.7,-1.21,-0.51,35360.0,148908932.0,本地最近行情CSV
2026-07-06,2026-07-06T11:24:33+08:00,300499,高澜股份,41.7,13.93,5.1,484909.0,1979898113.99,本地最近行情CSV
2026-07-06,2026-07-06T11:24:33+08:00,688320,禾川科技,41.68,-2.96,-1.27,64693.0,273209516.0,本地最近行情CSV
2026-07-06,2026-07-06T11:24:33+08:00,603538,美诺华,41.66,7.34,2.85,482477.0,1953335695.0,本地最近行情CSV
2026-07-06,2026-07-06T11:24:33+08:00,601088,中国神华,41.52,2.01,0.82,301554.0,1243554978.0,本地最近行情CSV
2026-07-06,2026-07-06T11:24:33+08:00,603130,云中马,41.49,2.9,1.17,13338.0,56248073.0,本地最近行情CSV
2026-07-06,2026-07-06T11:24:33+08:00,301636,泽润新能,41.47,-3.02,-1.29,6053.0,25605722.0,本地最近行情CSV
2026-07-06,2026-07-06T11:24:33+08:00,301252,同星科技,41.44,5.47,2.15,46389.0,191440847.61,本地最近行情CSV
2026-07-06,2026-07-06T11:24:33+08:00,301581,黄山谷捷,41.4,-11.84,-5.56,25235.0,109490505.52,本地最近行情CSV
2026-07-06,2026-07-06T11:24:33+08:00,603139,康惠股份,41.37,-0.46,-0.19,17507.0,72627169.0,本地最近行情CSV
2026-07-06,2026-07-06T11:24:33+08:00,688323,瑞华泰,41.3,-9.23,-4.2,140641.0,608606913.0,本地最近行情CSV
2026-07-06,2026-07-06T11:24:33+08:00,301591,肯特股份,41.3,-5.54,-2.42,29769.0,125902775.16,本地最近行情CSV
2026-07-06,2026-07-06T11:24:33+08:00,300648,星云股份,41.3,0.68,0.28,10505.0,43554871.0,本地最近行情CSV
2026-07-06,2026-07-06T11:24:33+08:00,301162,国能日新,41.24,-3.15,-1.34,14364.0,60440130.72,本地最近行情CSV
2026-07-06,2026-07-06T11:24:33+08:00,688226,威腾电气,41.17,-0.02,-0.01,41979.0,174681946.0,本地最近行情CSV
2026-07-06,2026-07-06T11:24:33+08:00,301055,张小泉,41.16,-0.27,-0.11,18373.0,76257644.3,本地最近行情CSV
2026-07-06,2026-07-06T11:24:33+08:00,603062,麦加芯彩,41.09,0.32,0.13,3398.0,14060337.0,本地最近行情CSV
2026-07-06,2026-07-06T11:24:33+08:00,600760,中航沈飞,41.09,-1.3,-0.54,94809.0,391146261.0,本地最近行情CSV
2026-07-06,2026-07-06T11:24:33+08:00,301419,阿莱德,41.09,-4.0,-1.71,43161.0,181679115.81,本地最近行情CSV
2026-07-06,2026-07-06T11:24:33+08:00,300540,蜀道装备,41.05,-0.39,-0.16,136390.0,557483759.77,本地最近行情CSV
2026-07-06,2026-07-06T11:24:33+08:00,002885,京泉华,41.04,3.58,1.42,207662.0,869799910.74,本地最近行情CSV
2026-07-06,2026-07-06T11:24:33+08:00,300139,晓程科技,41.03,-6.86,-3.02,429468.0,1857466055.07,本地最近行情CSV
2026-07-06,2026-07-06T11:24:33+08:00,688655,迅捷兴,41.02,-6.77,-2.98,48420.0,202844945.0,本地最近行情CSV
2026-07-06,2026-07-06T11:24:33+08:00,688138,清溢光电,41.02,-3.23,-1.37,93791.0,385482904.0,本地最近行情CSV
2026-07-06,2026-07-06T11:24:33+08:00,300007,汉威科技,40.98,-5.29,-2.29,188617.0,789414138.5,本地最近行情CSV
2026-07-06,2026-07-06T11:24:33+08:00,688273,麦澜德,40.95,-0.56,-0.23,6556.0,26966869.0,本地最近行情CSV
2026-07-06,2026-07-06T11:24:33+08:00,002842,翔鹭钨业,40.93,-9.35,-4.22,367103.0,1575202552.3,本地最近行情CSV
2026-07-06,2026-07-06T11:24:33+08:00,301161,唯万密封,40.91,8.57,3.23,98748.0,405858847.97,本地最近行情CSV
2026-07-06,2026-07-06T11:24:33+08:00,301141,中科磁业,40.9,-6.79,-2.98,21334.0,89903408.48,本地最近行情CSV
2026-07-06,2026-07-06T11:24:33+08:00,300900,广联航空,40.9,-1.37,-0.57,200234.0,838158914.35,本地最近行情CSV
2026-07-06,2026-07-06T11:24:33+08:00,688636,智明达,40.88,1.69,0.68,86597.0,361472852.0,本地最近行情CSV
2026-07-06,2026-07-06T11:24:33+08:00,301072,中捷精工,40.88,-2.87,-1.21,40213.0,167513879.2,本地最近行情CSV
2026-07-06,2026-07-06T11:24:33+08:00,688107,安路科技,40.87,1.62,0.65,73738.0,301020675.0,本地最近行情CSV
2026-07-06,2026-07-06T11:24:33+08:00,301365,矩阵股份,40.85,2.07,0.83,63953.0,260184087.1,本地最近行情CSV
2026-07-06,2026-07-06T11:24:33+08:00,301498,乖宝宠物,40.79,-0.32,-0.13,15432.0,63141236.0,本地最近行情CSV
2026-07-06,2026-07-06T11:24:33+08:00,000960,锡业股份,40.72,0.59,0.24,616541.0,2585260910.27,本地最近行情CSV
2026-07-06,2026-07-06T11:24:33+08:00,002230,科大讯飞,40.7,-1.95,-0.81,240688.0,986483860.52,本地最近行情CSV
2026-07-06,2026-07-06T11:24:33+08:00,002655,共达电声,40.67,-0.05,-0.02,153356.0,638770328.0,本地最近行情CSV
2026-07-06,2026-07-06T11:24:33+08:00,001268,联合精密,40.57,2.97,1.17,32105.0,132872503.0,本地最近行情CSV
2026-07-06,2026-07-06T11:24:33+08:00,688010,福光股份,40.56,-5.72,-2.46,49149.0,202571258.0,本地最近行情CSV
2026-07-06,2026-07-06T11:24:33+08:00,002903,宇环数控,40.56,-6.28,-2.72,49311.0,205848044.72,本地最近行情CSV
2026-07-06,2026-07-06T11:24:33+08:00,603293,埃泰克,40.53,-3.38,-1.42,14006.0,57372289.0,本地最近行情CSV
2026-07-06,2026-07-06T11:24:33+08:00,603275,众辰科技,40.53,-2.69,-1.12,9775.0,40134430.0,本地最近行情CSV
2026-07-06,2026-07-06T11:24:33+08:00,301613,新铝时代,40.5,0.2,0.08,11475.0,46904736.72,本地最近行情CSV
2026-07-06,2026-07-06T11:24:33+08:00,001223,欧克科技,40.41,-5.47,-2.34,20529.0,85117753.54,本地最近行情CSV
2026-07-06,2026-07-06T11:24:33+08:00,300461,田中精机,40.35,-0.37,-0.15,60627.0,252593663.0,本地最近行情CSV
2026-07-06,2026-07-06T11:24:33+08:00,688680,海优新材,40.32,-1.66,-0.68,11584.0,47074389.0,本地最近行情CSV
2026-07-06,2026-07-06T11:24:33+08:00,688302,海创药业-U,40.3,2.28,0.9,23001.0,92716215.0,本地最近行情CSV
2026-07-06,2026-07-06T11:24:33+08:00,001365,天海电子,40.29,-4.93,-2.09,55440.0,227153669.71,本地最近行情CSV
2026-07-06,2026-07-06T11:24:33+08:00,301203,国泰环保,40.26,-0.2,-0.08,3271.0,13223515.0,本地最近行情CSV
2026-07-06,2026-07-06T11:24:33+08:00,300480,光力科技,40.23,-2.45,-1.01,183240.0,728109565.89,本地最近行情CSV
2026-07-06,2026-07-06T11:24:33+08:00,300456,赛微电子,40.23,-0.96,-0.39,220473.0,880657659.89,本地最近行情CSV
2026-07-06,2026-07-06T11:24:33+08:00,003007,直真科技,40.14,-3.14,-1.3,15215.0,61958625.0,本地最近行情CSV
2026-07-06,2026-07-06T11:24:33+08:00,300913,兆龙互连,40.12,-3.3,-1.37,59965.0,242209770.88,本地最近行情CSV
2026-07-06,2026-07-06T11:24:33+08:00,000799,酒鬼酒,40.1,-0.94,-0.38,93744.0,379693005.02,本地最近行情CSV
2026-07-06,2026-07-06T11:24:33+08:00,600329,达仁堂,40.07,0.25,0.1,30935.0,123661051.0,本地最近行情CSV
2026-07-06,2026-07-06T11:24:33+08:00,301491,汉桑科技,40.07,-1.55,-0.63,2833.0,11464747.28,本地最近行情CSV
2026-07-06,2026-07-06T11:24:33+08:00,603698,航天工程,40.01,-5.3,-2.24,192426.0,798761640.0,本地最近行情CSV
2026-07-06,2026-07-06T11:24:33+08:00,688053,ST思科瑞,40.0,0.0,0.0,6077.0,24421561.0,本地最近行情CSV
2026-07-06,2026-07-06T11:24:33+08:00,688520,神州细胞,39.98,5.27,2.0,49924.0,195393729.0,本地最近行情CSV
2026-07-06,2026-07-06T11:24:33+08:00,301230,泓博医药,39.96,-0.35,-0.14,111611.0,451828803.81,本地最近行情CSV
2026-07-06,2026-07-06T11:24:33+08:00,603068,博通集成,39.89,2.41,0.94,54990.0,212119195.0,本地最近行情CSV
2026-07-06,2026-07-06T11:24:33+08:00,688159,有方科技,39.83,-4.71,-1.97,23935.0,96913511.0,本地最近行情CSV
2026-07-06,2026-07-06T11:24:33+08:00,688543,国科军工,39.78,-1.58,-0.64,44834.0,179987449.0,本地最近行情CSV
2026-07-06,2026-07-06T11:24:33+08:00,001399,惠科股份,39.68,-5.84,-2.46,1116902.0,4456126609.56,本地最近行情CSV
2026-07-06,2026-07-06T11:24:33+08:00,688071,华依科技,39.67,9.56,3.46,105437.0,433523686.0,本地最近行情CSV
2026-07-06,2026-07-06T11:24:33+08:00,688458,美芯晟,39.61,-1.88,-0.76,24524.0,96871344.0,本地最近行情CSV
2026-07-06,2026-07-06T11:24:33+08:00,001337,四川黄金,39.61,-3.88,-1.6,208854.0,858933762.84,本地最近行情CSV
2026-07-06,2026-07-06T11:24:33+08:00,300807,天迈科技,39.59,-1.1,-0.44,6976.0,27653696.0,本地最近行情CSV
2026-07-06,2026-07-06T11:24:33+08:00,603211,晋拓股份,39.53,9.99,3.59,114211.0,445217423.0,本地最近行情CSV
2026-07-06,2026-07-06T11:24:33+08:00,301520,万邦医药,39.52,11.17,3.97,122584.0,449014612.41,本地最近行情CSV
2026-07-06,2026-07-06T11:24:33+08:00,002870,香山股份,39.51,0.92,0.36,38255.0,154083084.48,本地最近行情CSV
2026-07-06,2026-07-06T11:24:33+08:00,688712,北芯生命,39.5,2.92,1.12,24975.0,98543502.0,本地最近行情CSV
2026-07-06,2026-07-06T11:24:33+08:00,300571,平治信息,39.5,-4.29,-1.77,64403.0,258309956.5,本地最近行情CSV
2026-07-06,2026-07-06T11:24:33+08:00,600141,兴发集团,39.49,-1.0,-0.4,367533.0,1494512085.0,本地最近行情CSV
2026-07-06,2026-07-06T11:24:33+08:00,688081,兴图新科,39.46,-1.03,-0.41,12586.0,50532448.0,本地最近行情CSV
2026-07-06,2026-07-06T11:24:33+08:00,688050,爱博医疗,39.46,-1.2,-0.48,20952.0,83293525.0,本地最近行情CSV
2026-07-06,2026-07-06T11:24:33+08:00,688080,映翰通,39.41,-3.12,-1.27,11647.0,46421392.0,本地最近行情CSV
2026-07-06,2026-07-06T11:24:33+08:00,688137,近岸蛋白,39.4,1.99,0.77,14098.0,55637332.0,本地最近行情CSV
2026-07-06,2026-07-06T11:24:33+08:00,300975,商络电子,39.31,-6.45,-2.71,480402.0,1951787815.92,本地最近行情CSV
2026-07-06,2026-07-06T11:24:33+08:00,300606,金太阳,39.31,-3.7,-1.51,46535.0,186042212.0,本地最近行情CSV
2026-07-06,2026-07-06T11:24:33+08:00,002992,宝明科技,39.29,-4.61,-1.9,15633.0,62648822.0,本地最近行情CSV
2026-07-06,2026-07-06T11:24:33+08:00,600211,西藏药业,39.2,1.08,0.42,44840.0,175744048.0,本地最近行情CSV
2026-07-06,2026-07-06T11:24:33+08:00,688180,君实生物-U,39.18,3.13,1.19,249273.0,978252880.0,本地最近行情CSV
2026-07-06,2026-07-06T11:24:33+08:00,603284,林平发展,39.16,-1.39,-0.55,11261.0,43958000.0,本地最近行情CSV
2026-07-06,2026-07-06T11:24:33+08:00,002304,洋河股份,39.14,1.19,0.46,50798.0,198386682.05,本地最近行情CSV
2026-07-06,2026-07-06T11:24:33+08:00,688171,纬德信息,39.11,-6.39,-2.67,9706.0,39017447.0,本地最近行情CSV
2026-07-06,2026-07-06T11:24:33+08:00,688432,有研硅,39.06,-7.42,-3.13,456557.0,1828905724.0,本地最近行情CSV
2026-07-06,2026-07-06T11:24:33+08:00,688733,壹石通,39.03,0.39,0.15,114815.0,458918451.0,本地最近行情CSV
2026-07-06,2026-07-06T11:24:33+08:00,688595,芯海科技,39.03,-2.52,-1.01,55981.0,217294570.0,本地最近行情CSV
2026-07-06,2026-07-06T11:24:33+08:00,301336,趣睡科技,39.02,-0.96,-0.38,5108.0,20072274.5,本地最近行情CSV
2026-07-06,2026-07-06T11:24:33+08:00,689009,九号公司-WD,38.99,-1.12,-0.44,95020.0,375962504.0,本地最近行情CSV
2026-07-06,2026-07-06T11:24:33+08:00,301321,翰博高新,38.99,-5.71,-2.36,40552.0,160791773.44,本地最近行情CSV
2026-07-06,2026-07-06T11:24:33+08:00,301236,软通动力,38.95,-7.31,-3.07,336144.0,1331263157.99,本地最近行情CSV
2026-07-06,2026-07-06T11:24:33+08:00,688568,中科星图,38.94,-6.89,-2.88,107371.0,433677111.0,本地最近行情CSV
2026-07-06,2026-07-06T11:24:33+08:00,603171,税友股份,38.87,-1.69,-0.67,19783.0,78077098.0,本地最近行情CSV
2026-07-06,2026-07-06T11:24:33+08:00,603072,天和磁材,38.86,-2.97,-1.19,35295.0,137893661.0,本地最近行情CSV
2026-07-06,2026-07-06T11:24:33+08:00,688215,瑞晟智能,38.77,-6.4,-2.65,10074.0,40104661.0,本地最近行情CSV
2026-07-06,2026-07-06T11:24:33+08:00,000651,格力电器,38.76,1.12,0.43,341364.0,1315443476.91,本地最近行情CSV
2026-07-06,2026-07-06T11:24:33+08:00,600893,航发动力,38.68,-1.6,-0.63,201852.0,786286534.0,本地最近行情CSV
2026-07-06,2026-07-06T11:24:33+08:00,301178,天亿马,38.67,-3.78,-1.52,30373.0,117438667.36,本地最近行情CSV
2026-07-06,2026-07-06T11:24:33+08:00,605100,华丰股份,38.62,-1.4,-0.55,35772.0,139964706.0,本地最近行情CSV
2026-07-06,2026-07-06T11:24:33+08:00,688388,嘉元科技,38.61,-1.68,-0.66,244688.0,965501860.0,本地最近行情CSV
2026-07-06,2026-07-06T11:24:33+08:00,601628,中国人寿,38.52,-0.36,-0.14,223939.0,867384811.0,本地最近行情CSV
2026-07-06,2026-07-06T11:24:33+08:00,300547,川环科技,38.52,5.62,2.05,164550.0,619127204.19,本地最近行情CSV
2026-07-06,2026-07-06T11:24:33+08:00,688767,博拓生物,38.51,4.08,1.51,23552.0,90836543.0,本地最近行情CSV
2026-07-06,2026-07-06T11:24:33+08:00,002714,牧原股份,38.48,4.28,1.58,693101.0,2650037460.73,本地最近行情CSV
2026-07-06,2026-07-06T11:24:33+08:00,603195,公牛集团,38.42,1.08,0.41,27065.0,103525937.0,本地最近行情CSV
2026-07-06,2026-07-06T11:24:33+08:00,301218,华是科技,38.41,-6.7,-2.76,48548.0,189588258.88,本地最近行情CSV
2026-07-06,2026-07-06T11:24:33+08:00,300623,捷捷微电,38.34,-0.42,-0.16,227178.0,860535962.29,本地最近行情CSV
2026-07-06,2026-07-06T11:24:33+08:00,301449,天溯计量,38.25,-0.93,-0.36,6572.0,25591086.08,本地最近行情CSV
2026-07-06,2026-07-06T11:24:33+08:00,301186,超达装备,38.25,-2.12,-0.83,12243.0,47080858.6,本地最近行情CSV
2026-07-06,2026-07-06T11:24:33+08:00,300881,盛德鑫泰,38.22,-4.35,-1.74,16899.0,65851038.0,本地最近行情CSV
2026-07-06,2026-07-06T11:24:33+08:00,300450,先导智能,38.19,-2.8,-1.1,298333.0,1160128695.78,本地最近行情CSV
2026-07-06,2026-07-06T11:24:33+08:00,301110,青木科技,38.18,-3.39,-1.34,18326.0,71150529.44,本地最近行情CSV
2026-07-06,2026-07-06T11:24:33+08:00,603082,北自科技,38.17,-4.1,-1.63,32508.0,125715167.0,本地最近行情CSV
2026-07-06,2026-07-06T11:24:33+08:00,301315,威士顿,38.16,-3.2,-1.26,8259.0,31926182.48,本地最近行情CSV
2026-07-06,2026-07-06T11:24:33+08:00,688262,国芯科技,38.11,-0.37,-0.14,115647.0,434589032.0,本地最近行情CSV
2026-07-06,2026-07-06T11:24:33+08:00,002335,科华数据,38.1,0.4,0.15,174490.0,669155023.05,本地最近行情CSV
2026-07-06,2026-07-06T11:24:33+08:00,688116,天奈科技,38.03,-4.95,-1.98,89233.0,346435904.0,本地最近行情CSV
2026-07-06,2026-07-06T11:24:33+08:00,300725,药石科技,38.0,1.79,0.67,114272.0,434858026.66,本地最近行情CSV
2026-07-06,2026-07-06T11:24:33+08:00,300584,海辰药业,38.0,0.26,0.1,52277.0,201419162.0,本地最近行情CSV
2026-07-06,2026-07-06T11:24:33+08:00,688135,利扬芯片,37.98,-0.47,-0.18,126674.0,477608793.0,本地最近行情CSV
2026-07-06,2026-07-06T11:24:33+08:00,600580,卧龙电驱,37.98,1.69,0.63,1083384.0,4137756462.0,本地最近行情CSV
2026-07-06,2026-07-06T11:24:33+08:00,300657,弘信电子,37.98,-2.34,-0.91,215813.0,818657125.83,本地最近行情CSV
2026-07-06,2026-07-06T11:24:33+08:00,300545,联得装备,37.97,-8.48,-3.52,159624.0,628638859.88,本地最近行情CSV
2026-07-06,2026-07-06T11:24:33+08:00,688182,灿勤科技,37.91,-5.56,-2.23,61347.0,236840251.0,本地最近行情CSV
2026-07-06,2026-07-06T11:24:33+08:00,600885,宏发股份,37.9,-0.5,-0.19,248850.0,963785310.0,本地最近行情CSV
2026-07-06,2026-07-06T11:24:33+08:00,688210,统联精密,37.84,-3.79,-1.49,21872.0,84907721.0,本地最近行情CSV
2026-07-06,2026-07-06T11:24:33+08:00,301002,崧盛股份,37.84,-2.9,-1.13,40654.0,158704421.41,本地最近行情CSV
2026-07-06,2026-07-06T11:24:33+08:00,300354,东华测试,37.84,1.69,0.63,32865.0,125500066.0,本地最近行情CSV
2026-07-06,2026-07-06T11:24:33+08:00,603173,福斯达,37.82,-2.55,-0.99,14013.0,53406472.0,本地最近行情CSV
2026-07-06,2026-07-06T11:24:33+08:00,688679,通源环境,37.81,-4.78,-1.9,16827.0,65106092.0,本地最近行情CSV
2026-07-06,2026-07-06T11:24:33+08:00,600593,大连圣亚,37.8,2.77,1.02,38450.0,143815536.0,本地最近行情CSV
2026-07-06,2026-07-06T11:24:33+08:00,301133,金钟股份,37.75,-3.48,-1.36,18107.0,69029044.14,本地最近行情CSV
2026-07-06,2026-07-06T11:24:33+08:00,300618,寒锐钴业,37.75,4.37,1.58,107117.0,409928047.08,本地最近行情CSV
2026-07-06,2026-07-06T11:24:33+08:00,688259,创耀科技,37.74,-0.74,-0.28,27452.0,102342595.0,本地最近行情CSV
2026-07-06,2026-07-06T11:24:33+08:00,603341,龙旗科技,37.7,-3.33,-1.3,84506.0,321535149.0,本地最近行情CSV
2026-07-06,2026-07-06T11:24:33+08:00,688087,英科再生,37.68,4.55,1.64,14188.0,51803883.0,本地最近行情CSV
2026-07-06,2026-07-06T11:24:33+08:00,001325,元创股份,37.67,-1.31,-0.5,5188.0,19627838.0,本地最近行情CSV
2026-07-06,2026-07-06T11:24:33+08:00,002881,美格智能,37.65,-2.76,-1.07,45055.0,171334942.31,本地最近行情CSV
2026-07-06,2026-07-06T11:24:33+08:00,600298,安琪酵母,37.64,1.4,0.52,57204.0,214143725.0,本地最近行情CSV
2026-07-06,2026-07-06T11:24:33+08:00,301097,天益医疗,37.58,-0.32,-0.12,5384.0,20268672.3,本地最近行情CSV
2026-07-06,2026-07-06T11:24:33+08:00,605598,上海港湾,37.56,-9.99,-4.17,65863.0,258086334.0,本地最近行情CSV
2026-07-06,2026-07-06T11:24:33+08:00,600150,中国船舶,37.56,1.1,0.41,979777.0,3696549566.0,本地最近行情CSV
2026-07-06,2026-07-06T11:24:33+08:00,603661,恒林股份,37.44,-5.93,-2.36,43548.0,169664585.0,本地最近行情CSV
2026-07-06,2026-07-06T11:24:33+08:00,301067,显盈科技,37.42,-1.45,-0.55,49892.0,190815012.6,本地最近行情CSV
2026-07-06,2026-07-06T11:24:33+08:00,605133,嵘泰股份,37.4,-3.76,-1.46,79219.0,301296619.0,本地最近行情CSV
2026-07-06,2026-07-06T11:24:33+08:00,002841,视源股份,37.38,-2.5,-0.96,60597.0,224280369.96,本地最近行情CSV
2026-07-06,2026-07-06T11:24:33+08:00,688070,纵横股份,37.36,-3.64,-1.41,13286.0,51680101.0,本地最近行情CSV
2026-07-06,2026-07-06T11:24:33+08:00,600036,招商银行,37.35,1.41,0.52,550448.0,2043038005.0,本地最近行情CSV
2026-07-06,2026-07-06T11:24:33+08:00,688716,中研股份,37.3,2.0,0.73,51014.0,192697311.0,本地最近行情CSV
2026-07-06,2026-07-06T11:24:33+08:00,300339,润和软件,37.3,-2.56,-0.98,139470.0,524593431.64,本地最近行情CSV
2026-07-06,2026-07-06T11:24:33+08:00,001396,誉帆科技,37.2,2.96,1.07,13752.0,51318956.44,本地最近行情CSV
2026-07-06,2026-07-06T11:24:33+08:00,688106,金宏气体,37.14,-7.15,-2.86,468869.0,1781519576.0,本地最近行情CSV
2026-07-06,2026-07-06T11:24:33+08:00,688265,南模生物,37.13,1.7,0.62,8977.0,33338835.0,本地最近行情CSV
2026-07-06,2026-07-06T11:24:33+08:00,688403,汇成股份,37.1,5.07,1.79,603438.0,2154476199.0,本地最近行情CSV
2026-07-06,2026-07-06T11:24:33+08:00,688216,气派科技,37.04,-9.75,-4.0,121169.0,462695556.0,本地最近行情CSV
2026-07-06,2026-07-06T11:24:33+08:00,300478,杭州高新,37.01,-4.91,-1.91,25303.0,95750202.0,本地最近行情CSV
2026-07-06,2026-07-06T11:24:33+08:00,601995,中金公司,36.98,1.65,0.6,320448.0,1189394984.0,本地最近行情CSV
2026-07-06,2026-07-06T11:24:33+08:00,688682,霍莱沃,36.96,-5.47,-2.14,15513.0,59339178.0,本地最近行情CSV
2026-07-06,2026-07-06T11:24:33+08:00,300765,石药创新,36.96,0.68,0.25,281603.0,1047799983.0,本地最近行情CSV
2026-07-06,2026-07-06T11:24:33+08:00,002158,汉钟精机,36.96,2.75,0.99,139416.0,509502181.43,本地最近行情CSV
2026-07-06,2026-07-06T11:24:33+08:00,300566,激智科技,36.95,-0.35,-0.13,152605.0,568468968.34,本地最近行情CSV
2026-07-06,2026-07-06T11:24:33+08:00,300458,全志科技,36.93,-1.91,-0.72,327421.0,1200862059.03,本地最近行情CSV
2026-07-06,2026-07-06T11:24:33+08:00,600520,三佳科技,36.92,2.27,0.82,129349.0,477424406.0,本地最近行情CSV
2026-07-06,2026-07-06T11:24:33+08:00,603370,华新精科,36.9,-3.61,-1.38,5520.0,20564120.0,本地最近行情CSV
2026-07-06,2026-07-06T11:24:33+08:00,688729,屹唐股份,36.86,-13.54,-5.77,308739.0,1158585273.0,本地最近行情CSV
2026-07-06,2026-07-06T11:24:33+08:00,001215,千味央厨,36.86,-1.6,-0.6,14661.0,53884946.0,本地最近行情CSV
2026-07-06,2026-07-06T11:24:33+08:00,688113,联测科技,36.84,-4.19,-1.61,9039.0,33974866.0,本地最近行情CSV
2026-07-06,2026-07-06T11:24:33+08:00,688479,友车科技,36.8,0.96,0.35,10542.0,38691290.0,本地最近行情CSV
2026-07-06,2026-07-06T11:24:33+08:00,600673,东阳光,36.8,1.52,0.55,428481.0,1555613164.0,本地最近行情CSV
2026-07-06,2026-07-06T11:24:33+08:00,300878,维康药业,36.79,-6.74,-2.66,67101.0,255742553.71,本地最近行情CSV
2026-07-06,2026-07-06T11:24:33+08:00,300727,润禾材料,36.71,2.6,0.93,68014.0,252045750.0,本地最近行情CSV
2026-07-06,2026-07-06T11:24:33+08:00,688593,新相微,36.7,-6.07,-2.37,121343.0,455064394.0,本地最近行情CSV
2026-07-06,2026-07-06T11:24:33+08:00,603039,泛微网络,36.64,5.02,1.75,118728.0,430561899.0,本地最近行情CSV
2026-07-06,2026-07-06T11:24:33+08:00,001335,信凯科技,36.62,-2.81,-1.06,14475.0,53134147.38,本地最近行情CSV
2026-07-06,2026-07-06T11:24:33+08:00,688371,菲沃泰,36.61,-4.64,-1.78,71118.0,259635859.0,本地最近行情CSV
2026-07-06,2026-07-06T11:24:33+08:00,300492,华图山鼎,36.6,-0.41,-0.15,18122.0,67452986.23,本地最近行情CSV
2026-07-06,2026-07-06T11:24:33+08:00,000688,国城矿业,36.6,2.21,0.79,172164.0,639116315.3,本地最近行情CSV
2026-07-06,2026-07-06T11:24:33+08:00,301291,明阳电气,36.59,1.11,0.4,59929.0,221339763.63,本地最近行情CSV
2026-07-06,2026-07-06T11:24:33+08:00,300955,嘉亨家化,36.54,-2.14,-0.8,10829.0,39844073.35,本地最近行情CSV
2026-07-06,2026-07-06T11:24:33+08:00,688023,安恒信息,36.51,0.72,0.26,11580.0,41848519.0,本地最近行情CSV
2026-07-06,2026-07-06T11:24:33+08:00,603867,新化股份,36.51,-1.83,-0.68,42123.0,155259098.0,本地最近行情CSV
2026-07-06,2026-07-06T11:24:33+08:00,301446,福事特,36.48,-1.49,-0.55,4511.0,16694835.1,本地最近行情CSV
2026-07-06,2026-07-06T11:24:33+08:00,301121,紫建电子,36.47,-3.34,-1.26,14793.0,55803157.44,本地最近行情CSV
2026-07-06,2026-07-06T11:24:33+08:00,600114,东睦股份,36.44,-3.42,-1.29,187113.0,698737166.0,本地最近行情CSV
2026-07-06,2026-07-06T11:24:33+08:00,688196,卓越新能,36.42,-5.13,-1.97,18272.0,67980555.0,本地最近行情CSV
2026-07-06,2026-07-06T11:24:33+08:00,603334,丰倍生物,36.37,2.34,0.83,18109.0,66157620.0,本地最近行情CSV
2026-07-06,2026-07-06T11:24:33+08:00,300676,华大基因,36.36,-0.74,-0.27,56043.0,204761754.88,本地最近行情CSV
2026-07-06,2026-07-06T11:24:33+08:00,688363,华熙生物,36.31,-2.71,-1.01,28749.0,105321232.0,本地最近行情CSV
2026-07-06,2026-07-06T11:24:33+08:00,301669,高特电子,36.3,-5.42,-2.08,99723.0,369673177.2,本地最近行情CSV
2026-07-06,2026-07-06T11:24:33+08:00,600482,中国动力,36.23,7.86,2.64,514723.0,1861339772.0,本地最近行情CSV
2026-07-06,2026-07-06T11:24:33+08:00,603099,长白山,36.13,1.03,0.37,34762.0,125330994.0,本地最近行情CSV
2026-07-06,2026-07-06T11:24:33+08:00,600763,通策医疗,36.03,0.98,0.35,76195.0,274332453.0,本地最近行情CSV
2026-07-06,2026-07-06T11:24:33+08:00,002955,鸿合科技,36.02,-3.04,-1.13,47524.0,170939034.56,本地最近行情CSV
2026-07-06,2026-07-06T11:24:33+08:00,600702,舍得酒业,36.01,0.36,0.13,45869.0,165419020.0,本地最近行情CSV
2026-07-06,2026-07-06T11:24:33+08:00,301222,浙江恒威,35.95,3.39,1.18,39781.0,144968210.0,本地最近行情CSV
2026-07-06,2026-07-06T11:24:33+08:00,301616,浙江华业,35.94,-1.78,-0.65,5424.0,19669920.75,本地最近行情CSV
2026-07-06,2026-07-06T11:24:33+08:00,601133,XD柏诚股,35.9,-3.78,-1.41,123446.0,449356220.0,本地最近行情CSV
2026-07-06,2026-07-06T11:24:33+08:00,688709,成都华微,35.89,-0.99,-0.36,52621.0,186608793.0,本地最近行情CSV
2026-07-06,2026-07-06T11:24:33+08:00,002273,水晶光电,35.83,-3.11,-1.15,825000.0,3019080986.17,本地最近行情CSV
2026-07-06,2026-07-06T11:24:33+08:00,300785,值得买,35.76,-1.92,-0.7,37344.0,135544175.0,本地最近行情CSV
2026-07-06,2026-07-06T11:24:33+08:00,000426,兴业银锡,35.66,0.91,0.32,647416.0,2390973555.95,本地最近行情CSV
2026-07-06,2026-07-06T11:24:33+08:00,688314,康拓医疗,35.65,-1.74,-0.63,6501.0,23307763.0,本地最近行情CSV
2026-07-06,2026-07-06T11:24:33+08:00,688711,宏微科技,35.64,-3.75,-1.39,105798.0,384776840.0,本地最近行情CSV
2026-07-06,2026-07-06T11:24:33+08:00,301061,匠心家居,35.63,1.57,0.55,16101.0,57241908.4,本地最近行情CSV
2026-07-06,2026-07-06T11:24:33+08:00,301202,朗威股份,35.55,5.96,2.0,28594.0,100791137.36,本地最近行情CSV
2026-07-06,2026-07-06T11:24:33+08:00,301234,五洲医疗,35.54,-3.53,-1.3,9368.0,34054589.5,本地最近行情CSV
2026-07-06,2026-07-06T11:24:33+08:00,000063,中兴通讯,35.54,-2.31,-0.84,840463.0,2993033939.67,本地最近行情CSV
2026-07-06,2026-07-06T11:24:33+08:00,301233,盛帮股份,35.52,-6.06,-2.29,9610.0,35108525.6,本地最近行情CSV
2026-07-06,2026-07-06T11:24:33+08:00,301567,贝隆精密,35.48,-2.55,-0.93,9835.0,35533577.94,本地最近行情CSV
2026-07-06,2026-07-06T11:24:33+08:00,002119,康强电子,35.48,-9.12,-3.56,590990.0,2195201190.36,本地最近行情CSV
2026-07-06,2026-07-06T11:24:33+08:00,688062,迈威生物-U,35.45,10.57,3.39,168187.0,580466960.0,本地最近行情CSV
2026-07-06,2026-07-06T11:24:33+08:00,688759,必贝特-U,35.42,2.67,0.92,53860.0,191474728.0,本地最近行情CSV
2026-07-06,2026-07-06T11:24:33+08:00,688211,中科微至,35.42,0.06,0.02,10164.0,36162774.0,本地最近行情CSV
2026-07-06,2026-07-06T11:24:33+08:00,301379,天山电子,35.37,9.98,3.21,500039.0,1777755854.19,本地最近行情CSV
2026-07-06,2026-07-06T11:24:33+08:00,001229,魅视科技,35.35,0.2,0.07,35599.0,124922389.8,本地最近行情CSV
2026-07-06,2026-07-06T11:24:33+08:00,301459,丰茂股份,35.34,-1.86,-0.67,6410.0,22936232.32,本地最近行情CSV
2026-07-06,2026-07-06T11:24:33+08:00,603014,威高血净,35.33,-1.81,-0.65,23212.0,83063387.0,本地最近行情CSV
2026-07-06,2026-07-06T11:24:33+08:00,300652,雷迪克,35.33,-2.46,-0.89,27362.0,98970672.8,本地最近行情CSV
2026-07-06,2026-07-06T11:24:33+08:00,300656,民德电子,35.3,3.82,1.3,72796.0,266437560.2,本地最近行情CSV
2026-07-06,2026-07-06T11:24:33+08:00,301007,德迈仕,35.29,-5.89,-2.21,36180.0,129837603.47,本地最近行情CSV
2026-07-06,2026-07-06T11:24:33+08:00,003026,中晶科技,35.27,-2.76,-1.0,99553.0,355787086.53,本地最近行情CSV
2026-07-06,2026-07-06T11:24:33+08:00,002796,世嘉科技,35.27,-4.37,-1.61,74444.0,268650655.4,本地最近行情CSV
2026-07-06,2026-07-06T11:24:33+08:00,300983,尤安设计,35.2,-0.98,-0.35,8231.0,29379327.64,本地最近行情CSV
2026-07-06,2026-07-06T11:24:33+08:00,603353,和顺石油,35.17,-2.58,-0.93,25616.0,91746377.0,本地最近行情CSV
2026-07-06,2026-07-06T11:24:33+08:00,688069,德林海,35.16,-9.5,-3.69,30511.0,112079302.0,本地最近行情CSV
2026-07-06,2026-07-06T11:24:33+08:00,688558,国盛智科,35.15,-3.01,-1.09,24309.0,86234144.0,本地最近行情CSV
2026-07-06,2026-07-06T11:24:33+08:00,001332,锡装股份,35.11,-1.93,-0.69,16257.0,57877482.92,本地最近行情CSV
2026-07-06,2026-07-06T11:24:33+08:00,688657,浩辰软件,35.08,-2.31,-0.83,9324.0,32958100.0,本地最近行情CSV
2026-07-06,2026-07-06T11:24:33+08:00,688358,祥生医疗,35.06,1.1,0.38,20730.0,72533457.0,本地最近行情CSV
2026-07-06,2026-07-06T11:24:33+08:00,002213,大为股份,35.06,0.2,0.07,91214.0,324265737.0,本地最近行情CSV
2026-07-06,2026-07-06T11:24:33+08:00,688648,中邮科技,35.03,-4.58,-1.68,14003.0,49994636.0,本地最近行情CSV
2026-07-06,2026-07-06T11:24:33+08:00,301053,远信工业,34.99,-5.94,-2.21,24522.0,88047610.79,本地最近行情CSV
2026-07-06,2026-07-06T11:24:33+08:00,300069,金利华电,34.99,-8.62,-3.3,134062.0,480468183.44,本地最近行情CSV
2026-07-06,2026-07-06T11:24:33+08:00,301397,溯联股份,34.96,1.92,0.66,22934.0,79989034.96,本地最近行情CSV
2026-07-06,2026-07-06T11:24:33+08:00,600895,张江高科,34.91,0.84,0.29,195346.0,682740770.0,本地最近行情CSV
2026-07-06,2026-07-06T11:24:33+08:00,300400,劲拓股份,34.89,3.41,1.15,119930.0,423359742.0,本地最近行情CSV
2026-07-06,2026-07-06T11:24:33+08:00,600612,老凤祥,34.83,2.05,0.7,12750.0,44197857.0,本地最近行情CSV
2026-07-06,2026-07-06T11:24:33+08:00,688088,虹软科技,34.81,-3.44,-1.24,48596.0,171686943.0,本地最近行情CSV
2026-07-06,2026-07-06T11:24:33+08:00,300467,迅游科技,34.8,2.59,0.88,38761.0,136078001.4,本地最近行情CSV
2026-07-06,2026-07-06T11:24:33+08:00,002380,科远智慧,34.78,-2.08,-0.74,34373.0,120866204.0,本地最近行情CSV
2026-07-06,2026-07-06T11:24:33+08:00,605090,九丰能源,34.68,-3.93,-1.42,83836.0,295249921.0,本地最近行情CSV
2026-07-06,2026-07-06T11:24:33+08:00,300516,久之洋,34.66,-6.5,-2.41,84395.0,301827756.08,本地最近行情CSV
2026-07-06,2026-07-06T11:24:33+08:00,603194,中力股份,34.65,-1.79,-0.63,12077.0,42245686.0,本地最近行情CSV
2026-07-06,2026-07-06T11:24:33+08:00,300855,图南股份,34.63,0.09,0.03,66478.0,236746825.75,本地最近行情CSV
2026-07-06,2026-07-06T11:24:33+08:00,605118,力鼎光电,34.61,-4.29,-1.55,37607.0,133753550.0,本地最近行情CSV
2026-07-06,2026-07-06T11:24:33+08:00,300756,金马游乐,34.58,6.3,2.05,121074.0,418099317.68,本地最近行情CSV
2026-07-06,2026-07-06T11:24:33+08:00,301112,信邦智能,34.56,-2.68,-0.95,16382.0,57115467.0,本地最近行情CSV
2026-07-06,2026-07-06T11:24:33+08:00,300001,特锐德,34.55,2.1,0.71,176633.0,618539532.69,本地最近行情CSV
2026-07-06,2026-07-06T11:24:33+08:00,603319,美湖股份,34.49,-0.03,-0.01,114660.0,398203614.0,本地最近行情CSV
2026-07-06,2026-07-06T11:24:33+08:00,301023,奕帆传动,34.49,-5.92,-2.17,35042.0,122416632.32,本地最近行情CSV
2026-07-06,2026-07-06T11:24:33+08:00,300378,鼎捷数智,34.45,-4.99,-1.81,82958.0,289967640.59,本地最近行情CSV
2026-07-06,2026-07-06T11:24:33+08:00,688330,宏力达,34.44,-2.21,-0.78,7489.0,26221664.0,本地最近行情CSV
2026-07-06,2026-07-06T11:24:33+08:00,301510,固高科技,34.44,-3.75,-1.34,115420.0,404289510.0,本地最近行情CSV
2026-07-06,2026-07-06T11:24:33+08:00,600391,航发科技,34.43,-3.07,-1.09,146215.0,512165149.0,本地最近行情CSV
2026-07-06,2026-07-06T11:24:33+08:00,301024,霍普股份,34.42,-5.47,-1.99,7065.0,24996098.0,本地最近行情CSV
2026-07-06,2026-07-06T11:24:33+08:00,600113,浙江东日,34.36,-0.12,-0.04,83696.0,288481886.0,本地最近行情CSV
2026-07-06,2026-07-06T11:24:33+08:00,603288,海天味业,34.34,0.97,0.33,138546.0,474836416.0,本地最近行情CSV
2026-07-06,2026-07-06T11:24:33+08:00,603595,ST东尼,34.3,-4.72,-1.7,44605.0,156231438.0,本地最近行情CSV
2026-07-06,2026-07-06T11:24:33+08:00,301325,曼恩斯特,34.3,-4.14,-1.48,18014.0,63260776.16,本地最近行情CSV
2026-07-06,2026-07-06T11:24:33+08:00,603255,鼎际得,34.28,2.42,0.81,10887.0,36773632.0,本地最近行情CSV
2026-07-06,2026-07-06T11:24:33+08:00,600363,联创光电,34.27,-6.9,-2.54,241872.0,852553371.0,本地最近行情CSV
2026-07-06,2026-07-06T11:24:33+08:00,603726,朗迪集团,34.21,-3.5,-1.24,96831.0,333114086.0,本地最近行情CSV
2026-07-06,2026-07-06T11:24:33+08:00,300833,浩洋股份,34.18,7.93,2.51,19562.0,66830246.06,本地最近行情CSV
2026-07-06,2026-07-06T11:24:33+08:00,688126,沪硅产业,34.17,-1.04,-0.36,1061196.0,3637343143.0,本地最近行情CSV
2026-07-06,2026-07-06T11:24:33+08:00,603016,新宏泰,34.1,-1.04,-0.36,14690.0,50370379.0,本地最近行情CSV
2026-07-06,2026-07-06T11:24:33+08:00,301004,嘉益股份,34.1,3.77,1.24,11481.0,38923635.64,本地最近行情CSV
2026-07-06,2026-07-06T11:24:33+08:00,301079,邵阳液压,34.08,-7.14,-2.62,53961.0,190437713.86,本地最近行情CSV
2026-07-06,2026-07-06T11:24:33+08:00,300920,润阳科技,34.04,-5.08,-1.82,23435.0,82740727.2,本地最近行情CSV
2026-07-06,2026-07-06T11:24:33+08:00,688158,优刻得-W,34.02,-2.94,-1.03,120145.0,412534189.0,本地最近行情CSV
2026-07-06,2026-07-06T11:24:33+08:00,300085,银之杰,33.97,-3.38,-1.19,321532.0,1114844781.64,本地最近行情CSV
2026-07-06,2026-07-06T11:24:33+08:00,002444,巨星科技,33.97,2.32,0.77,110242.0,375202308.17,本地最近行情CSV
2026-07-06,2026-07-06T11:24:33+08:00,301131,聚赛龙,33.94,-2.22,-0.77,8299.0,28717066.74,本地最近行情CSV
2026-07-06,2026-07-06T11:24:33+08:00,688591,泰凌微,33.88,-3.01,-1.05,44801.0,151411437.0,本地最近行情CSV
2026-07-06,2026-07-06T11:24:33+08:00,688683,莱尔科技,33.86,-3.81,-1.34,15014.0,51490383.0,本地最近行情CSV
2026-07-06,2026-07-06T11:24:33+08:00,301272,英华特,33.86,-1.11,-0.38,5973.0,20448481.0,本地最近行情CSV
2026-07-06,2026-07-06T11:24:33+08:00,301220,亚香股份,33.86,-0.73,-0.25,6211.0,21066020.6,本地最近行情CSV
2026-07-06,2026-07-06T11:24:33+08:00,603102,百合股份,33.84,0.71,0.24,2947.0,9975235.0,本地最近行情CSV
2026-07-06,2026-07-06T11:24:33+08:00,605186,健麾信息,33.83,1.71,0.57,47810.0,161573583.0,本地最近行情CSV
2026-07-06,2026-07-06T11:24:33+08:00,002792,通宇通讯,33.82,-7.7,-2.82,197504.0,693234290.15,本地最近行情CSV
2026-07-06,2026-07-06T11:24:33+08:00,688391,钜泉科技,33.76,-1.32,-0.45,19736.0,66588038.0,本地最近行情CSV
2026-07-06,2026-07-06T11:24:33+08:00,603312,西典新能,33.75,-1.83,-0.63,4743.0,16166513.0,本地最近行情CSV
2026-07-06,2026-07-06T11:24:33+08:00,300980,祥源新材,33.72,1.11,0.37,66236.0,228032011.13,本地最近行情CSV
2026-07-06,2026-07-06T11:24:33+08:00,300628,亿联网络,33.67,2.03,0.67,77324.0,260179068.46,本地最近行情CSV
2026-07-06,2026-07-06T11:24:33+08:00,301000,肇民科技,33.66,-5.26,-1.87,70033.0,238193034.43,本地最近行情CSV
2026-07-06,2026-07-06T11:24:33+08:00,688060,云涌科技,33.64,-1.26,-0.43,2113.0,7101059.0,本地最近行情CSV
2026-07-06,2026-07-06T11:24:33+08:00,301050,雷电微力,33.62,-3.31,-1.15,40765.0,140163342.72,本地最近行情CSV
2026-07-06,2026-07-06T11:24:33+08:00,603590,康辰药业,33.55,5.8,1.84,70287.0,237248587.0,本地最近行情CSV
2026-07-06,2026-07-06T11:24:33+08:00,603373,安邦护卫,33.53,-6.47,-2.32,20962.0,72314469.0,本地最近行情CSV
2026-07-06,2026-07-06T11:24:33+08:00,002989,中天精装,33.52,10.01,3.05,48270.0,158544990.2,本地最近行情CSV
2026-07-06,2026-07-06T11:24:33+08:00,002415,海康威视,33.47,-1.56,-0.53,617311.0,2056136671.83,本地最近行情CSV
2026-07-06,2026-07-06T11:24:33+08:00,688166,博瑞医药,33.46,0.45,0.15,75494.0,254243866.0,本地最近行情CSV
2026-07-06,2026-07-06T11:24:33+08:00,688222,成都先导,33.43,3.15,1.02,210056.0,709588006.0,本地最近行情CSV
2026-07-06,2026-07-06T11:24:33+08:00,301499,维科精密,33.42,-3.8,-1.32,46343.0,158782690.02,本地最近行情CSV
2026-07-06,2026-07-06T11:24:33+08:00,301008,宏昌科技,33.4,-0.71,-0.24,102863.0,343592755.69,本地最近行情CSV
2026-07-06,2026-07-06T11:24:33+08:00,300491,通合科技,33.4,-2.25,-0.77,55384.0,189243811.8,本地最近行情CSV
2026-07-06,2026-07-06T11:24:33+08:00,688348,昱能科技,33.39,-2.45,-0.84,10497.0,35889949.0,本地最近行情CSV
2026-07-06,2026-07-06T11:24:33+08:00,301287,康力源,33.36,-1.16,-0.39,3502.0,11775276.0,本地最近行情CSV
2026-07-06,2026-07-06T11:24:33+08:00,688178,万德斯,33.35,-4.39,-1.53,7645.0,25959877.0,本地最近行情CSV
2026-07-06,2026-07-06T11:24:33+08:00,002959,小熊电器,33.35,-0.06,-0.02,5713.0,19118491.0,本地最近行情CSV
2026-07-06,2026-07-06T11:24:33+08:00,301609,山大电力,33.31,-2.35,-0.8,11361.0,38672543.0,本地最近行情CSV
2026-07-06,2026-07-06T11:24:33+08:00,000534,万泽股份,33.29,4.0,1.28,217819.0,731258195.05,本地最近行情CSV
2026-07-06,2026-07-06T11:24:33+08:00,301137,哈焊华通,33.27,-6.02,-2.13,36871.0,126157756.7,本地最近行情CSV
2026-07-06,2026-07-06T11:24:33+08:00,688549,中巨芯-U,33.26,-8.27,-3.0,660287.0,2246530239.0,本地最近行情CSV
2026-07-06,2026-07-06T11:24:33+08:00,300991,创益通,33.23,-2.49,-0.85,22989.0,77994979.87,本地最近行情CSV
2026-07-06,2026-07-06T11:24:33+08:00,603813,原尚股份,33.2,-3.91,-1.35,5789.0,19257322.0,本地最近行情CSV
2026-07-06,2026-07-06T11:24:33+08:00,300780,德恩精工,33.2,-5.87,-2.07,86377.0,293140476.0,本地最近行情CSV
2026-07-06,2026-07-06T11:24:33+08:00,301586,佳力奇,33.16,-3.24,-1.11,6944.0,23459400.0,本地最近行情CSV
2026-07-06,2026-07-06T11:24:33+08:00,603580,艾艾精工,33.14,9.99,3.01,29129.0,93744678.0,本地最近行情CSV
2026-07-06,2026-07-06T11:24:33+08:00,688269,凯立新材,33.12,-1.05,-0.35,10981.0,36641051.0,本地最近行情CSV
2026-07-06,2026-07-06T11:24:33+08:00,603507,振江股份,33.1,-1.19,-0.4,35768.0,120513542.0,本地最近行情CSV
2026-07-06,2026-07-06T11:24:33+08:00,002838,道恩股份,33.0,-3.85,-1.32,64226.0,216096634.03,本地最近行情CSV
2026-07-06,2026-07-06T11:24:33+08:00,002352,顺丰控股,32.94,1.45,0.47,160950.0,530281809.62,本地最近行情CSV
2026-07-06,2026-07-06T11:24:33+08:00,300748,金力永磁,32.88,-4.0,-1.37,480344.0,1623312828.57,本地最近行情CSV
2026-07-06,2026-07-06T11:24:33+08:00,605488,福莱新材,32.74,-6.14,-2.14,136234.0,456177550.0,本地最近行情CSV
2026-07-06,2026-07-06T11:24:33+08:00,603198,迎驾贡酒,32.72,3.61,1.14,58626.0,190409454.0,本地最近行情CSV
2026-07-06,2026-07-06T11:24:33+08:00,001316,润贝航科,32.72,-2.65,-0.89,14929.0,49829855.6,本地最近行情CSV
2026-07-06,2026-07-06T11:24:33+08:00,301668,昊创瑞通,32.7,-1.59,-0.53,5103.0,16953570.86,本地最近行情CSV
2026-07-06,2026-07-06T11:24:33+08:00,301138,华研精机,32.7,-2.21,-0.74,16998.0,56090601.48,本地最近行情CSV
2026-07-06,2026-07-06T11:24:33+08:00,688557,兰剑智能,32.57,-2.51,-0.84,13085.0,42872485.0,本地最近行情CSV
2026-07-06,2026-07-06T11:24:33+08:00,300770,新媒股份,32.52,-0.12,-0.04,8537.0,27840873.0,本地最近行情CSV
2026-07-06,2026-07-06T11:24:33+08:00,605099,共创草坪,32.49,-0.09,-0.03,15641.0,50711063.0,本地最近行情CSV
2026-07-06,2026-07-06T11:24:33+08:00,603897,长城科技,32.46,-5.42,-1.86,105233.0,350896553.0,本地最近行情CSV
2026-07-06,2026-07-06T11:24:33+08:00,603690,至纯科技,32.39,-0.89,-0.29,230704.0,747273793.0,本地最近行情CSV
2026-07-06,2026-07-06T11:24:33+08:00,603199,九华旅游,32.39,1.0,0.32,8848.0,28546920.0,本地最近行情CSV
2026-07-06,2026-07-06T11:24:33+08:00,301210,金杨精密,32.36,-0.95,-0.31,48208.0,155832221.66,本地最近行情CSV
2026-07-06,2026-07-06T11:24:33+08:00,301226,祥明智能,32.33,-4.52,-1.53,20191.0,66872906.44,本地最近行情CSV
2026-07-06,2026-07-06T11:24:33+08:00,300804,广康生化,32.32,-6.64,-2.3,11150.0,36931650.0,本地最近行情CSV
2026-07-06,2026-07-06T11:24:33+08:00,000062,深圳华强,32.31,3.62,1.13,351101.0,1124575777.16,本地最近行情CSV
2026-07-06,2026-07-06T11:24:33+08:00,301372,科净源,32.3,-3.15,-1.05,12225.0,40613721.0,本地最近行情CSV
2026-07-06,2026-07-06T11:24:33+08:00,600988,赤峰黄金,32.24,3.23,1.01,1085110.0,3563104401.0,本地最近行情CSV
2026-07-06,2026-07-06T11:24:33+08:00,603833,欧派家居,32.23,-0.28,-0.09,10659.0,34474088.0,本地最近行情CSV
2026-07-06,2026-07-06T11:24:33+08:00,688283,坤恒顺维,32.18,-5.77,-1.97,9584.0,31586040.0,本地最近行情CSV
2026-07-06,2026-07-06T11:24:33+08:00,301300,远翔新材,32.16,-0.22,-0.07,5031.0,16287506.0,本地最近行情CSV
2026-07-06,2026-07-06T11:24:33+08:00,301428,世纪恒通,32.07,-3.84,-1.28,30366.0,98803525.0,本地最近行情CSV
2026-07-06,2026-07-06T11:24:33+08:00,300877,金春股份,32.05,2.4,0.75,29987.0,94675369.86,本地最近行情CSV
2026-07-06,2026-07-06T11:24:33+08:00,300979,华利集团,32.0,1.85,0.58,16058.0,51282362.24,本地最近行情CSV
2026-07-06,2026-07-06T11:24:33+08:00,300957,贝泰妮,31.98,-0.74,-0.24,38497.0,123938339.07,本地最近行情CSV
2026-07-06,2026-07-06T11:24:33+08:00,688156,路德科技,31.95,6.82,2.04,43822.0,138369567.0,本地最近行情CSV
2026-07-06,2026-07-06T11:24:33+08:00,688366,昊海生科,31.93,2.87,0.89,7678.0,24371487.0,本地最近行情CSV
2026-07-06,2026-07-06T11:24:33+08:00,301115,联检科技,31.92,-2.24,-0.73,24224.0,78754848.55,本地最近行情CSV
2026-07-06,2026-07-06T11:24:33+08:00,688093,世华科技,31.9,-4.35,-1.45,43146.0,138758951.0,本地最近行情CSV
2026-07-06,2026-07-06T11:24:33+08:00,300873,海晨股份,31.9,2.9,0.9,242618.0,780572043.8,本地最近行情CSV
2026-07-06,2026-07-06T11:24:33+08:00,002741,光华科技,31.89,-4.35,-1.45,234845.0,756282288.29,本地最近行情CSV
2026-07-06,2026-07-06T11:24:33+08:00,301239,普瑞眼科,31.85,-0.69,-0.22,15107.0,48439143.0,本地最近行情CSV
2026-07-06,2026-07-06T11:24:33+08:00,603350,安乃达,31.84,-1.49,-0.48,8100.0,25877639.0,本地最近行情CSV
2026-07-06,2026-07-06T11:24:33+08:00,301309,万得凯,31.83,-1.36,-0.44,5785.0,18554161.0,本地最近行情CSV
2026-07-06,2026-07-06T11:24:33+08:00,603311,金海高科,31.82,-3.58,-1.18,44062.0,142977975.0,本地最近行情CSV
2026-07-06,2026-07-06T11:24:33+08:00,605566,福莱蒽特,31.8,-0.19,-0.06,39684.0,128751386.0,本地最近行情CSV
2026-07-06,2026-07-06T11:24:33+08:00,688612,威迈斯,31.77,-0.41,-0.13,43084.0,136863700.0,本地最近行情CSV
2026-07-06,2026-07-06T11:24:33+08:00,300853,申昊科技,31.76,-9.52,-3.34,121704.0,417069108.2,本地最近行情CSV
2026-07-06,2026-07-06T11:24:33+08:00,301273,瑞晨环保,31.72,-4.6,-1.53,12116.0,39034172.2,本地最近行情CSV
2026-07-06,2026-07-06T11:24:33+08:00,603992,松霖科技,31.71,-3.23,-1.06,22058.0,70707767.0,本地最近行情CSV
2026-07-06,2026-07-06T11:24:33+08:00,300890,翔丰华,31.69,-3.65,-1.2,33956.0,110039927.0,本地最近行情CSV
2026-07-06,2026-07-06T11:24:33+08:00,688311,盟升电子,31.67,1.67,0.52,118942.0,386204127.0,本地最近行情CSV
2026-07-06,2026-07-06T11:24:33+08:00,603270,金帝股份,31.63,-7.78,-2.67,94521.0,304712620.0,本地最近行情CSV
2026-07-06,2026-07-06T11:24:33+08:00,301509,金凯生科,31.62,4.49,1.36,52817.0,167735212.55,本地最近行情CSV
2026-07-06,2026-07-06T11:24:33+08:00,301173,毓恬冠佳,31.57,-0.69,-0.22,5758.0,18196303.86,本地最近行情CSV
2026-07-06,2026-07-06T11:24:33+08:00,688651,盛邦安全,31.52,-2.99,-0.97,9046.0,28902850.0,本地最近行情CSV
2026-07-06,2026-07-06T11:24:33+08:00,300609,汇纳科技,31.51,0.77,0.24,19059.0,60204281.0,本地最近行情CSV
2026-07-06,2026-07-06T11:24:33+08:00,002922,伊戈尔,31.49,6.21,1.84,239242.0,762178473.22,本地最近行情CSV
2026-07-06,2026-07-06T11:24:33+08:00,688539,高华科技,31.47,-5.81,-1.94,26524.0,85976969.0,本地最近行情CSV
2026-07-06,2026-07-06T11:24:33+08:00,001287,中电港,31.47,10.0,2.86,268072.0,833496712.31,本地最近行情CSV
2026-07-06,2026-07-06T11:24:33+08:00,605088,冠盛股份,31.44,-0.03,-0.01,24935.0,78614513.0,本地最近行情CSV
2026-07-06,2026-07-06T11:24:33+08:00,300721,怡达股份,31.44,-2.24,-0.72,113809.0,358560178.8,本地最近行情CSV
2026-07-06,2026-07-06T11:24:33+08:00,688153,唯捷创芯,31.41,0.8,0.25,47587.0,147154334.0,本地最近行情CSV
2026-07-06,2026-07-06T11:24:33+08:00,605058,澳弘电子,31.4,-3.41,-1.11,22570.0,71880509.0,本地最近行情CSV
2026-07-06,2026-07-06T11:24:33+08:00,000938,紫光股份,31.25,3.2,0.97,1540575.0,4704030723.02,本地最近行情CSV
2026-07-06,2026-07-06T11:24:33+08:00,002001,新 和 成,31.2,4.0,1.2,316623.0,983651516.05,本地最近行情CSV
2026-07-06,2026-07-06T11:24:33+08:00,300619,金银河,31.19,-3.82,-1.24,66249.0,210189201.23,本地最近行情CSV
2026-07-06,2026-07-06T11:24:33+08:00,688638,誉辰智能,31.18,-2.68,-0.86,5825.0,18547143.0,本地最近行情CSV
2026-07-06,2026-07-06T11:24:33+08:00,300660,江苏雷利,31.18,-6.34,-2.11,231996.0,724192977.75,本地最近行情CSV
2026-07-06,2026-07-06T11:24:33+08:00,688075,安旭生物,31.16,0.16,0.05,4104.0,12772464.0,本地最近行情CSV
2026-07-06,2026-07-06T11:24:33+08:00,688191,智洋创新,31.14,-3.62,-1.17,46738.0,146462449.0,本地最近行情CSV
2026-07-06,2026-07-06T11:24:33+08:00,002824,和胜股份,31.13,-2.96,-0.95,76619.0,240272902.05,本地最近行情CSV
2026-07-06,2026-07-06T11:24:33+08:00,300115,长盈精密,31.12,-6.21,-2.06,651196.0,2066459579.71,本地最近行情CSV
2026-07-06,2026-07-06T11:24:33+08:00,300759,康龙化成,31.1,5.17,1.53,654291.0,2033815805.08,本地最近行情CSV
2026-07-06,2026-07-06T11:24:33+08:00,001203,大中矿业,31.07,-1.55,-0.49,185671.0,590027024.63,本地最近行情CSV
2026-07-06,2026-07-06T11:24:33+08:00,688117,圣诺生物,31.06,3.26,0.98,111526.0,349421877.0,本地最近行情CSV
2026-07-06,2026-07-06T11:24:33+08:00,603868,飞科电器,31.04,0.55,0.17,5058.0,15746089.0,本地最近行情CSV
2026-07-06,2026-07-06T11:24:33+08:00,002625,光启技术,31.02,-3.48,-1.12,243884.0,771861467.91,本地最近行情CSV
2026-07-06,2026-07-06T11:24:33+08:00,002151,北斗星通,31.02,-4.41,-1.43,128434.0,407013749.39,本地最近行情CSV
2026-07-06,2026-07-06T11:24:33+08:00,000513,丽珠集团,31.01,2.04,0.62,68719.0,212156589.74,本地最近行情CSV
2026-07-06,2026-07-06T11:24:33+08:00,300046,台基股份,30.99,-2.24,-0.71,75760.0,235709484.74,本地最近行情CSV
2026-07-06,2026-07-06T11:24:33+08:00,002831,裕同科技,30.99,-1.34,-0.42,107077.0,336814177.86,本地最近行情CSV
2026-07-06,2026-07-06T11:24:33+08:00,603658,安图生物,30.97,-0.16,-0.05,20774.0,64386324.0,本地最近行情CSV
2026-07-06,2026-07-06T11:24:33+08:00,002895,川恒股份,30.97,-2.3,-0.73,39886.0,125094767.78,本地最近行情CSV
2026-07-06,2026-07-06T11:24:33+08:00,688428,诺诚健华,30.91,2.42,0.73,136295.0,421271547.0,本地最近行情CSV
2026-07-06,2026-07-06T11:24:33+08:00,300518,新迅达,30.87,-3.92,-1.26,112942.0,353386378.55,本地最近行情CSV
2026-07-06,2026-07-06T11:24:33+08:00,688584,上海合晶,30.82,-3.54,-1.13,143969.0,447274030.0,本地最近行情CSV
2026-07-06,2026-07-06T11:24:33+08:00,300327,中颖电子,30.79,-2.32,-0.73,162549.0,497510369.47,本地最近行情CSV
2026-07-06,2026-07-06T11:24:33+08:00,002378,章源钨业,30.79,-6.19,-2.03,483917.0,1547528199.32,本地最近行情CSV
2026-07-06,2026-07-06T11:24:33+08:00,300801,泰和科技,30.74,-1.85,-0.58,77091.0,239633555.0,本地最近行情CSV
2026-07-06,2026-07-06T11:24:33+08:00,002876,三利谱,30.74,-2.69,-0.85,52461.0,163474129.41,本地最近行情CSV
2026-07-06,2026-07-06T11:24:33+08:00,300681,英搏尔,30.72,-1.54,-0.48,73097.0,224497523.44,本地最近行情CSV
2026-07-06,2026-07-06T11:24:33+08:00,301029,怡合达,30.67,-2.73,-0.86,143907.0,443330968.11,本地最近行情CSV
2026-07-06,2026-07-06T11:24:33+08:00,000963,华东医药,30.66,2.03,0.61,260412.0,797575095.17,本地最近行情CSV
2026-07-06,2026-07-06T11:24:33+08:00,688367,工大高科,30.63,-4.28,-1.37,15885.0,49440566.0,本地最近行情CSV
2026-07-06,2026-07-06T11:24:33+08:00,300161,华中数控,30.59,-3.62,-1.15,48424.0,149665575.4,本地最近行情CSV
2026-07-06,2026-07-06T11:24:33+08:00,300473,德尔股份,30.57,-2.14,-0.67,48063.0,150936830.43,本地最近行情CSV
2026-07-06,2026-07-06T11:24:33+08:00,300739,明阳电路,30.56,-6.46,-2.11,114648.0,360982667.29,本地最近行情CSV
2026-07-06,2026-07-06T11:24:33+08:00,002142,宁波银行,30.56,0.89,0.27,176465.0,538997371.55,本地最近行情CSV
2026-07-06,2026-07-06T11:24:33+08:00,301122,采纳股份,30.52,-2.83,-0.89,32671.0,101936415.6,本地最近行情CSV
2026-07-06,2026-07-06T11:24:33+08:00,601698,中国卫通,30.49,-2.43,-0.76,350130.0,1093522830.0,本地最近行情CSV
2026-07-06,2026-07-06T11:24:33+08:00,688199,久日新材,30.43,-2.56,-0.8,59830.0,181995360.0,本地最近行情CSV
2026-07-06,2026-07-06T11:24:33+08:00,603895,天永智能,30.42,-5.0,-1.6,12968.0,40321727.0,本地最近行情CSV
2026-07-06,2026-07-06T11:24:33+08:00,300470,中密控股,30.41,-1.52,-0.47,10217.0,31163037.06,本地最近行情CSV
2026-07-06,2026-07-06T11:24:33+08:00,002940,昂利康,30.4,3.61,1.06,211258.0,640729536.38,本地最近行情CSV
2026-07-06,2026-07-06T11:24:33+08:00,301566,达利凯普,30.38,-4.5,-1.43,134477.0,417044634.9,本地最近行情CSV
2026-07-06,2026-07-06T11:24:33+08:00,300626,华瑞股份,30.34,-10.74,-3.65,83313.0,262797702.4,本地最近行情CSV
2026-07-06,2026-07-06T11:24:33+08:00,300257,开山股份,30.31,3.8,1.11,94183.0,282573382.35,本地最近行情CSV
2026-07-06,2026-07-06T11:24:33+08:00,600096,云天化,30.28,-1.05,-0.32,259034.0,791826685.0,本地最近行情CSV
2026-07-06,2026-07-06T11:24:33+08:00,002674,兴业科技,30.25,4.2,1.22,242218.0,727937495.81,本地最近行情CSV
2026-07-06,2026-07-06T11:24:33+08:00,688076,ST诺泰,30.24,2.89,0.85,40953.0,123522729.0,本地最近行情CSV
2026-07-06,2026-07-06T11:24:33+08:00,300910,瑞丰新材,30.23,2.13,0.63,37060.0,109527642.2,本地最近行情CSV
2026-07-06,2026-07-06T11:24:33+08:00,688077,大地熊,30.22,-6.61,-2.14,53381.0,165770427.0,本地最近行情CSV
2026-07-06,2026-07-06T11:24:33+08:00,002801,微光股份,30.2,-2.86,-0.89,19688.0,60235080.0,本地最近行情CSV
2026-07-06,2026-07-06T11:24:33+08:00,688435,英方软件,30.18,-1.05,-0.32,12964.0,39533948.0,本地最近行情CSV
2026-07-06,2026-07-06T11:24:33+08:00,300557,理工光科,30.18,-5.33,-1.7,51884.0,160110524.48,本地最近行情CSV
2026-07-06,2026-07-06T11:24:33+08:00,600875,东方电气,30.17,4.43,1.28,659668.0,1992444392.0,本地最近行情CSV
2026-07-06,2026-07-06T11:24:33+08:00,301390,经纬股份,30.15,-6.13,-1.97,10807.0,33544097.0,本地最近行情CSV
2026-07-06,2026-07-06T11:24:33+08:00,601231,环旭电子,29.99,-1.96,-0.6,223578.0,677741605.0,本地最近行情CSV
2026-07-06,2026-07-06T11:24:33+08:00,300380,安硕信息,29.96,-2.47,-0.76,14057.0,42817004.0,本地最近行情CSV
2026-07-06,2026-07-06T11:24:33+08:00,002261,拓维信息,29.96,2.67,0.78,481510.0,1416589979.22,本地最近行情CSV
2026-07-06,2026-07-06T11:24:33+08:00,603983,丸美生物,29.92,2.61,0.76,58972.0,175579894.0,本地最近行情CSV
2026-07-06,2026-07-06T11:24:33+08:00,605296,神农集团,29.9,2.75,0.8,30645.0,91289098.0,本地最近行情CSV
2026-07-06,2026-07-06T11:24:33+08:00,300966,共同药业,29.9,-3.77,-1.17,62885.0,189801816.6,本地最近行情CSV
2026-07-06,2026-07-06T11:24:33+08:00,300875,捷强装备,29.89,-2.86,-0.88,17588.0,53560582.0,本地最近行情CSV
2026-07-06,2026-07-06T11:24:33+08:00,002787,华源控股,29.87,0.91,0.27,180467.0,552876012.5,本地最近行情CSV
2026-07-06,2026-07-06T11:24:33+08:00,301171,易点天下,29.86,-6.69,-2.14,329206.0,1022069897.29,本地最近行情CSV
2026-07-06,2026-07-06T11:24:33+08:00,688255,凯尔达,29.85,-5.69,-1.8,35530.0,108521556.0,本地最近行情CSV
2026-07-06,2026-07-06T11:24:33+08:00,000338,潍柴动力,29.85,6.08,1.71,1045905.0,3142417579.78,本地最近行情CSV
2026-07-06,2026-07-06T11:24:33+08:00,688350,富淼科技,29.84,-4.36,-1.36,22568.0,68776172.0,本地最近行情CSV
2026-07-06,2026-07-06T11:24:33+08:00,603322,超讯科技,29.82,0.71,0.21,40349.0,120364338.0,本地最近行情CSV
2026-07-06,2026-07-06T11:24:33+08:00,001373,翔腾新材,29.82,-2.87,-0.88,8880.0,27164762.0,本地最近行情CSV
2026-07-06,2026-07-06T11:24:33+08:00,603655,朗博科技,29.8,-5.37,-1.69,19442.0,59810644.0,本地最近行情CSV
2026-07-06,2026-07-06T11:24:33+08:00,688618,三旺通信,29.73,-4.0,-1.24,14961.0,45316706.0,本地最近行情CSV
2026-07-06,2026-07-06T11:24:33+08:00,603197,保隆科技,29.69,-1.79,-0.54,18873.0,56404049.0,本地最近行情CSV
2026-07-06,2026-07-06T11:24:33+08:00,601601,中国太保,29.69,0.13,0.04,334310.0,995620017.0,本地最近行情CSV
2026-07-06,2026-07-06T11:24:33+08:00,301361,众智科技,29.68,-3.89,-1.2,11077.0,33660472.0,本地最近行情CSV
2026-07-06,2026-07-06T11:24:33+08:00,301041,金百泽,29.66,-5.24,-1.64,36271.0,110402930.58,本地最近行情CSV
2026-07-06,2026-07-06T11:24:33+08:00,603685,晨丰科技,29.65,0.82,0.24,25141.0,76173832.0,本地最近行情CSV
2026-07-06,2026-07-06T11:24:33+08:00,002056,横店东磁,29.65,-9.66,-3.17,874377.0,2700594923.36,本地最近行情CSV
2026-07-06,2026-07-06T11:24:33+08:00,001220,世盟股份,29.65,-0.3,-0.09,3681.0,10956199.0,本地最近行情CSV
2026-07-06,2026-07-06T11:24:33+08:00,301159,三维天地,29.63,-3.23,-0.99,11906.0,36013745.0,本地最近行情CSV
2026-07-06,2026-07-06T11:24:33+08:00,002683,广东宏大,29.62,-4.54,-1.41,63810.0,192253270.0,本地最近行情CSV
2026-07-06,2026-07-06T11:24:33+08:00,300912,凯龙高科,29.61,3.68,1.05,142718.0,423494317.98,本地最近行情CSV
2026-07-06,2026-07-06T11:24:33+08:00,603155,新亚强,29.57,10.01,2.69,111900.0,325732365.0,本地最近行情CSV
2026-07-06,2026-07-06T11:24:33+08:00,688633,星球石墨,29.56,-2.15,-0.65,35077.0,105055538.0,本地最近行情CSV
2026-07-06,2026-07-06T11:24:33+08:00,688100,威胜信息,29.55,-2.28,-0.69,23705.0,70681631.0,本地最近行情CSV
2026-07-06,2026-07-06T11:24:33+08:00,688511,天微电子,29.51,-5.6,-1.75,26761.0,81723967.0,本地最近行情CSV
2026-07-06,2026-07-06T11:24:33+08:00,300537,广信材料,29.4,-4.7,-1.45,146731.0,439031706.88,本地最近行情CSV
2026-07-06,2026-07-06T11:24:33+08:00,603032,德新科技,29.39,6.49,1.79,297796.0,871511683.0,本地最近行情CSV
2026-07-06,2026-07-06T11:24:33+08:00,000792,盐湖股份,29.37,-0.14,-0.04,729829.0,2174515661.43,本地最近行情CSV
2026-07-06,2026-07-06T11:24:33+08:00,603011,合锻智能,29.35,-6.68,-2.1,286475.0,858894242.0,本地最近行情CSV
2026-07-06,2026-07-06T11:24:33+08:00,301046,能辉科技,29.35,-1.51,-0.45,38723.0,115506094.35,本地最近行情CSV
2026-07-06,2026-07-06T11:24:33+08:00,300998,宁波方正,29.33,-0.95,-0.28,74991.0,222108087.11,本地最近行情CSV
2026-07-06,2026-07-06T11:24:33+08:00,300100,双林股份,29.33,-4.87,-1.5,149434.0,449883696.65,本地最近行情CSV
2026-07-06,2026-07-06T11:24:33+08:00,688671,碧兴物联,29.29,-10.04,-3.27,24096.0,73672375.0,本地最近行情CSV
2026-07-06,2026-07-06T11:24:33+08:00,301290,东星医疗,29.27,-0.17,-0.05,15357.0,45405731.82,本地最近行情CSV
2026-07-06,2026-07-06T11:24:33+08:00,002997,瑞鹄模具,29.26,-4.91,-1.51,36277.0,107861005.6,本地最近行情CSV
2026-07-06,2026-07-06T11:24:33+08:00,688321,微芯生物,29.24,1.74,0.5,132715.0,388757259.0,本地最近行情CSV
2026-07-06,2026-07-06T11:24:33+08:00,600316,洪都航空,29.22,-0.07,-0.02,67771.0,197923073.0,本地最近行情CSV
2026-07-06,2026-07-06T11:24:33+08:00,605258,协和电子,29.2,-3.88,-1.18,20898.0,62395131.0,本地最近行情CSV
2026-07-06,2026-07-06T11:24:33+08:00,603125,常青科技,29.2,1.14,0.33,57168.0,166119083.0,本地最近行情CSV
2026-07-06,2026-07-06T11:24:33+08:00,301221,光庭信息,29.19,-4.3,-1.31,13298.0,39470025.0,本地最近行情CSV
2026-07-06,2026-07-06T11:24:33+08:00,300699,光威复材,29.19,-3.09,-0.93,194597.0,575077923.41,本地最近行情CSV
2026-07-06,2026-07-06T11:24:33+08:00,603906,龙蟠科技,29.18,-0.41,-0.12,270654.0,784253378.0,本地最近行情CSV
2026-07-06,2026-07-06T11:24:33+08:00,605196,华通线缆,29.15,10.0,2.65,62564.0,178836207.0,本地最近行情CSV
2026-07-06,2026-07-06T11:24:33+08:00,300710,万隆光电,29.14,-4.93,-1.51,37647.0,110746134.3,本地最近行情CSV
2026-07-06,2026-07-06T11:24:33+08:00,688408,中信博,29.12,-2.84,-0.85,27826.0,82422307.0,本地最近行情CSV
2026-07-06,2026-07-06T11:24:33+08:00,301282,金禄电子,29.11,-3.19,-0.96,107439.0,321464292.38,本地最近行情CSV
2026-07-06,2026-07-06T11:24:33+08:00,601168,西部矿业,29.1,-0.41,-0.12,353167.0,1047474592.0,本地最近行情CSV
2026-07-06,2026-07-06T11:24:33+08:00,300736,百邦科技,29.08,-1.26,-0.37,38076.0,113727347.0,本地最近行情CSV
2026-07-06,2026-07-06T11:24:33+08:00,688212,澳华内镜,29.06,-0.89,-0.26,15823.0,46003799.0,本地最近行情CSV
2026-07-06,2026-07-06T11:24:33+08:00,301469,恒达新材,29.06,0.24,0.07,9167.0,26929686.0,本地最近行情CSV
2026-07-06,2026-07-06T11:24:33+08:00,300995,奇德新材,29.05,-1.39,-0.41,15271.0,45278339.0,本地最近行情CSV
2026-07-06,2026-07-06T11:24:33+08:00,600030,中信证券,29.04,0.31,0.09,1337620.0,3903002075.0,本地最近行情CSV
2026-07-06,2026-07-06T11:24:33+08:00,301500,飞南资源,29.03,0.24,0.07,143974.0,426430899.54,本地最近行情CSV
2026-07-06,2026-07-06T11:24:33+08:00,300777,中简科技,29.0,-4.13,-1.25,161179.0,473250272.96,本地最近行情CSV
2026-07-06,2026-07-06T11:24:33+08:00,600976,健民集团,28.98,-1.13,-0.33,23675.0,68828136.0,本地最近行情CSV
2026-07-06,2026-07-06T11:24:33+08:00,600066,宇通客车,28.96,0.21,0.06,100729.0,290526636.0,本地最近行情CSV
2026-07-06,2026-07-06T11:24:33+08:00,600323,瀚蓝环境,28.95,2.26,0.64,39179.0,112523777.0,本地最近行情CSV
2026-07-06,2026-07-06T11:24:33+08:00,688592,司南导航,28.89,-3.38,-1.01,10362.0,30577249.0,本地最近行情CSV
2026-07-06,2026-07-06T11:24:33+08:00,688006,杭可科技,28.89,-5.99,-1.84,98067.0,291988504.0,本地最近行情CSV
2026-07-06,2026-07-06T11:24:33+08:00,600961,株冶集团,28.83,-3.87,-1.16,410274.0,1225213216.0,本地最近行情CSV
2026-07-06,2026-07-06T11:24:33+08:00,300928,华安鑫创,28.77,-2.28,-0.67,8606.0,25063573.0,本地最近行情CSV
2026-07-06,2026-07-06T11:24:33+08:00,300888,稳健医疗,28.77,-0.38,-0.11,21646.0,62364568.9,本地最近行情CSV
2026-07-06,2026-07-06T11:24:33+08:00,603392,万泰生物,28.76,0.49,0.14,39084.0,112237256.0,本地最近行情CSV
2026-07-06,2026-07-06T11:24:33+08:00,301195,北路智控,28.73,0.98,0.28,18313.0,52077555.94,本地最近行情CSV
2026-07-06,2026-07-06T11:24:33+08:00,301101,明月镜片,28.69,-0.93,-0.27,12130.0,34937601.04,本地最近行情CSV
2026-07-06,2026-07-06T11:24:33+08:00,300899,上海凯鑫,28.69,-3.24,-0.96,6371.0,18606232.0,本地最近行情CSV
2026-07-06,2026-07-06T11:24:33+08:00,300809,华辰装备,28.69,-5.28,-1.6,94229.0,270717132.0,本地最近行情CSV
2026-07-06,2026-07-06T11:24:33+08:00,688338,赛科希德,28.68,0.49,0.14,6032.0,17418424.0,本地最近行情CSV
2026-07-06,2026-07-06T11:24:33+08:00,002317,众生药业,28.65,4.41,1.21,487377.0,1398074437.06,本地最近行情CSV
2026-07-06,2026-07-06T11:24:33+08:00,301208,中亦科技,28.64,-2.62,-0.77,8296.0,24095261.0,本地最近行情CSV
2026-07-06,2026-07-06T11:24:33+08:00,300174,元力股份,28.64,-4.09,-1.22,181904.0,527195313.5,本地最近行情CSV
2026-07-06,2026-07-06T11:24:33+08:00,300716,*ST泉为,28.61,17.11,4.18,91275.0,250649449.52,本地最近行情CSV
2026-07-06,2026-07-06T11:24:33+08:00,300649,杭州园林,28.6,5.34,1.45,42961.0,122063487.0,本地最近行情CSV
2026-07-06,2026-07-06T11:24:33+08:00,002921,联诚精密,28.57,-4.61,-1.38,50040.0,144206085.7,本地最近行情CSV
2026-07-06,2026-07-06T11:24:33+08:00,301575,艾芬达,28.54,-2.79,-0.82,5531.0,16011714.2,本地最近行情CSV
2026-07-06,2026-07-06T11:24:33+08:00,601606,长城军工,28.53,-2.23,-0.65,112076.0,325543150.0,本地最近行情CSV
2026-07-06,2026-07-06T11:24:33+08:00,001277,速达股份,28.53,-1.25,-0.36,6576.0,18904706.0,本地最近行情CSV
2026-07-06,2026-07-06T11:24:33+08:00,601066,中信建投,28.52,0.71,0.2,366076.0,1050587874.0,本地最近行情CSV
2026-07-06,2026-07-06T11:24:33+08:00,001256,炜冈科技,28.52,-4.07,-1.21,65073.0,185242809.0,本地最近行情CSV
2026-07-06,2026-07-06T11:24:33+08:00,300077,国民技术,28.47,-2.0,-0.58,452763.0,1302618999.23,本地最近行情CSV
2026-07-06,2026-07-06T11:24:33+08:00,600779,水井坊,28.46,-0.63,-0.18,22930.0,65610639.0,本地最近行情CSV
2026-07-06,2026-07-06T11:24:33+08:00,301259,艾布鲁,28.42,-1.86,-0.54,43204.0,123852093.97,本地最近行情CSV
2026-07-06,2026-07-06T11:24:33+08:00,601899,紫金矿业,28.39,2.05,0.57,2607587.0,7474985953.0,本地最近行情CSV
2026-07-06,2026-07-06T11:24:33+08:00,600171,上海贝岭,28.36,-1.63,-0.47,211082.0,597730122.0,本地最近行情CSV
2026-07-06,2026-07-06T11:24:33+08:00,001228,永泰运,28.34,-0.91,-0.26,9304.0,26875251.51,本地最近行情CSV
2026-07-06,2026-07-06T11:24:33+08:00,603489,八方股份,28.31,-3.01,-0.88,19020.0,54877023.0,本地最近行情CSV
2026-07-06,2026-07-06T11:24:33+08:00,300127,银河磁体,28.3,-4.84,-1.44,46886.0,136050596.08,本地最近行情CSV
2026-07-06,2026-07-06T11:24:33+08:00,688600,皖仪科技,28.29,-6.76,-2.05,34765.0,100851532.0,本地最近行情CSV
2026-07-06,2026-07-06T11:24:33+08:00,688175,高凌信息,28.29,8.77,2.28,44199.0,123072972.0,本地最近行情CSV
2026-07-06,2026-07-06T11:24:33+08:00,002891,中宠股份,28.26,1.29,0.36,49055.0,138237695.89,本地最近行情CSV
2026-07-06,2026-07-06T11:24:33+08:00,603666,亿嘉和,28.23,-6.68,-2.02,66229.0,191980910.0,本地最近行情CSV
2026-07-06,2026-07-06T11:24:33+08:00,002805,丰元股份,28.23,5.89,1.57,200031.0,563485093.58,本地最近行情CSV
2026-07-06,2026-07-06T11:24:33+08:00,603683,晶华新材,28.18,-6.63,-2.0,106174.0,308078904.0,本地最近行情CSV
2026-07-06,2026-07-06T11:24:33+08:00,301076,新瀚新材,28.16,-4.83,-1.43,55589.0,159727431.26,本地最近行情CSV
2026-07-06,2026-07-06T11:24:33+08:00,300683,海特生物,28.14,2.03,0.56,99998.0,284672779.41,本地最近行情CSV
2026-07-06,2026-07-06T11:24:33+08:00,600938,中国海油,28.13,1.59,0.44,380157.0,1064164697.0,本地最近行情CSV
2026-07-06,2026-07-06T11:24:33+08:00,002134,天津普林,28.13,-3.4,-0.99,97911.0,278489544.59,本地最近行情CSV
2026-07-06,2026-07-06T11:24:33+08:00,688221,前沿生物-U,28.11,1.37,0.38,282448.0,800127398.0,本地最近行情CSV
2026-07-06,2026-07-06T11:24:33+08:00,603665,康隆达,28.11,1.3,0.36,16141.0,45017300.0,本地最近行情CSV
2026-07-06,2026-07-06T11:24:33+08:00,603976,正川股份,28.08,-3.17,-0.92,59409.0,171856203.0,本地最近行情CSV
2026-07-06,2026-07-06T11:24:33+08:00,301305,朗坤科技,28.0,-3.98,-1.16,41607.0,119854208.93,本地最近行情CSV
2026-07-06,2026-07-06T11:24:33+08:00,002864,盘龙药业,28.0,2.19,0.6,18244.0,50860436.28,本地最近行情CSV
2026-07-06,2026-07-06T11:24:33+08:00,002816,*ST和科,28.0,-5.05,-1.49,24078.0,68601428.0,本地最近行情CSV
2026-07-06,2026-07-06T11:24:33+08:00,001238,浙江正特,27.98,-1.24,-0.35,3030.0,8603529.2,本地最近行情CSV
2026-07-06,2026-07-06T11:24:33+08:00,688552,航天南湖,27.92,-6.47,-1.93,45970.0,132969991.0,本地最近行情CSV
2026-07-06,2026-07-06T11:24:33+08:00,000526,学大教育,27.92,1.68,0.46,24868.0,70148685.0,本地最近行情CSV
2026-07-06,2026-07-06T11:24:33+08:00,688139,海尔生物,27.91,1.01,0.28,32122.0,89646177.0,本地最近行情CSV
2026-07-06,2026-07-06T11:24:33+08:00,301278,快可电子,27.89,-3.36,-0.97,9537.0,27162988.98,本地最近行情CSV
2026-07-06,2026-07-06T11:24:33+08:00,300627,华测导航,27.84,-2.66,-0.76,74081.0,207953210.26,本地最近行情CSV
2026-07-06,2026-07-06T11:24:33+08:00,301337,亚华电子,27.83,-4.13,-1.2,19085.0,53903352.0,本地最近行情CSV
2026-07-06,2026-07-06T11:24:33+08:00,300687,赛意信息,27.81,-2.56,-0.73,123489.0,344044265.84,本地最近行情CSV
2026-07-06,2026-07-06T11:24:33+08:00,301503,智迪科技,27.75,-2.84,-0.81,4858.0,13678094.0,本地最近行情CSV
2026-07-06,2026-07-06T11:24:33+08:00,002730,电光科技,27.75,-0.04,-0.01,68618.0,194031502.0,本地最近行情CSV
2026-07-06,2026-07-06T11:24:33+08:00,301380,挖金客,27.72,-3.52,-1.01,7345.0,20712905.91,本地最近行情CSV
2026-07-06,2026-07-06T11:24:33+08:00,301270,汉仪股份,27.69,-1.07,-0.3,16778.0,47239911.02,本地最近行情CSV
2026-07-06,2026-07-06T11:24:33+08:00,301166,优宁维,27.69,0.91,0.25,7488.0,20673742.0,本地最近行情CSV
2026-07-06,2026-07-06T11:24:33+08:00,600667,太极实业,27.67,-7.64,-2.29,2717745.0,7804035322.0,本地最近行情CSV
2026-07-06,2026-07-06T11:24:33+08:00,002558,巨人网络,27.67,1.92,0.52,509243.0,1403006277.07,本地最近行情CSV
2026-07-06,2026-07-06T11:24:33+08:00,001279,强邦新材,27.65,-1.18,-0.33,6280.0,17454219.27,本地最近行情CSV
2026-07-06,2026-07-06T11:24:33+08:00,688755,汉邦科技,27.63,-1.57,-0.44,7011.0,19444993.0,本地最近行情CSV
2026-07-06,2026-07-06T11:24:33+08:00,603355,莱克电气,27.63,-3.39,-0.97,8854.0,24840128.0,本地最近行情CSV
2026-07-06,2026-07-06T11:24:33+08:00,600536,中国软件,27.62,-2.71,-0.77,83309.0,232887959.0,本地最近行情CSV
2026-07-06,2026-07-06T11:24:33+08:00,603978,深圳新星,27.58,-8.55,-2.58,140772.0,404739608.0,本地最近行情CSV
2026-07-06,2026-07-06T11:24:33+08:00,301560,众捷汽车,27.55,-4.04,-1.16,11331.0,31756063.23,本地最近行情CSV
2026-07-06,2026-07-06T11:24:33+08:00,301371,敷尔佳,27.55,1.32,0.36,24446.0,68106319.9,本地最近行情CSV
2026-07-06,2026-07-06T11:24:33+08:00,300859,西域旅游,27.54,0.07,0.02,15044.0,41787696.0,本地最近行情CSV
2026-07-06,2026-07-06T11:24:33+08:00,600060,海信视像,27.52,0.0,0.0,62987.0,172999862.0,本地最近行情CSV
2026-07-06,2026-07-06T11:24:33+08:00,301068,大地海洋,27.46,3.58,0.95,14241.0,38735190.92,本地最近行情CSV
2026-07-06,2026-07-06T11:24:33+08:00,300930,屹通新材,27.44,-7.27,-2.15,21071.0,60161246.65,本地最近行情CSV
2026-07-06,2026-07-06T11:24:33+08:00,600511,国药股份,27.43,1.82,0.49,37073.0,100943652.0,本地最近行情CSV
2026-07-06,2026-07-06T11:24:33+08:00,600456,宝钛股份,27.41,-2.35,-0.66,51126.0,142661772.0,本地最近行情CSV
2026-07-06,2026-07-06T11:24:33+08:00,688475,萤石网络,27.37,-0.83,-0.23,28178.0,76968416.0,本地最近行情CSV
2026-07-06,2026-07-06T11:24:33+08:00,002985,北摩高科,27.37,-3.56,-1.01,43727.0,121859202.85,本地最近行情CSV
2026-07-06,2026-07-06T11:24:33+08:00,001328,登康口腔,27.36,0.63,0.17,7123.0,19434958.0,本地最近行情CSV
2026-07-06,2026-07-06T11:24:33+08:00,000034,神州数码,27.36,-2.18,-0.61,448634.0,1206951857.56,本地最近行情CSV
2026-07-06,2026-07-06T11:24:33+08:00,603659,璞泰来,27.34,-2.77,-0.78,173859.0,482958298.0,本地最近行情CSV
2026-07-06,2026-07-06T11:24:33+08:00,603351,威尔药业,27.33,-1.19,-0.33,20546.0,56934714.0,本地最近行情CSV
2026-07-06,2026-07-06T11:24:33+08:00,688811,有研复材,27.31,-6.79,-1.99,92627.0,258844315.0,本地最近行情CSV
2026-07-06,2026-07-06T11:24:33+08:00,688209,英集芯,27.3,-0.76,-0.21,99558.0,268837515.0,本地最近行情CSV
2026-07-06,2026-07-06T11:24:33+08:00,688130,晶华微,27.29,0.7,0.19,23750.0,63853898.0,本地最近行情CSV
2026-07-06,2026-07-06T11:24:33+08:00,600605,汇通能源,27.29,-2.88,-0.81,16031.0,44245854.0,本地最近行情CSV
2026-07-06,2026-07-06T11:24:33+08:00,603383,顶点软件,27.28,-0.94,-0.26,19260.0,52811621.0,本地最近行情CSV
2026-07-06,2026-07-06T11:24:33+08:00,300191,潜能恒信,27.28,-1.62,-0.45,33958.0,93749226.08,本地最近行情CSV
2026-07-06,2026-07-06T11:24:33+08:00,300593,新雷能,27.26,3.45,0.91,233054.0,649981834.75,本地最近行情CSV
2026-07-06,2026-07-06T11:24:33+08:00,300698,万马科技,27.25,-3.23,-0.91,14857.0,40926150.0,本地最近行情CSV
2026-07-06,2026-07-06T11:24:33+08:00,688005,容百科技,27.23,-2.78,-0.78,128530.0,357590182.0,本地最近行情CSV
2026-07-06,2026-07-06T11:24:33+08:00,301501,恒鑫生活,27.23,-2.05,-0.57,6276.0,17258437.6,本地最近行情CSV
2026-07-06,2026-07-06T11:24:33+08:00,688357,建龙微纳,27.22,-4.92,-1.41,12810.0,35562713.0,本地最近行情CSV
2026-07-06,2026-07-06T11:24:33+08:00,301356,天振股份,27.22,-2.26,-0.63,20160.0,54483116.88,本地最近行情CSV
2026-07-06,2026-07-06T11:24:33+08:00,300598,诚迈科技,27.18,-3.65,-1.03,32009.0,88292119.6,本地最近行情CSV
2026-07-06,2026-07-06T11:24:33+08:00,600392,盛和资源,27.14,-6.25,-1.81,870346.0,2448048186.0,本地最近行情CSV
2026-07-06,2026-07-06T11:24:33+08:00,002297,博云新材,27.1,-1.74,-0.48,484545.0,1360082680.76,本地最近行情CSV
2026-07-06,2026-07-06T11:24:33+08:00,600900,长江电力,27.09,0.15,0.04,544869.0,1471583616.0,本地最近行情CSV
2026-07-06,2026-07-06T11:24:33+08:00,002933,新兴装备,27.09,-2.55,-0.71,12503.0,34351897.0,本地最近行情CSV
2026-07-06,2026-07-06T11:24:33+08:00,003019,宸展光电,27.04,-7.65,-2.24,55125.0,154122195.99,本地最近行情CSV
2026-07-06,2026-07-06T11:24:33+08:00,603657,春光科技,27.01,1.16,0.31,19787.0,53557510.0,本地最近行情CSV
2026-07-06,2026-07-06T11:24:33+08:00,600685,中船防务,27.0,-0.26,-0.07,102052.0,278250869.0,本地最近行情CSV
2026-07-06,2026-07-06T11:24:33+08:00,001388,信通电子,26.99,-2.67,-0.74,8304.0,22722038.0,本地最近行情CSV
2026-07-06,2026-07-06T11:24:33+08:00,002074,国轩高科,26.93,-0.44,-0.12,199716.0,548378174.92,本地最近行情CSV
2026-07-06,2026-07-06T11:24:33+08:00,688152,麒麟信安,26.91,-2.92,-0.81,9096.0,24849927.0,本地最近行情CSV
2026-07-06,2026-07-06T11:24:33+08:00,603608,天创时尚,26.9,3.54,0.92,301237.0,805677936.0,本地最近行情CSV
2026-07-06,2026-07-06T11:24:33+08:00,300935,盈建科,26.89,-6.86,-1.98,16190.0,44810650.74,本地最近行情CSV
2026-07-06,2026-07-06T11:24:33+08:00,002902,铭普光磁,26.89,-2.85,-0.79,94335.0,257403251.81,本地最近行情CSV
2026-07-06,2026-07-06T11:24:33+08:00,301265,华新科技,26.88,-4.68,-1.32,56995.0,158235319.0,本地最近行情CSV
2026-07-06,2026-07-06T11:24:33+08:00,603596,伯特利,26.87,-2.82,-0.78,149162.0,405279737.0,本地最近行情CSV
2026-07-06,2026-07-06T11:24:33+08:00,603352,至信股份,26.83,-1.43,-0.39,5204.0,14056827.0,本地最近行情CSV
2026-07-06,2026-07-06T11:24:33+08:00,300992,泰福泵业,26.81,3.12,0.81,13715.0,36470698.55,本地最近行情CSV
2026-07-06,2026-07-06T11:24:33+08:00,300827,上能电气,26.81,-0.7,-0.19,66642.0,181256920.64,本地最近行情CSV
2026-07-06,2026-07-06T11:24:33+08:00,300563,神宇股份,26.81,-3.56,-0.99,31498.0,85754447.0,本地最近行情CSV
2026-07-06,2026-07-06T11:24:33+08:00,688518,联赢激光,26.77,-2.55,-0.7,148551.0,404855889.0,本地最近行情CSV
2026-07-06,2026-07-06T11:24:33+08:00,002150,正泰电源,26.77,-0.48,-0.13,114650.0,313983812.22,本地最近行情CSV
2026-07-06,2026-07-06T11:24:33+08:00,688566,吉贝尔,26.74,0.6,0.16,24583.0,65765192.0,本地最近行情CSV
2026-07-06,2026-07-06T11:24:33+08:00,603303,得邦照明,26.74,8.0,1.98,72784.0,188655052.0,本地最近行情CSV
2026-07-06,2026-07-06T11:24:33+08:00,301518,长华化学,26.74,-1.69,-0.46,14011.0,38357073.0,本地最近行情CSV
2026-07-06,2026-07-06T11:24:33+08:00,603298,杭叉集团,26.73,1.75,0.46,68013.0,182250976.0,本地最近行情CSV
2026-07-06,2026-07-06T11:24:33+08:00,000762,西藏矿业,26.71,-0.93,-0.25,145083.0,395550276.5,本地最近行情CSV
2026-07-06,2026-07-06T11:24:33+08:00,301227,森鹰窗业,26.7,-1.91,-0.52,23303.0,63535896.76,本地最近行情CSV
2026-07-06,2026-07-06T11:24:33+08:00,300850,新强联,26.69,-3.72,-1.03,86752.0,235813728.72,本地最近行情CSV
2026-07-06,2026-07-06T11:24:33+08:00,002978,安宁股份,26.65,-0.11,-0.03,20714.0,55698162.25,本地最近行情CSV
2026-07-06,2026-07-06T11:24:33+08:00,603406,天富龙,26.57,-0.93,-0.25,4423.0,11799893.0,本地最近行情CSV
2026-07-06,2026-07-06T11:24:33+08:00,000935,四川双马,26.57,0.83,0.22,41411.0,109604286.8,本地最近行情CSV
2026-07-06,2026-07-06T11:24:33+08:00,002430,杭氧股份,26.56,-3.38,-0.93,211520.0,567869890.86,本地最近行情CSV
2026-07-06,2026-07-06T11:24:33+08:00,001257,盛龙股份,26.56,-4.56,-1.27,158206.0,431188265.77,本地最近行情CSV
2026-07-06,2026-07-06T11:24:33+08:00,301246,宏源药业,26.52,-1.41,-0.38,84913.0,227690318.05,本地最近行情CSV
2026-07-06,2026-07-06T11:24:33+08:00,002223,鱼跃医疗,26.52,-0.3,-0.08,78320.0,207972197.14,本地最近行情CSV
2026-07-06,2026-07-06T11:24:33+08:00,300860,锋尚文化,26.5,-1.12,-0.3,19206.0,51708291.2,本地最近行情CSV
2026-07-06,2026-07-06T11:24:33+08:00,301197,工大科雅,26.49,-19.99,-6.62,90018.0,249657275.12,本地最近行情CSV
2026-07-06,2026-07-06T11:24:33+08:00,301522,上大股份,26.46,-4.13,-1.14,44154.0,118932537.0,本地最近行情CSV
2026-07-06,2026-07-06T11:24:33+08:00,301118,恒光股份,26.43,-1.16,-0.31,30483.0,82407342.0,本地最近行情CSV
2026-07-06,2026-07-06T11:24:33+08:00,603280,南方路机,26.42,-1.42,-0.38,7005.0,18646154.0,本地最近行情CSV
2026-07-06,2026-07-06T11:24:33+08:00,300611,美力科技,26.37,-1.12,-0.3,42299.0,112655351.0,本地最近行情CSV
2026-07-06,2026-07-06T11:24:33+08:00,300580,贝斯特,26.36,1.54,0.4,355047.0,920791037.36,本地最近行情CSV
2026-07-06,2026-07-06T11:24:33+08:00,300520,科大国创,26.36,-3.65,-1.0,58041.0,155274064.3,本地最近行情CSV
2026-07-06,2026-07-06T11:24:33+08:00,300973,立高食品,26.33,0.23,0.06,21395.0,56914493.9,本地最近行情CSV
2026-07-06,2026-07-06T11:24:33+08:00,600343,航天动力,26.32,-6.07,-1.7,329368.0,899692443.0,本地最近行情CSV
2026-07-06,2026-07-06T11:24:33+08:00,002868,绿康生化,26.32,0.15,0.04,40360.0,106324693.5,本地最近行情CSV
2026-07-06,2026-07-06T11:24:33+08:00,300572,安车检测,26.24,-6.55,-1.84,60814.0,163651972.0,本地最近行情CSV
2026-07-06,2026-07-06T11:24:33+08:00,001358,兴欣新材,26.24,-3.53,-0.96,21879.0,58375151.8,本地最近行情CSV
2026-07-06,2026-07-06T11:24:33+08:00,000921,海信家电,26.18,-0.57,-0.15,59751.0,156675902.0,本地最近行情CSV
2026-07-06,2026-07-06T11:24:33+08:00,688013,天臣医疗,26.15,-1.99,-0.53,9010.0,23819421.0,本地最近行情CSV
2026-07-06,2026-07-06T11:24:33+08:00,301348,蓝箭电子,26.15,-2.43,-0.65,113111.0,301432391.8,本地最近行情CSV
2026-07-06,2026-07-06T11:24:33+08:00,603948,建业股份,26.14,-0.46,-0.12,29016.0,77271550.0,本地最近行情CSV
2026-07-06,2026-07-06T11:24:33+08:00,301119,正强股份,26.13,-8.54,-2.44,48689.0,133411641.94,本地最近行情CSV
2026-07-06,2026-07-06T11:24:33+08:00,600426,华鲁恒升,26.1,4.9,1.22,402577.0,1050358227.0,本地最近行情CSV
2026-07-06,2026-07-06T11:24:33+08:00,688443,智翔金泰-U,26.09,3.53,0.89,67737.0,175712509.0,本地最近行情CSV
2026-07-06,2026-07-06T11:24:33+08:00,600869,远东股份,26.09,-8.3,-2.36,1258301.0,3352880986.0,本地最近行情CSV
2026-07-06,2026-07-06T11:24:33+08:00,605286,同力天启,26.06,-4.16,-1.13,22372.0,59508681.0,本地最近行情CSV
2026-07-06,2026-07-06T11:24:33+08:00,301130,西点药业,26.06,1.56,0.4,8015.0,20787484.0,本地最近行情CSV
2026-07-06,2026-07-06T11:24:33+08:00,300680,隆盛科技,26.0,-1.7,-0.45,123297.0,325457329.6,本地最近行情CSV
2026-07-06,2026-07-06T11:24:33+08:00,300204,舒泰神,26.0,7.62,1.84,558056.0,1424582013.38,本地最近行情CSV
2026-07-06,2026-07-06T11:24:33+08:00,002976,瑞玛精密,26.0,-3.35,-0.9,75372.0,196915886.3,本地最近行情CSV
2026-07-06,2026-07-06T11:24:33+08:00,688208,道通科技,25.95,-0.15,-0.04,116196.0,300218844.0,本地最近行情CSV
2026-07-06,2026-07-06T11:24:33+08:00,603059,倍加洁,25.94,0.7,0.18,6083.0,15764510.0,本地最近行情CSV
2026-07-06,2026-07-06T11:24:33+08:00,600038,中直股份,25.94,-1.03,-0.27,33148.0,86617497.0,本地最近行情CSV
2026-07-06,2026-07-06T11:24:33+08:00,002886,沃特股份,25.94,-7.26,-2.03,111407.0,296483290.8,本地最近行情CSV
2026-07-06,2026-07-06T11:24:33+08:00,600547,山东黄金,25.91,-0.65,-0.17,837634.0,2221989154.0,本地最近行情CSV
2026-07-06,2026-07-06T11:24:33+08:00,300812,易天股份,25.91,-3.32,-0.89,72115.0,190715727.6,本地最近行情CSV
2026-07-06,2026-07-06T11:24:33+08:00,605086,龙高股份,25.89,-1.89,-0.5,11551.0,30178856.0,本地最近行情CSV
2026-07-06,2026-07-06T11:24:33+08:00,301658,首航新能,25.87,-2.89,-0.77,20846.0,55235778.08,本地最近行情CSV
2026-07-06,2026-07-06T11:24:33+08:00,300688,创业黑马,25.86,-2.75,-0.73,38136.0,100489192.5,本地最近行情CSV
2026-07-06,2026-07-06T11:24:33+08:00,301585,蓝宇股份,25.85,-0.96,-0.25,5270.0,13690257.84,本地最近行情CSV
2026-07-06,2026-07-06T11:24:33+08:00,603396,金辰股份,25.84,-2.89,-0.77,15763.0,41369427.0,本地最近行情CSV
2026-07-06,2026-07-06T11:24:33+08:00,300505,川金诺,25.84,3.73,0.93,239651.0,616014214.58,本地最近行情CSV
2026-07-06,2026-07-06T11:24:33+08:00,001255,博菲电气,25.79,-2.83,-0.75,8347.0,21845908.75,本地最近行情CSV
2026-07-06,2026-07-06T11:24:33+08:00,601069,西部黄金,25.78,-0.5,-0.13,330935.0,881189920.0,本地最近行情CSV
2026-07-06,2026-07-06T11:24:33+08:00,300199,翰宇药业,25.78,3.2,0.8,633109.0,1630182761.03,本地最近行情CSV
2026-07-06,2026-07-06T11:24:33+08:00,688129,东来技术,25.76,-4.8,-1.3,8654.0,22715375.0,本地最近行情CSV
2026-07-06,2026-07-06T11:24:33+08:00,301302,华如科技,25.74,-6.98,-1.93,93782.0,246738620.98,本地最近行情CSV
2026-07-06,2026-07-06T11:24:33+08:00,002906,华阳集团,25.74,-2.79,-0.74,55620.0,144616788.24,本地最近行情CSV
2026-07-06,2026-07-06T11:24:33+08:00,002396,星网锐捷,25.74,10.0,2.34,437347.0,1122932942.16,本地最近行情CSV
2026-07-06,2026-07-06T11:24:33+08:00,300781,因赛集团,25.71,-3.27,-0.87,40386.0,105507355.53,本地最近行情CSV
2026-07-06,2026-07-06T11:24:33+08:00,603638,艾迪精密,25.7,-7.89,-2.2,290799.0,751694772.0,本地最近行情CSV
2026-07-06,2026-07-06T11:24:33+08:00,002048,宁波华翔,25.7,-1.98,-0.52,298135.0,772514744.61,本地最近行情CSV
2026-07-06,2026-07-06T11:24:33+08:00,605580,恒盛能源,25.69,-2.58,-0.68,78589.0,200532425.0,本地最近行情CSV
2026-07-06,2026-07-06T11:24:33+08:00,300885,海昌新材,25.68,-8.29,-2.32,98706.0,260924134.68,本地最近行情CSV
2026-07-06,2026-07-06T11:24:33+08:00,002977,*ST天箭,25.66,5.42,1.32,32642.0,83670406.64,本地最近行情CSV
2026-07-06,2026-07-06T11:24:33+08:00,603369,今世缘,25.59,1.99,0.5,126513.0,321448649.0,本地最近行情CSV
2026-07-06,2026-07-06T11:24:33+08:00,000915,华特达因,25.57,0.83,0.21,17095.0,43509558.0,本地最近行情CSV
2026-07-06,2026-07-06T11:24:33+08:00,600962,国投中鲁,25.51,-5.52,-1.49,97351.0,254280827.0,本地最近行情CSV
2026-07-06,2026-07-06T11:24:33+08:00,002402,和而泰,25.51,-5.03,-1.35,436383.0,1131235065.15,本地最近行情CSV
2026-07-06,2026-07-06T11:24:33+08:00,301283,聚胶股份,25.49,-2.26,-0.59,7894.0,20439061.02,本地最近行情CSV
2026-07-06,2026-07-06T11:24:33+08:00,300792,壹网壹创,25.48,-2.82,-0.74,30743.0,79540348.53,本地最近行情CSV
2026-07-06,2026-07-06T11:24:33+08:00,603190,亚通精工,25.43,2.01,0.5,14497.0,36586691.0,本地最近行情CSV
2026-07-06,2026-07-06T11:24:33+08:00,300696,爱乐达,25.43,-5.88,-1.59,69848.0,183340844.0,本地最近行情CSV
2026-07-06,2026-07-06T11:24:33+08:00,002733,雄韬股份,25.4,-2.42,-0.63,122830.0,320685341.5,本地最近行情CSV
2026-07-06,2026-07-06T11:24:33+08:00,603607,京华激光,25.38,0.95,0.24,60417.0,154469107.0,本地最近行情CSV
2026-07-06,2026-07-06T11:24:33+08:00,301279,金道科技,25.38,-6.96,-1.9,40377.0,103867942.05,本地最近行情CSV
2026-07-06,2026-07-06T11:24:33+08:00,300031,宝通科技,25.35,-3.13,-0.82,175898.0,450735317.78,本地最近行情CSV
2026-07-06,2026-07-06T11:24:33+08:00,300669,沪宁股份,25.34,-2.95,-0.77,6916.0,17810141.0,本地最近行情CSV
2026-07-06,2026-07-06T11:24:33+08:00,688510,航亚科技,25.33,-2.54,-0.66,44970.0,116732917.0,本地最近行情CSV
2026-07-06,2026-07-06T11:24:33+08:00,300255,常山药业,25.33,0.08,0.02,357990.0,915562120.19,本地最近行情CSV
2026-07-06,2026-07-06T11:24:33+08:00,300554,三超新材,25.32,-3.58,-0.94,42119.0,108632365.95,本地最近行情CSV
2026-07-06,2026-07-06T11:24:33+08:00,300906,日月明,25.3,-1.9,-0.49,8976.0,23063528.0,本地最近行情CSV
2026-07-06,2026-07-06T11:24:33+08:00,301111,粤万年青,25.29,-3.21,-0.84,37301.0,96379929.08,本地最近行情CSV
2026-07-06,2026-07-06T11:24:33+08:00,301172,君逸数码,25.28,-5.0,-1.33,31725.0,82210930.92,本地最近行情CSV
2026-07-06,2026-07-06T11:24:33+08:00,600330,天通股份,25.23,-4.0,-1.05,609769.0,1561909260.0,本地最近行情CSV
2026-07-06,2026-07-06T11:24:33+08:00,603376,大明电子,25.21,-1.83,-0.47,5071.0,12886748.0,本地最近行情CSV
2026-07-06,2026-07-06T11:24:33+08:00,300810,中科海讯,25.18,-3.0,-0.78,20386.0,52734612.76,本地最近行情CSV
2026-07-06,2026-07-06T11:24:33+08:00,300209,行云科技,25.18,-8.47,-2.33,510465.0,1299668711.8,本地最近行情CSV
2026-07-06,2026-07-06T11:24:33+08:00,001288,运机集团,25.17,-0.75,-0.19,17935.0,45073016.0,本地最近行情CSV
2026-07-06,2026-07-06T11:24:33+08:00,000049,德赛电池,25.17,0.8,0.2,65652.0,165686930.69,本地最近行情CSV
2026-07-06,2026-07-06T11:24:33+08:00,301276,嘉曼服饰,25.12,-1.22,-0.31,16056.0,40782659.6,本地最近行情CSV
2026-07-06,2026-07-06T11:24:33+08:00,301177,迪阿股份,25.11,-6.58,-1.77,69401.0,191049872.12,本地最近行情CSV
2026-07-06,2026-07-06T11:24:33+08:00,688377,迪威尔,25.1,-3.2,-0.83,9135.0,23302707.0,本地最近行情CSV
2026-07-06,2026-07-06T11:24:33+08:00,600418,江淮汽车,25.1,-4.16,-1.09,417107.0,1079892064.0,本地最近行情CSV
2026-07-06,2026-07-06T11:24:33+08:00,301533,威马农机,25.08,-1.69,-0.43,7701.0,19541672.0,本地最近行情CSV
2026-07-06,2026-07-06T11:24:33+08:00,603737,三棵树,25.07,1.87,0.46,50319.0,127102520.0,本地最近行情CSV
2026-07-06,2026-07-06T11:24:33+08:00,603860,中公高科,25.06,-1.22,-0.31,9411.0,23940665.0,本地最近行情CSV
2026-07-06,2026-07-06T11:24:33+08:00,301258,富士莱,25.05,1.54,0.38,7315.0,18330995.0,本地最近行情CSV
2026-07-06,2026-07-06T11:24:33+08:00,300151,昌红科技,25.0,-6.44,-1.72,268074.0,685903552.92,本地最近行情CSV
2026-07-06,2026-07-06T11:24:33+08:00,600887,伊利股份,24.99,1.59,0.39,394594.0,977147808.0,本地最近行情CSV
2026-07-06,2026-07-06T11:24:33+08:00,601877,正泰电器,24.97,-0.83,-0.21,109308.0,274910785.0,本地最近行情CSV
2026-07-06,2026-07-06T11:24:33+08:00,300644,南京聚隆,24.92,-2.47,-0.63,21353.0,53951619.0,本地最近行情CSV
2026-07-06,2026-07-06T11:24:33+08:00,688162,巨一科技,24.91,-0.72,-0.18,12600.0,32087787.0,本地最近行情CSV
2026-07-06,2026-07-06T11:24:33+08:00,300749,顶固集创,24.91,1.43,0.35,37390.0,92767623.4,本地最近行情CSV
2026-07-06,2026-07-06T11:24:33+08:00,688382,益方生物-U,24.9,9.4,2.14,266178.0,648191186.0,本地最近行情CSV
2026-07-06,2026-07-06T11:24:33+08:00,600234,科新发展,24.9,-4.34,-1.13,23804.0,59461985.0,本地最近行情CSV
2026-07-06,2026-07-06T11:24:33+08:00,603262,技源集团,24.87,-3.75,-0.97,20661.0,51503246.0,本地最近行情CSV
2026-07-06,2026-07-06T11:24:33+08:00,301330,熵基科技,24.82,-3.87,-1.0,17129.0,43174341.58,本地最近行情CSV
2026-07-06,2026-07-06T11:24:33+08:00,605016,百龙创园,24.81,-1.66,-0.42,26018.0,65097345.0,本地最近行情CSV
2026-07-06,2026-07-06T11:24:33+08:00,300999,金龙鱼,24.81,1.85,0.45,61852.0,152365648.29,本地最近行情CSV
2026-07-06,2026-07-06T11:24:33+08:00,300521,爱司凯,24.8,-7.12,-1.9,47268.0,120107741.94,本地最近行情CSV
2026-07-06,2026-07-06T11:24:33+08:00,002128,电投能源,24.76,0.86,0.21,72362.0,179810167.3,本地最近行情CSV
2026-07-06,2026-07-06T11:24:33+08:00,003010,若羽臣,24.75,0.12,0.03,35498.0,87333077.24,本地最近行情CSV
2026-07-06,2026-07-06T11:24:33+08:00,603281,江瀚新材,24.72,-3.1,-0.79,58532.0,147016066.0,本地最近行情CSV
2026-07-06,2026-07-06T11:24:33+08:00,300948,冠中生态,24.71,-6.01,-1.58,37705.0,95392188.14,本地最近行情CSV
2026-07-06,2026-07-06T11:24:33+08:00,002155,湖南黄金,24.71,-4.7,-1.22,644727.0,1648690252.57,本地最近行情CSV
2026-07-06,2026-07-06T11:24:33+08:00,000593,德龙汇能,24.66,9.99,2.24,168071.0,399797920.4,本地最近行情CSV
2026-07-06,2026-07-06T11:24:33+08:00,688251,井松智能,24.65,0.12,0.03,17058.0,42603386.0,本地最近行情CSV
2026-07-06,2026-07-06T11:24:33+08:00,002645,华宏科技,24.62,-4.13,-1.06,253525.0,638969969.1,本地最近行情CSV
2026-07-06,2026-07-06T11:24:33+08:00,001395,亚联机械,24.61,0.04,0.01,5241.0,12960125.0,本地最近行情CSV
2026-07-06,2026-07-06T11:24:33+08:00,603307,扬州金泉,24.6,-0.2,-0.05,6351.0,15717768.0,本地最近行情CSV
2026-07-06,2026-07-06T11:24:33+08:00,603344,星德胜,24.57,-2.92,-0.74,20740.0,51423903.0,本地最近行情CSV
2026-07-06,2026-07-06T11:24:33+08:00,301108,洁雅股份,24.54,3.24,0.77,10997.0,26596094.16,本地最近行情CSV
2026-07-06,2026-07-06T11:24:33+08:00,300849,锦盛新材,24.45,2.47,0.59,24249.0,59154049.0,本地最近行情CSV
2026-07-06,2026-07-06T11:24:33+08:00,688179,阿拉丁,24.44,-4.79,-1.23,139331.0,347150332.0,本地最近行情CSV
2026-07-06,2026-07-06T11:24:33+08:00,002648,卫星化学,24.44,1.75,0.42,610092.0,1494197502.41,本地最近行情CSV
2026-07-06,2026-07-06T11:24:33+08:00,001218,丽臣实业,24.44,1.33,0.32,40277.0,98560381.96,本地最近行情CSV
2026-07-06,2026-07-06T11:24:33+08:00,300917,特发服务,24.41,-1.45,-0.36,25888.0,63878016.0,本地最近行情CSV
2026-07-06,2026-07-06T11:24:33+08:00,603583,捷昌驱动,24.39,-3.75,-0.95,61195.0,151536385.0,本地最近行情CSV
2026-07-06,2026-07-06T11:24:33+08:00,605009,XD豪悦护,24.34,-1.1,-0.27,16333.0,40049851.0,本地最近行情CSV
2026-07-06,2026-07-06T11:24:33+08:00,002827,高争民爆,24.34,-1.58,-0.39,19312.0,47577979.0,本地最近行情CSV
2026-07-06,2026-07-06T11:24:33+08:00,000999,华润三九,24.34,1.29,0.31,92440.0,223485501.64,本地最近行情CSV
2026-07-06,2026-07-06T11:24:33+08:00,002810,山东赫达,24.33,-4.66,-1.19,94272.0,231533215.0,本地最近行情CSV
2026-07-06,2026-07-06T11:24:33+08:00,002326,永太科技,24.33,-5.73,-1.48,660928.0,1657997914.15,本地最近行情CSV
2026-07-06,2026-07-06T11:24:33+08:00,002988,豪美新材,24.32,-4.4,-1.12,46890.0,116021040.7,本地最近行情CSV
2026-07-06,2026-07-06T11:24:33+08:00,002983,芯瑞达,24.32,-3.53,-0.89,41363.0,102526017.02,本地最近行情CSV
2026-07-06,2026-07-06T11:24:33+08:00,603755,日辰股份,24.31,-0.41,-0.1,7847.0,19138422.0,本地最近行情CSV
2026-07-06,2026-07-06T11:24:33+08:00,301456,盘古智能,24.29,0.7,0.17,12210.0,29815300.0,本地最近行情CSV
2026-07-06,2026-07-06T11:24:33+08:00,300319,麦捷科技,24.28,-7.26,-1.9,866280.0,2168034946.83,本地最近行情CSV
2026-07-06,2026-07-06T11:24:33+08:00,603826,坤彩科技,24.27,1.34,0.32,61751.0,151162168.0,本地最近行情CSV
2026-07-06,2026-07-06T11:24:33+08:00,300871,回盛生物,24.27,1.29,0.31,70668.0,170720137.0,本地最近行情CSV
2026-07-06,2026-07-06T11:24:33+08:00,300865,大宏立,24.27,-1.06,-0.26,20017.0,49357748.0,本地最近行情CSV
2026-07-06,2026-07-06T11:24:33+08:00,003028,振邦智能,24.26,-1.42,-0.35,18521.0,45219193.6,本地最近行情CSV
2026-07-06,2026-07-06T11:24:33+08:00,300357,我武生物,24.25,0.46,0.11,120149.0,291426393.03,本地最近行情CSV
2026-07-06,2026-07-06T11:24:33+08:00,002167,东方锆业,24.25,-3.15,-0.79,855219.0,2140514132.15,本地最近行情CSV
2026-07-06,2026-07-06T11:24:33+08:00,301040,中环海陆,24.23,0.25,0.06,16698.0,40378419.0,本地最近行情CSV
2026-07-06,2026-07-06T11:24:33+08:00,000603,盛达资源,24.23,-0.78,-0.19,523090.0,1315518823.89,本地最近行情CSV
2026-07-06,2026-07-06T11:24:33+08:00,688128,中国电研,24.22,-0.94,-0.23,18379.0,44826905.0,本地最近行情CSV
2026-07-06,2026-07-06T11:24:33+08:00,002843,泰嘉股份,24.2,2.85,0.67,164683.0,388574074.51,本地最近行情CSV
2026-07-06,2026-07-06T11:24:33+08:00,301022,海泰科,24.18,-4.92,-1.25,17448.0,43409967.42,本地最近行情CSV
2026-07-06,2026-07-06T11:24:33+08:00,300802,矩子科技,24.17,0.71,0.17,78148.0,191074217.79,本地最近行情CSV
2026-07-06,2026-07-06T11:24:33+08:00,688398,赛特新材,24.16,-3.97,-1.0,12244.0,30253494.0,本地最近行情CSV
2026-07-06,2026-07-06T11:24:33+08:00,603790,雅运股份,24.1,-3.98,-1.0,31967.0,78622821.0,本地最近行情CSV
2026-07-06,2026-07-06T11:24:33+08:00,301212,联盛化学,24.09,-2.47,-0.61,8658.0,21137534.0,本地最近行情CSV
2026-07-06,2026-07-06T11:24:33+08:00,301012,扬电科技,24.07,-2.39,-0.59,54968.0,135632806.74,本地最近行情CSV
2026-07-06,2026-07-06T11:24:33+08:00,301231,荣信文化,24.06,-3.57,-0.89,27864.0,68298482.0,本地最近行情CSV
2026-07-06,2026-07-06T11:24:33+08:00,603876,鼎胜新材,24.05,-0.04,-0.01,194683.0,482789796.0,本地最近行情CSV
2026-07-06,2026-07-06T11:24:33+08:00,301181,标榜股份,24.0,-4.69,-1.18,34022.0,84542458.2,本地最近行情CSV
2026-07-06,2026-07-06T11:24:33+08:00,300908,仲景食品,24.0,1.65,0.39,7192.0,17112640.1,本地最近行情CSV
2026-07-06,2026-07-06T11:24:33+08:00,600196,复星医药,23.99,3.01,0.7,410037.0,977080327.0,本地最近行情CSV
2026-07-06,2026-07-06T11:24:33+08:00,300837,浙矿股份,23.99,-2.76,-0.68,11394.0,27927743.0,本地最近行情CSV
2026-07-06,2026-07-06T11:24:33+08:00,301388,欣灵电气,23.97,-2.0,-0.49,8543.0,20885247.1,本地最近行情CSV
2026-07-06,2026-07-06T11:24:33+08:00,300788,中信出版,23.96,-0.29,-0.07,12343.0,29800455.0,本地最近行情CSV
2026-07-06,2026-07-06T11:24:33+08:00,002491,通鼎互联,23.95,-5.97,-1.52,959921.0,2385606824.34,本地最近行情CSV
2026-07-06,2026-07-06T11:24:33+08:00,603207,小方制药,23.93,1.44,0.34,13255.0,31570265.0,本地最近行情CSV
2026-07-06,2026-07-06T11:24:33+08:00,000880,潍柴重机,23.91,3.19,0.74,154823.0,373274625.83,本地最近行情CSV
2026-07-06,2026-07-06T11:24:33+08:00,300632,光莆股份,23.9,-3.82,-0.95,122961.0,299614139.75,本地最近行情CSV
2026-07-06,2026-07-06T11:24:33+08:00,600552,凯盛科技,23.85,-6.07,-1.54,767701.0,1880393114.0,本地最近行情CSV
2026-07-06,2026-07-06T11:24:33+08:00,002759,天际股份,23.84,-4.3,-1.07,214042.0,527019231.96,本地最近行情CSV
2026-07-06,2026-07-06T11:24:33+08:00,002272,川润股份,23.84,2.49,0.58,379003.0,903492900.62,本地最近行情CSV
2026-07-06,2026-07-06T11:24:33+08:00,002202,金风科技,23.82,-3.13,-0.77,1175787.0,2858152545.99,本地最近行情CSV
2026-07-06,2026-07-06T11:24:33+08:00,301163,宏德股份,23.81,-6.55,-1.67,23615.0,57870991.0,本地最近行情CSV
2026-07-06,2026-07-06T11:24:33+08:00,603882,金域医学,23.79,-0.29,-0.07,27114.0,64645882.0,本地最近行情CSV
2026-07-06,2026-07-06T11:24:33+08:00,301206,三元生物,23.78,2.1,0.49,9356.0,22091129.5,本地最近行情CSV
2026-07-06,2026-07-06T11:24:33+08:00,601958,金钼股份,23.77,-4.96,-1.24,637300.0,1560135273.0,本地最近行情CSV
2026-07-06,2026-07-06T11:24:33+08:00,002315,焦点科技,23.77,-1.82,-0.44,28960.0,69423887.07,本地最近行情CSV
2026-07-06,2026-07-06T11:24:33+08:00,600459,贵研铂业,23.75,-5.0,-1.25,443247.0,1110242880.0,本地最近行情CSV
2026-07-06,2026-07-06T11:24:33+08:00,301383,天键股份,23.75,-5.49,-1.38,15656.0,38078563.0,本地最近行情CSV
2026-07-06,2026-07-06T11:24:33+08:00,301378,通达海,23.75,-3.34,-0.82,11298.0,27313178.29,本地最近行情CSV
2026-07-06,2026-07-06T11:24:33+08:00,601233,桐昆股份,23.74,3.94,0.9,396372.0,941401506.0,本地最近行情CSV
2026-07-06,2026-07-06T11:24:33+08:00,300322,硕贝德,23.71,0.13,0.03,257674.0,627354757.07,本地最近行情CSV
2026-07-06,2026-07-06T11:24:33+08:00,300767,震安科技,23.69,0.3,0.07,224067.0,561754440.17,本地最近行情CSV
2026-07-06,2026-07-06T11:24:33+08:00,002190,成飞集成,23.68,-2.19,-0.53,21650.0,52015066.0,本地最近行情CSV
2026-07-06,2026-07-06T11:24:33+08:00,301152,天力锂能,23.67,-1.21,-0.29,31316.0,75996264.6,本地最近行情CSV
2026-07-06,2026-07-06T11:24:33+08:00,600750,华润江中,23.65,1.46,0.34,27825.0,65143472.0,本地最近行情CSV
2026-07-06,2026-07-06T11:24:33+08:00,600085,同仁堂,23.63,1.16,0.27,74303.0,174382510.0,本地最近行情CSV
2026-07-06,2026-07-06T11:24:33+08:00,603057,紫燕食品,23.62,-0.17,-0.04,12905.0,30331299.0,本地最近行情CSV
2026-07-06,2026-07-06T11:24:33+08:00,603733,仙鹤股份,23.58,-4.92,-1.22,106276.0,254216115.0,本地最近行情CSV
2026-07-06,2026-07-06T11:24:33+08:00,000833,粤桂股份,23.58,0.34,0.08,220093.0,528240286.77,本地最近行情CSV
2026-07-06,2026-07-06T11:24:33+08:00,000776,广发证券,23.58,-0.59,-0.14,625323.0,1484454133.22,本地最近行情CSV
2026-07-06,2026-07-06T11:24:33+08:00,603235,天新药业,23.57,0.99,0.23,3910.0,9195625.0,本地最近行情CSV
2026-07-06,2026-07-06T11:24:33+08:00,605128,上海沿浦,23.56,-2.97,-0.72,29215.0,69381339.0,本地最近行情CSV
2026-07-06,2026-07-06T11:24:33+08:00,301508,中机认检,23.56,-0.84,-0.2,5763.0,13649507.0,本地最近行情CSV
2026-07-06,2026-07-06T11:24:33+08:00,301552,科力装备,23.55,-1.26,-0.3,6661.0,15841274.6,本地最近行情CSV
2026-07-06,2026-07-06T11:24:33+08:00,002318,久立特材,23.54,-1.3,-0.31,43300.0,102444023.0,本地最近行情CSV
2026-07-06,2026-07-06T11:24:33+08:00,002773,康弘药业,23.53,5.33,1.19,186127.0,434450874.39,本地最近行情CSV
2026-07-06,2026-07-06T11:24:33+08:00,688561,奇安信-U,23.52,-1.18,-0.28,36327.0,85459865.0,本地最近行情CSV
2026-07-06,2026-07-06T11:24:33+08:00,301089,拓新药业,23.52,1.38,0.32,29905.0,70216412.39,本地最近行情CSV
2026-07-06,2026-07-06T11:24:33+08:00,688079,美迪凯,23.5,-4.86,-1.2,168610.0,400608963.0,本地最近行情CSV
2026-07-06,2026-07-06T11:24:33+08:00,000895,双汇发展,23.48,0.77,0.18,98958.0,230912660.89,本地最近行情CSV
2026-07-06,2026-07-06T11:24:33+08:00,300631,久吾高科,23.46,-2.13,-0.51,15561.0,37132024.64,本地最近行情CSV
2026-07-06,2026-07-06T11:24:33+08:00,603881,数据港,23.45,-6.98,-1.76,271249.0,641289583.0,本地最近行情CSV
2026-07-06,2026-07-06T11:24:33+08:00,301057,汇隆新材,23.45,-5.02,-1.24,18731.0,45424331.0,本地最近行情CSV
2026-07-06,2026-07-06T11:24:33+08:00,301051,信濠光电,23.45,2.99,0.68,198705.0,466182062.76,本地最近行情CSV
2026-07-06,2026-07-06T11:24:33+08:00,300889,爱克股份,23.45,5.49,1.22,70024.0,164350386.82,本地最近行情CSV
2026-07-06,2026-07-06T11:24:33+08:00,600184,光电股份,23.38,-9.49,-2.45,314905.0,761866485.0,本地最近行情CSV
2026-07-06,2026-07-06T11:24:33+08:00,603995,甬金股份,23.35,-1.64,-0.39,36151.0,84640153.0,本地最近行情CSV
2026-07-06,2026-07-06T11:24:33+08:00,300102,乾照光电,23.32,-8.66,-2.21,459157.0,1109960223.18,本地最近行情CSV
2026-07-06,2026-07-06T11:24:33+08:00,605028,世茂能源,23.31,-2.88,-0.69,25205.0,60025654.0,本地最近行情CSV
2026-07-06,2026-07-06T11:24:33+08:00,600009,上海机场,23.31,1.7,0.39,96339.0,223560537.0,本地最近行情CSV
2026-07-06,2026-07-06T11:24:33+08:00,688046,药康生物,23.29,0.3,0.07,69275.0,164248632.0,本地最近行情CSV
2026-07-06,2026-07-06T11:24:33+08:00,600566,济川药业,23.28,3.6,0.81,62017.0,141889421.0,本地最近行情CSV
2026-07-06,2026-07-06T11:24:33+08:00,603217,元利科技,23.26,2.02,0.46,14006.0,32443412.0,本地最近行情CSV
2026-07-06,2026-07-06T11:24:33+08:00,002803,吉宏股份,23.25,-3.65,-0.88,72606.0,172107346.1,本地最近行情CSV
2026-07-06,2026-07-06T11:24:33+08:00,605222,起帆电缆,23.24,-7.85,-1.98,161320.0,392496286.0,本地最近行情CSV
2026-07-06,2026-07-06T11:24:33+08:00,301331,恩威医药,23.24,-1.36,-0.32,9663.0,22559734.36,本地最近行情CSV
2026-07-06,2026-07-06T11:24:33+08:00,300790,宇瞳光学,23.24,-4.36,-1.06,177180.0,420979802.4,本地最近行情CSV
2026-07-06,2026-07-06T11:24:33+08:00,300690,双一科技,23.24,-4.6,-1.12,38725.0,91952841.55,本地最近行情CSV
2026-07-06,2026-07-06T11:24:33+08:00,301077,星华新材,23.21,-2.31,-0.55,14557.0,34255035.8,本地最近行情CSV
2026-07-06,2026-07-06T11:24:33+08:00,688351,微电生理,23.18,1.67,0.38,43379.0,100011213.0,本地最近行情CSV
2026-07-06,2026-07-06T11:24:33+08:00,603890,春秋电子,23.18,-1.11,-0.26,192146.0,451805050.0,本地最近行情CSV
2026-07-06,2026-07-06T11:24:33+08:00,688051,佳华科技,23.12,-3.75,-0.9,7026.0,16642527.0,本地最近行情CSV
2026-07-06,2026-07-06T11:24:33+08:00,603196,璞源材料,23.12,-1.41,-0.33,16175.0,37426548.0,本地最近行情CSV
2026-07-06,2026-07-06T11:24:33+08:00,300851,交大思诺,23.12,-1.62,-0.38,8102.0,18953008.0,本地最近行情CSV
2026-07-06,2026-07-06T11:24:33+08:00,301170,锡南科技,23.11,-1.87,-0.44,7981.0,18659124.0,本地最近行情CSV
2026-07-06,2026-07-06T11:24:33+08:00,300093,金刚光伏,23.1,-8.84,-2.24,87557.0,210515736.78,本地最近行情CSV
2026-07-06,2026-07-06T11:24:33+08:00,600993,马应龙,23.09,0.96,0.22,33200.0,76416328.0,本地最近行情CSV
2026-07-06,2026-07-06T11:24:33+08:00,600397,江钨装备,23.09,-9.98,-2.56,830591.0,2030156530.0,本地最近行情CSV
2026-07-06,2026-07-06T11:24:33+08:00,600699,均胜电子,23.06,-1.66,-0.39,308697.0,720172276.0,本地最近行情CSV
2026-07-06,2026-07-06T11:24:33+08:00,600406,国电南瑞,23.06,0.74,0.17,365341.0,843874407.0,本地最近行情CSV
2026-07-06,2026-07-06T11:24:33+08:00,601020,华钰矿业,23.05,-3.03,-0.72,215520.0,513815463.0,本地最近行情CSV
2026-07-06,2026-07-06T11:24:33+08:00,003017,大洋生物,23.03,-2.46,-0.58,21952.0,51311698.0,本地最近行情CSV
2026-07-06,2026-07-06T11:24:33+08:00,603990,麦迪科技,23.02,6.13,1.33,272894.0,623135653.0,本地最近行情CSV
2026-07-06,2026-07-06T11:24:33+08:00,300065,海兰信,22.99,2.86,0.64,437598.0,1006387611.26,本地最近行情CSV
2026-07-06,2026-07-06T11:24:33+08:00,300364,中文在线,22.98,-1.42,-0.33,161998.0,376325359.77,本地最近行情CSV
2026-07-06,2026-07-06T11:24:33+08:00,300196,长海股份,22.97,-4.85,-1.17,193402.0,455355242.35,本地最近行情CSV
2026-07-06,2026-07-06T11:24:33+08:00,688217,睿昂基因,22.95,2.18,0.49,8770.0,20151923.0,本地最近行情CSV
2026-07-06,2026-07-06T11:24:33+08:00,603556,海兴电力,22.95,0.22,0.05,32800.0,75476866.0,本地最近行情CSV
2026-07-06,2026-07-06T11:24:33+08:00,301052,果麦文化,22.95,-3.08,-0.73,18675.0,43671627.0,本地最近行情CSV
2026-07-06,2026-07-06T11:24:33+08:00,603004,鼎龙科技,22.94,-2.17,-0.51,32884.0,76235676.0,本地最近行情CSV
2026-07-06,2026-07-06T11:24:33+08:00,688819,天能股份,22.93,0.57,0.13,12904.0,29554178.0,本地最近行情CSV
2026-07-06,2026-07-06T11:24:33+08:00,301665,泰禾股份,22.91,0.22,0.05,19644.0,45115276.65,本地最近行情CSV
2026-07-06,2026-07-06T11:24:33+08:00,002935,天奥电子,22.91,-1.25,-0.29,109136.0,255706959.05,本地最近行情CSV
2026-07-06,2026-07-06T11:24:33+08:00,300153,科泰电源,22.9,0.35,0.08,55236.0,127949078.5,本地最近行情CSV
2026-07-06,2026-07-06T11:24:33+08:00,300005,探路者,22.9,-3.17,-0.75,248676.0,575838243.78,本地最近行情CSV
2026-07-06,2026-07-06T11:24:33+08:00,301587,中瑞股份,22.88,3.44,0.76,44051.0,101942632.31,本地最近行情CSV
2026-07-06,2026-07-06T11:24:33+08:00,001211,双枪科技,22.88,-2.76,-0.65,24026.0,55622129.64,本地最近行情CSV
2026-07-06,2026-07-06T11:24:33+08:00,300382,斯莱克,22.87,1.64,0.37,248483.0,571034777.06,本地最近行情CSV
2026-07-06,2026-07-06T11:24:33+08:00,603933,睿能科技,22.86,-3.34,-0.79,44588.0,104158257.0,本地最近行情CSV
2026-07-06,2026-07-06T11:24:33+08:00,300712,永福股份,22.84,2.06,0.46,24357.0,55873787.43,本地最近行情CSV
2026-07-06,2026-07-06T11:24:33+08:00,600455,博通股份,22.81,-0.22,-0.05,11971.0,27503751.0,本地最近行情CSV
2026-07-06,2026-07-06T11:24:33+08:00,300840,酷特智能,22.8,-5.47,-1.32,86496.0,200209706.0,本地最近行情CSV
2026-07-06,2026-07-06T11:24:33+08:00,001336,楚环科技,22.8,-0.44,-0.1,8089.0,18654165.0,本地最近行情CSV
2026-07-06,2026-07-06T11:24:33+08:00,603393,新天然气,22.78,0.75,0.17,39270.0,89850512.0,本地最近行情CSV
2026-07-06,2026-07-06T11:24:33+08:00,605319,无锡振华,22.77,0.4,0.09,20602.0,47450785.0,本地最近行情CSV
2026-07-06,2026-07-06T11:24:33+08:00,301255,通力科技,22.77,-4.65,-1.11,23250.0,54263133.65,本地最近行情CSV
2026-07-06,2026-07-06T11:24:33+08:00,603075,热威股份,22.76,0.22,0.05,9909.0,22521985.0,本地最近行情CSV
2026-07-06,2026-07-06T11:24:33+08:00,300844,山水比德,22.74,-2.36,-0.55,9529.0,22297740.0,本地最近行情CSV
2026-07-06,2026-07-06T11:24:33+08:00,000969,安泰科技,22.73,-5.53,-1.33,355276.0,830283984.13,本地最近行情CSV
2026-07-06,2026-07-06T11:24:33+08:00,300927,江天化学,22.72,1.07,0.24,29796.0,68862333.0,本地最近行情CSV
2026-07-06,2026-07-06T11:24:33+08:00,003030,祖名股份,22.72,-2.91,-0.68,26280.0,61857264.0,本地最近行情CSV
2026-07-06,2026-07-06T11:24:33+08:00,000807,云铝股份,22.7,1.25,0.28,689578.0,1591620203.45,本地最近行情CSV
2026-07-06,2026-07-06T11:24:33+08:00,301117,佳缘科技,22.68,-4.83,-1.15,45168.0,104452743.5,本地最近行情CSV
2026-07-06,2026-07-06T11:24:33+08:00,000029,深深房Ａ,22.68,0.0,0.0,35893.0,81959192.77,本地最近行情CSV
2026-07-06,2026-07-06T11:24:33+08:00,300286,安科瑞,22.67,-1.31,-0.3,62039.0,144590836.0,本地最近行情CSV
2026-07-06,2026-07-06T11:24:33+08:00,600562,国睿科技,22.66,0.35,0.08,150156.0,348857955.0,本地最近行情CSV
2026-07-06,2026-07-06T11:24:33+08:00,300539,横河精密,22.65,-10.3,-2.6,138459.0,323264807.0,本地最近行情CSV
2026-07-06,2026-07-06T11:24:33+08:00,301638,南网数字,22.64,-3.45,-0.81,100907.0,231656876.87,本地最近行情CSV
2026-07-06,2026-07-06T11:24:33+08:00,002925,盈趣科技,22.64,-4.95,-1.18,123853.0,284096298.08,本地最近行情CSV
2026-07-06,2026-07-06T11:24:33+08:00,300435,中泰股份,22.63,-2.75,-0.64,105968.0,243135605.0,本地最近行情CSV
2026-07-06,2026-07-06T11:24:33+08:00,603985,恒润股份,22.61,-0.7,-0.16,106044.0,244775174.0,本地最近行情CSV
2026-07-06,2026-07-06T11:24:33+08:00,603272,*ST联翔,22.6,-10.0,-2.51,38055.0,87755109.0,本地最近行情CSV
2026-07-06,2026-07-06T11:24:33+08:00,300486,东杰智能,22.6,2.59,0.57,181371.0,414438473.0,本地最近行情CSV
2026-07-06,2026-07-06T11:24:33+08:00,300861,美畅股份,22.59,-1.05,-0.24,166969.0,383088433.28,本地最近行情CSV
2026-07-06,2026-07-06T11:24:33+08:00,301329,信音电子,22.58,-4.16,-0.98,34244.0,78418711.8,本地最近行情CSV
2026-07-06,2026-07-06T11:24:33+08:00,688136,科兴制药,22.56,2.17,0.48,87111.0,198233068.0,本地最近行情CSV
2026-07-06,2026-07-06T11:24:33+08:00,300821,东岳硅材,22.55,15.64,3.05,1434029.0,3206690893.81,本地最近行情CSV
2026-07-06,2026-07-06T11:24:33+08:00,688161,威高骨科,22.53,1.08,0.24,11427.0,25764989.0,本地最近行情CSV
2026-07-06,2026-07-06T11:24:33+08:00,002899,英派斯,22.53,-2.34,-0.54,15121.0,34364192.34,本地最近行情CSV
2026-07-06,2026-07-06T11:24:33+08:00,688252,天德钰,22.52,-1.14,-0.26,60308.0,135091681.0,本地最近行情CSV
2026-07-06,2026-07-06T11:24:33+08:00,000951,中国重汽,22.51,0.72,0.16,87007.0,196595231.38,本地最近行情CSV
2026-07-06,2026-07-06T11:24:33+08:00,600265,*ST景谷,22.48,-6.72,-1.62,16077.0,37097078.0,本地最近行情CSV
2026-07-06,2026-07-06T11:24:33+08:00,301001,凯淳股份,22.48,-2.39,-0.55,7035.0,16060696.05,本地最近行情CSV
2026-07-06,2026-07-06T11:24:33+08:00,301107,瑜欣电子,22.47,-5.75,-1.37,28545.0,65817825.08,本地最近行情CSV
2026-07-06,2026-07-06T11:24:33+08:00,002497,雅化集团,22.46,2.7,0.59,425753.0,958183295.95,本地最近行情CSV
2026-07-06,2026-07-06T11:24:33+08:00,300552,万集科技,22.45,-6.18,-1.48,39308.0,91132871.4,本地最近行情CSV
2026-07-06,2026-07-06T11:24:33+08:00,301565,中仑新材,22.43,-4.84,-1.14,44331.0,101391102.72,本地最近行情CSV
2026-07-06,2026-07-06T11:24:33+08:00,003022,联泓新科,22.43,-3.03,-0.7,133528.0,304875786.87,本地最近行情CSV
2026-07-06,2026-07-06T11:24:33+08:00,688092,爱科科技,22.42,-3.78,-0.88,6057.0,13765542.0,本地最近行情CSV
2026-07-06,2026-07-06T11:24:33+08:00,601225,陕西煤业,22.41,4.04,0.87,326972.0,719216406.0,本地最近行情CSV
2026-07-06,2026-07-06T11:24:33+08:00,688533,上声电子,22.38,-2.01,-0.46,9014.0,20420747.0,本地最近行情CSV
2026-07-06,2026-07-06T11:24:33+08:00,002245,蔚蓝锂芯,22.37,9.98,2.03,1282021.0,2836747070.93,本地最近行情CSV
2026-07-06,2026-07-06T11:24:33+08:00,688395,正弦电气,22.36,-2.91,-0.67,10742.0,24556193.0,本地最近行情CSV
2026-07-06,2026-07-06T11:24:33+08:00,002861,瀛通通讯,22.35,0.77,0.17,30503.0,67674327.2,本地最近行情CSV
2026-07-06,2026-07-06T11:24:33+08:00,001319,铭科精技,22.34,-2.45,-0.56,24804.0,55927382.36,本地最近行情CSV
2026-07-06,2026-07-06T11:24:33+08:00,002880,卫光生物,22.33,3.62,0.78,19619.0,43553418.0,本地最近行情CSV
2026-07-06,2026-07-06T11:24:33+08:00,300722,新余国科,22.31,-3.08,-0.71,26894.0,61050340.48,本地最近行情CSV
2026-07-06,2026-07-06T11:24:33+08:00,688489,三未信安,22.3,-3.13,-0.72,12350.0,27843265.0,本地最近行情CSV
2026-07-06,2026-07-06T11:24:33+08:00,603496,恒为科技,22.29,-1.94,-0.44,84405.0,186516424.0,本地最近行情CSV
2026-07-06,2026-07-06T11:24:33+08:00,300775,三角防务,22.29,-3.92,-0.91,131789.0,299794508.82,本地最近行情CSV
2026-07-06,2026-07-06T11:24:33+08:00,000933,神火股份,22.29,1.04,0.23,412872.0,928808397.16,本地最近行情CSV
2026-07-06,2026-07-06T11:24:33+08:00,301036,双乐股份,22.27,-0.31,-0.07,9818.0,22115658.0,本地最近行情CSV
2026-07-06,2026-07-06T11:24:33+08:00,603701,德宏股份,22.23,-0.36,-0.08,22806.0,50801997.0,本地最近行情CSV
2026-07-06,2026-07-06T11:24:33+08:00,603508,思维列控,22.23,0.14,0.03,24153.0,53525741.0,本地最近行情CSV
2026-07-06,2026-07-06T11:24:33+08:00,688165,埃夫特-U,22.21,-4.51,-1.05,196485.0,438539723.0,本地最近行情CSV
2026-07-06,2026-07-06T11:24:33+08:00,300916,朗特智能,22.17,-3.73,-0.86,19602.0,44141441.0,本地最近行情CSV
2026-07-06,2026-07-06T11:24:33+08:00,301216,万凯新材,22.11,-4.41,-1.02,75455.0,171211814.78,本地最近行情CSV
2026-07-06,2026-07-06T11:24:33+08:00,300678,中科信息,22.11,-2.81,-0.64,30598.0,68512428.0,本地最近行情CSV
2026-07-06,2026-07-06T11:24:33+08:00,300702,天宇股份,22.09,0.68,0.15,34990.0,77572117.6,本地最近行情CSV
2026-07-06,2026-07-06T11:24:33+08:00,300923,研奥股份,22.07,-2.73,-0.62,10810.0,24439718.0,本地最近行情CSV
2026-07-06,2026-07-06T11:24:33+08:00,688758,赛分科技,22.05,0.87,0.19,60838.0,136458623.0,本地最近行情CSV
2026-07-06,2026-07-06T11:24:33+08:00,688335,复洁科技,22.01,-5.33,-1.24,27459.0,61421691.0,本地最近行情CSV
2026-07-06,2026-07-06T11:24:33+08:00,601137,博威合金,21.99,-3.04,-0.69,163761.0,368156691.0,本地最近行情CSV
2026-07-06,2026-07-06T11:24:33+08:00,300717,华信新材,21.99,0.05,0.01,34287.0,75135328.0,本地最近行情CSV
2026-07-06,2026-07-06T11:24:33+08:00,688370,丛麟科技,21.98,1.01,0.22,6727.0,14554927.0,本地最近行情CSV
2026-07-06,2026-07-06T11:24:33+08:00,000026,飞亚达,21.96,0.32,0.07,142072.0,316466601.13,本地最近行情CSV
2026-07-06,2026-07-06T11:24:33+08:00,300415,伊之密,21.94,-2.05,-0.46,85673.0,187553403.0,本地最近行情CSV
2026-07-06,2026-07-06T11:24:33+08:00,603816,XD顾家家,21.93,0.37,0.08,70378.0,154288031.0,本地最近行情CSV
2026-07-06,2026-07-06T11:24:33+08:00,301266,宇邦新材,21.92,-3.94,-0.9,23867.0,53374010.14,本地最近行情CSV
2026-07-06,2026-07-06T11:24:33+08:00,688678,福立旺,21.89,-6.33,-1.48,132477.0,294855032.0,本地最近行情CSV
2026-07-06,2026-07-06T11:24:33+08:00,300808,久量股份,21.89,-0.95,-0.21,7311.0,16083802.0,本地最近行情CSV
2026-07-06,2026-07-06T11:24:33+08:00,001368,通达创智,21.89,1.25,0.27,14645.0,32043988.0,本地最近行情CSV
2026-07-06,2026-07-06T11:24:33+08:00,688589,力合微,21.83,-1.76,-0.39,50836.0,110625724.0,本地最近行情CSV
2026-07-06,2026-07-06T11:24:33+08:00,603051,鹿山新材,21.83,-0.37,-0.08,88447.0,197286561.0,本地最近行情CSV
2026-07-06,2026-07-06T11:24:33+08:00,603110,东方材料,21.81,3.27,0.69,135519.0,305732892.0,本地最近行情CSV
2026-07-06,2026-07-06T11:24:33+08:00,600879,航天电子,21.81,-2.07,-0.46,1437895.0,3209841445.0,本地最近行情CSV
2026-07-06,2026-07-06T11:24:33+08:00,603002,宏昌电子,21.8,-2.59,-0.58,531259.0,1197832688.0,本地最近行情CSV
2026-07-06,2026-07-06T11:24:33+08:00,600835,上海机电,21.8,-0.14,-0.03,59398.0,129180055.0,本地最近行情CSV
2026-07-06,2026-07-06T11:24:33+08:00,603899,晨光股份,21.78,1.26,0.27,29624.0,64504454.0,本地最近行情CSV
2026-07-06,2026-07-06T11:24:33+08:00,301020,密封科技,21.75,-3.89,-0.88,21252.0,46919813.0,本地最近行情CSV
2026-07-06,2026-07-06T11:24:33+08:00,301263,泰恩康,21.72,-1.09,-0.24,64844.0,142749359.8,本地最近行情CSV
2026-07-06,2026-07-06T11:24:33+08:00,688728,格科微,21.68,-6.43,-1.49,475084.0,1054044209.0,本地最近行情CSV
2026-07-06,2026-07-06T11:24:33+08:00,603205,健尔康,21.68,0.93,0.2,5527.0,12058920.0,本地最近行情CSV
2026-07-06,2026-07-06T11:24:33+08:00,300735,光弘科技,21.67,-2.39,-0.53,144493.0,319593907.9,本地最近行情CSV
2026-07-06,2026-07-06T11:24:33+08:00,000668,荣丰控股,21.67,-1.05,-0.23,14110.0,31110192.0,本地最近行情CSV
2026-07-06,2026-07-06T11:24:33+08:00,688021,奥福科技,21.66,0.37,0.08,16279.0,35392671.0,本地最近行情CSV
2026-07-06,2026-07-06T11:24:33+08:00,605003,众望布艺,21.63,-1.95,-0.43,4719.0,10283352.0,本地最近行情CSV
2026-07-06,2026-07-06T11:24:33+08:00,688078,龙软科技,21.61,-1.82,-0.4,5166.0,11307749.0,本地最近行情CSV
2026-07-06,2026-07-06T11:24:33+08:00,688329,艾隆科技,21.6,-5.51,-1.26,13989.0,31004815.0,本地最近行情CSV
2026-07-06,2026-07-06T11:24:33+08:00,300700,岱勒新材,21.6,1.65,0.35,92363.0,202202566.09,本地最近行情CSV
2026-07-06,2026-07-06T11:24:33+08:00,688420,美腾科技,21.57,-1.95,-0.43,5077.0,11080141.0,本地最近行情CSV
2026-07-06,2026-07-06T11:24:33+08:00,300455,航天智装,21.56,-4.39,-0.99,91845.0,203481759.8,本地最近行情CSV
2026-07-06,2026-07-06T11:24:33+08:00,301578,辰奕智能,21.52,-5.94,-1.36,17601.0,38890220.28,本地最近行情CSV
2026-07-06,2026-07-06T11:24:33+08:00,688207,格灵深瞳,21.51,-5.82,-1.33,183137.0,396794265.0,本地最近行情CSV
2026-07-06,2026-07-06T11:24:33+08:00,002241,歌尔股份,21.5,-2.49,-0.55,511647.0,1110002841.08,本地最近行情CSV
2026-07-06,2026-07-06T11:24:33+08:00,600332,白云山,21.49,1.42,0.3,77970.0,166882796.0,本地最近行情CSV
2026-07-06,2026-07-06T11:24:33+08:00,300443,金雷股份,21.48,-4.19,-0.94,53788.0,118058973.0,本地最近行情CSV
2026-07-06,2026-07-06T11:24:33+08:00,300421,力星股份,21.48,1.61,0.34,178439.0,387875474.0,本地最近行情CSV
2026-07-06,2026-07-06T11:24:33+08:00,301015,百洋医药,21.45,4.89,1.0,76830.0,160909893.86,本地最近行情CSV
2026-07-06,2026-07-06T11:24:33+08:00,001210,金房能源,21.45,-3.51,-0.78,32351.0,70714448.4,本地最近行情CSV
2026-07-06,2026-07-06T11:24:33+08:00,603936,博敏电子,21.44,-5.88,-1.34,255078.0,559287723.0,本地最近行情CSV
2026-07-06,2026-07-06T11:24:33+08:00,300786,国林科技,21.44,-2.19,-0.48,81131.0,176305927.4,本地最近行情CSV
2026-07-06,2026-07-06T11:24:33+08:00,603076,乐惠国际,21.42,-1.74,-0.38,10492.0,22662799.0,本地最近行情CSV
2026-07-06,2026-07-06T11:24:33+08:00,605303,园林股份,21.41,-2.15,-0.47,30787.0,66410520.0,本地最近行情CSV
2026-07-06,2026-07-06T11:24:33+08:00,600999,招商证券,21.41,-1.88,-0.41,758957.0,1639033303.0,本地最近行情CSV
2026-07-06,2026-07-06T11:24:33+08:00,300740,水羊股份,21.4,-4.85,-1.09,216936.0,474420244.23,本地最近行情CSV
2026-07-06,2026-07-06T11:24:33+08:00,002981,朝阳科技,21.37,-0.47,-0.1,56623.0,122778469.0,本地最近行情CSV
2026-07-06,2026-07-06T11:24:33+08:00,300353,东土科技,21.34,-6.61,-1.51,273484.0,590289872.39,本地最近行情CSV
2026-07-06,2026-07-06T11:24:33+08:00,600089,XD特变电,21.33,-1.48,-0.32,588093.0,1271072899.0,本地最近行情CSV
2026-07-06,2026-07-06T11:24:33+08:00,605116,奥锐特,21.3,2.16,0.45,41653.0,88309437.0,本地最近行情CSV
2026-07-06,2026-07-06T11:24:33+08:00,001872,招商港口,21.3,2.16,0.45,22095.0,46829454.0,本地最近行情CSV
2026-07-06,2026-07-06T11:24:33+08:00,603216,梦天家居,21.27,-1.39,-0.3,14293.0,30732991.0,本地最近行情CSV
2026-07-06,2026-07-06T11:24:33+08:00,601688,华泰证券,21.26,0.33,0.07,673961.0,1445782899.0,本地最近行情CSV
2026-07-06,2026-07-06T11:24:33+08:00,600285,羚锐制药,21.23,2.41,0.5,59730.0,125165381.0,本地最近行情CSV
2026-07-06,2026-07-06T11:24:33+08:00,301069,凯盛新材,21.23,-2.03,-0.44,96507.0,210697853.35,本地最近行情CSV
2026-07-06,2026-07-06T11:24:33+08:00,300813,泰林生物,21.22,3.41,0.7,25439.0,53656742.64,本地最近行情CSV
2026-07-06,2026-07-06T11:24:33+08:00,301584,建发致新,21.21,0.19,0.04,15540.0,33047498.81,本地最近行情CSV
2026-07-06,2026-07-06T11:24:33+08:00,300522,世名科技,21.21,-4.5,-1.0,147524.0,316366149.6,本地最近行情CSV
2026-07-06,2026-07-06T11:24:33+08:00,688067,爱威科技,21.19,-1.44,-0.31,8188.0,17470414.0,本地最近行情CSV
2026-07-06,2026-07-06T11:24:33+08:00,301363,美好医疗,21.18,1.05,0.22,160312.0,338528301.96,本地最近行情CSV
2026-07-06,2026-07-06T11:24:33+08:00,002832,比音勒芬,21.18,1.24,0.26,54489.0,114988027.79,本地最近行情CSV
2026-07-06,2026-07-06T11:24:33+08:00,002956,西麦食品,21.17,3.52,0.72,25603.0,53701333.04,本地最近行情CSV
2026-07-06,2026-07-06T11:24:33+08:00,600262,北方股份,21.16,-0.14,-0.03,17873.0,37902361.0,本地最近行情CSV
2026-07-06,2026-07-06T11:24:33+08:00,603248,锡华科技,21.15,-1.81,-0.39,34491.0,74513658.0,本地最近行情CSV
2026-07-06,2026-07-06T11:24:33+08:00,301199,迈赫股份,21.14,-0.66,-0.14,69820.0,149780047.25,本地最近行情CSV
2026-07-06,2026-07-06T11:24:33+08:00,688058,宝兰德,21.13,-0.89,-0.19,8228.0,17322806.0,本地最近行情CSV
2026-07-06,2026-07-06T11:24:33+08:00,300457,赢合科技,21.13,-0.66,-0.14,63416.0,135018052.3,本地最近行情CSV
2026-07-06,2026-07-06T11:24:33+08:00,002066,瑞泰科技,21.11,0.38,0.08,29083.0,61112329.0,本地最近行情CSV
2026-07-06,2026-07-06T11:24:33+08:00,301238,瑞泰新材,21.1,-4.05,-0.89,133984.0,291982777.76,本地最近行情CSV
2026-07-06,2026-07-06T11:24:33+08:00,300497,富祥股份,21.1,-3.48,-0.76,300540.0,645065577.25,本地最近行情CSV
2026-07-06,2026-07-06T11:24:33+08:00,603316,诚邦股份,21.09,-1.63,-0.35,144525.0,307609321.0,本地最近行情CSV
2026-07-06,2026-07-06T11:24:33+08:00,600989,宝丰能源,21.07,2.58,0.53,616483.0,1302189185.0,本地最近行情CSV
2026-07-06,2026-07-06T11:24:33+08:00,000400,许继电气,21.05,-0.57,-0.12,93773.0,199555385.39,本地最近行情CSV
2026-07-06,2026-07-06T11:24:33+08:00,603399,永杉锂业,21.02,5.1,1.02,737605.0,1577728790.0,本地最近行情CSV
2026-07-06,2026-07-06T11:24:33+08:00,300059,东方财富,21.02,-0.19,-0.04,2690647.0,5696075220.09,本地最近行情CSV
2026-07-06,2026-07-06T11:24:33+08:00,002635,安洁科技,21.02,-10.02,-2.34,579102.0,1255435766.6,本地最近行情CSV
2026-07-06,2026-07-06T11:24:33+08:00,001269,欧晶科技,21.0,0.96,0.2,34559.0,73557037.6,本地最近行情CSV
2026-07-06,2026-07-06T11:24:33+08:00,300445,康斯特,20.99,-0.19,-0.04,25288.0,52632246.0,本地最近行情CSV
2026-07-06,2026-07-06T11:24:33+08:00,002871,伟隆股份,20.99,0.72,0.15,55055.0,115295308.64,本地最近行情CSV
2026-07-06,2026-07-06T11:24:33+08:00,600570,恒生电子,20.98,-1.18,-0.25,137035.0,289871299.0,本地最近行情CSV
2026-07-06,2026-07-06T11:24:33+08:00,002189,中光学,20.98,-1.96,-0.42,20551.0,43435636.0,本地最近行情CSV
2026-07-06,2026-07-06T11:24:33+08:00,300886,华业香料,20.95,-0.38,-0.08,8661.0,18243767.4,本地最近行情CSV
2026-07-06,2026-07-06T11:24:33+08:00,000672,上峰材料,20.95,-1.13,-0.24,129591.0,272411736.6,本地最近行情CSV
2026-07-06,2026-07-06T11:24:33+08:00,300949,奥雅股份,20.93,-1.51,-0.32,8516.0,18072743.55,本地最近行情CSV
2026-07-06,2026-07-06T11:24:33+08:00,002952,亚世光电,20.93,-3.99,-0.87,23690.0,50448392.0,本地最近行情CSV
2026-07-06,2026-07-06T11:24:33+08:00,688522,纳睿雷达,20.92,-4.65,-1.02,53509.0,113909989.0,本地最近行情CSV
2026-07-06,2026-07-06T11:24:33+08:00,603395,红四方,20.88,0.29,0.06,12093.0,25431979.0,本地最近行情CSV
2026-07-06,2026-07-06T11:24:33+08:00,000028,国药一致,20.88,2.55,0.52,34892.0,72207615.5,本地最近行情CSV
2026-07-06,2026-07-06T11:24:33+08:00,603776,永安行,20.86,-2.34,-0.5,15748.0,33319816.0,本地最近行情CSV
2026-07-06,2026-07-06T11:24:33+08:00,603681,永冠新材,20.86,-3.52,-0.76,69431.0,148126997.0,本地最近行情CSV
2026-07-06,2026-07-06T11:24:33+08:00,603505,金石资源,20.85,-5.83,-1.29,385281.0,825599638.0,本地最近行情CSV
2026-07-06,2026-07-06T11:24:33+08:00,301129,瑞纳智能,20.85,-1.88,-0.4,10722.0,22626771.0,本地最近行情CSV
2026-07-06,2026-07-06T11:24:33+08:00,605089,味知香,20.84,0.82,0.17,6102.0,12706604.0,本地最近行情CSV
2026-07-06,2026-07-06T11:24:33+08:00,300401,花园生物,20.84,-4.18,-0.91,334344.0,731359055.06,本地最近行情CSV
2026-07-06,2026-07-06T11:24:33+08:00,001696,宗申动力,20.81,4.21,0.84,557654.0,1176461795.89,本地最近行情CSV
2026-07-06,2026-07-06T11:24:33+08:00,301386,未来电器,20.8,-0.91,-0.19,8549.0,18048184.0,本地最近行情CSV
2026-07-06,2026-07-06T11:24:33+08:00,002287,奇正藏药,20.78,2.87,0.58,33995.0,70265588.45,本地最近行情CSV
2026-07-06,2026-07-06T11:24:33+08:00,002009,天奇股份,20.77,-5.55,-1.22,255842.0,543900112.28,本地最近行情CSV
2026-07-06,2026-07-06T11:24:33+08:00,002919,名臣健康,20.76,3.54,0.71,51064.0,106944911.2,本地最近行情CSV
2026-07-06,2026-07-06T11:24:33+08:00,000510,新金路,20.75,-5.81,-1.28,346511.0,742436178.92,本地最近行情CSV
2026-07-06,2026-07-06T11:24:33+08:00,000768,中航西飞,20.71,-1.33,-0.28,139428.0,290129122.37,本地最近行情CSV
2026-07-06,2026-07-06T11:24:33+08:00,688352,颀中科技,20.69,-1.94,-0.41,225810.0,477286965.0,本地最近行情CSV
2026-07-06,2026-07-06T11:24:33+08:00,000048,京基智农,20.68,-2.64,-0.56,189777.0,396743040.73,本地最近行情CSV
2026-07-06,2026-07-06T11:24:33+08:00,300766,每日互动,20.67,-2.55,-0.54,68172.0,142922454.57,本地最近行情CSV
2026-07-06,2026-07-06T11:24:33+08:00,688355,明志科技,20.65,-2.41,-0.51,22281.0,46448879.0,本地最近行情CSV
2026-07-06,2026-07-06T11:24:33+08:00,688157,松井股份,20.64,-4.22,-0.91,13579.0,28699379.0,本地最近行情CSV
2026-07-06,2026-07-06T11:24:33+08:00,002262,恩华药业,20.64,3.3,0.66,149592.0,306150978.08,本地最近行情CSV
2026-07-06,2026-07-06T11:24:33+08:00,300915,海融科技,20.63,0.44,0.09,5197.0,10674872.58,本地最近行情CSV
2026-07-06,2026-07-06T11:24:33+08:00,300468,四方精创,20.6,-0.72,-0.15,101508.0,212338724.73,本地最近行情CSV
2026-07-06,2026-07-06T11:24:33+08:00,600690,海尔智家,20.59,0.05,0.01,260296.0,536859085.0,本地最近行情CSV
2026-07-06,2026-07-06T11:24:33+08:00,301335,天元宠物,20.59,-0.53,-0.11,5280.0,10945429.0,本地最近行情CSV
2026-07-06,2026-07-06T11:24:33+08:00,600489,中金黄金,20.58,1.18,0.24,1098406.0,2303048597.0,本地最近行情CSV
2026-07-06,2026-07-06T11:24:33+08:00,605080,浙江自然,20.56,0.93,0.19,12235.0,25235922.0,本地最近行情CSV
2026-07-06,2026-07-06T11:24:33+08:00,300440,运达科技,20.56,-0.92,-0.19,60228.0,123346902.0,本地最近行情CSV
2026-07-06,2026-07-06T11:24:33+08:00,001234,泰慕士,20.56,-1.86,-0.39,7255.0,15153361.0,本地最近行情CSV
2026-07-06,2026-07-06T11:24:33+08:00,002203,海亮股份,20.52,-5.74,-1.25,229954.0,487696101.35,本地最近行情CSV
2026-07-06,2026-07-06T11:24:33+08:00,601882,海天精工,20.51,-3.71,-0.79,49347.0,102394455.0,本地最近行情CSV
2026-07-06,2026-07-06T11:24:33+08:00,300568,星源材质,20.5,2.5,0.5,727211.0,1523619944.24,本地最近行情CSV
2026-07-06,2026-07-06T11:24:33+08:00,300753,爱朋医疗,20.49,-0.97,-0.2,39819.0,82920965.8,本地最近行情CSV
2026-07-06,2026-07-06T11:24:33+08:00,603225,新凤鸣,20.48,3.43,0.68,215912.0,438149801.0,本地最近行情CSV
2026-07-06,2026-07-06T11:24:33+08:00,300629,新劲刚,20.48,-4.88,-1.05,74606.0,156961996.25,本地最近行情CSV
2026-07-06,2026-07-06T11:24:33+08:00,000975,山金国际,20.48,3.23,0.64,1067745.0,2219888291.36,本地最近行情CSV
2026-07-06,2026-07-06T11:24:33+08:00,000823,超声电子,20.46,-7.8,-1.73,542524.0,1142434320.3,本地最近行情CSV
2026-07-06,2026-07-06T11:24:33+08:00,002915,中欣氟材,20.41,-4.45,-0.95,134802.0,282157003.92,本地最近行情CSV
2026-07-06,2026-07-06T11:24:33+08:00,301551,无线传媒,20.37,-1.02,-0.21,21448.0,44097857.96,本地最近行情CSV
2026-07-06,2026-07-06T11:24:33+08:00,688739,成大生物,20.36,0.25,0.05,13721.0,28050123.0,本地最近行情CSV
2026-07-06,2026-07-06T11:24:33+08:00,300937,药易购,20.33,-0.34,-0.07,13980.0,28563812.0,本地最近行情CSV
2026-07-06,2026-07-06T11:24:33+08:00,300588,熙菱信息,20.33,-4.28,-0.91,27614.0,57518061.0,本地最近行情CSV
2026-07-06,2026-07-06T11:24:33+08:00,002819,东方中科,20.32,-3.7,-0.78,21221.0,43954455.0,本地最近行情CSV
2026-07-06,2026-07-06T11:24:33+08:00,001308,康冠科技,20.31,-3.05,-0.64,34852.0,71458184.3,本地最近行情CSV
2026-07-06,2026-07-06T11:24:33+08:00,301318,维海德,20.27,-1.98,-0.41,6443.0,13199603.9,本地最近行情CSV
2026-07-06,2026-07-06T11:24:33+08:00,300560,中富通,20.27,-3.84,-0.81,119244.0,245459840.1,本地最近行情CSV
2026-07-06,2026-07-06T11:24:33+08:00,003023,彩虹集团,20.27,0.35,0.07,24627.0,50717413.6,本地最近行情CSV
2026-07-06,2026-07-06T11:24:33+08:00,001367,海森药业,20.27,0.0,0.0,37482.0,76136562.99,本地最近行情CSV
2026-07-06,2026-07-06T11:24:33+08:00,000032,深桑达Ａ,20.25,-3.43,-0.72,258017.0,532849268.33,本地最近行情CSV
2026-07-06,2026-07-06T11:24:33+08:00,300409,道氏技术,20.23,-1.94,-0.4,137201.0,282520574.0,本地最近行情CSV
2026-07-06,2026-07-06T11:24:33+08:00,300738,奥飞数据,20.22,-0.69,-0.14,290379.0,594817504.1,本地最近行情CSV
2026-07-06,2026-07-06T11:24:33+08:00,000519,中兵红箭,20.22,1.0,0.2,532867.0,1082453978.69,本地最近行情CSV
2026-07-06,2026-07-06T11:24:33+08:00,301179,泽宇智能,20.2,-0.79,-0.16,31322.0,64940038.48,本地最近行情CSV
2026-07-06,2026-07-06T11:24:33+08:00,002039,黔源电力,20.19,-1.42,-0.29,55127.0,111963700.0,本地最近行情CSV
2026-07-06,2026-07-06T11:24:33+08:00,301019,宁波色母,20.18,-3.12,-0.65,27328.0,56035321.78,本地最近行情CSV
2026-07-06,2026-07-06T11:24:33+08:00,300880,迦南智能,20.17,-4.54,-0.96,47549.0,98533474.71,本地最近行情CSV
2026-07-06,2026-07-06T11:24:33+08:00,001298,好上好,20.17,0.55,0.11,77880.0,157116277.96,本地最近行情CSV
2026-07-06,2026-07-06T11:24:33+08:00,002888,惠威科技,20.16,-3.08,-0.64,16246.0,33096359.8,本地最近行情CSV
2026-07-06,2026-07-06T11:24:33+08:00,688246,嘉和美康,20.15,-6.28,-1.35,31728.0,65797958.0,本地最近行情CSV
2026-07-06,2026-07-06T11:24:33+08:00,605398,新炬网络,20.14,-2.47,-0.51,14967.0,30396890.0,本地最近行情CSV
2026-07-06,2026-07-06T11:24:33+08:00,002782,可立克,20.14,1.1,0.22,136643.0,280980825.3,本地最近行情CSV
2026-07-06,2026-07-06T11:24:33+08:00,688387,信科移动-U,20.13,-4.82,-1.02,658104.0,1370008456.0,本地最近行情CSV
2026-07-06,2026-07-06T11:24:33+08:00,600783,鲁信创投,20.13,-9.65,-2.15,334945.0,703795755.0,本地最近行情CSV
2026-07-06,2026-07-06T11:24:33+08:00,002597,金禾实业,20.13,-2.28,-0.47,34632.0,70432306.0,本地最近行情CSV
2026-07-06,2026-07-06T11:24:33+08:00,300846,首都在线,20.11,-2.09,-0.43,124742.0,253001531.28,本地最近行情CSV
2026-07-06,2026-07-06T11:24:33+08:00,001390,古麒绒材,20.11,-0.64,-0.13,8448.0,17115619.0,本地最近行情CSV
2026-07-06,2026-07-06T11:24:33+08:00,688133,泰坦科技,20.1,-4.47,-0.94,25715.0,52660280.0,本地最近行情CSV
2026-07-06,2026-07-06T11:24:33+08:00,603080,新疆火炬,20.09,1.16,0.23,11867.0,23835623.0,本地最近行情CSV
2026-07-06,2026-07-06T11:24:33+08:00,301106,骏成科技,20.08,-0.69,-0.14,27792.0,56563272.8,本地最近行情CSV
2026-07-06,2026-07-06T11:24:33+08:00,002961,瑞达期货,20.08,-1.03,-0.21,39131.0,79764631.86,本地最近行情CSV
2026-07-06,2026-07-06T11:24:33+08:00,301026,浩通科技,20.06,0.65,0.13,65704.0,133113886.54,本地最近行情CSV
2026-07-06,2026-07-06T11:24:33+08:00,603220,中贝通信,20.05,-3.98,-0.83,121606.0,247500675.0,本地最近行情CSV
2026-07-06,2026-07-06T11:24:33+08:00,600857,宁波中百,20.03,-5.96,-1.27,127174.0,260203283.0,本地最近行情CSV
2026-07-06,2026-07-06T11:24:33+08:00,603939,益丰药房,20.02,0.3,0.06,70771.0,142155570.0,本地最近行情CSV
2026-07-06,2026-07-06T11:24:33+08:00,002270,华明装备,20.02,-0.6,-0.12,250823.0,510709814.96,本地最近行情CSV
2026-07-06,2026-07-06T11:24:33+08:00,300579,数字认证,20.01,-2.1,-0.43,21438.0,43291819.0,本地最近行情CSV
2026-07-06,2026-07-06T11:24:33+08:00,002058,威尔泰,20.0,-1.86,-0.38,10455.0,21132152.0,本地最近行情CSV
2026-07-06,2026-07-06T11:24:33+08:00,001378,德冠新材,20.0,0.45,0.09,34540.0,69610149.9,本地最近行情CSV
2026-07-06,2026-07-06T11:24:33+08:00,000551,创元科技,19.99,-2.49,-0.51,297580.0,606585667.72,本地最近行情CSV
2026-07-06,2026-07-06T11:24:33+08:00,002557,洽洽食品,19.97,3.26,0.63,45544.0,90385900.51,本地最近行情CSV
2026-07-06,2026-07-06T11:24:33+08:00,603529,爱玛科技,19.95,-0.3,-0.06,22063.0,44099910.0,本地最近行情CSV
2026-07-06,2026-07-06T11:24:33+08:00,002963,豪尔赛,19.94,-5.5,-1.16,28325.0,58319868.0,本地最近行情CSV
2026-07-06,2026-07-06T11:24:33+08:00,301127,武汉天源,19.91,-1.29,-0.26,202095.0,417753346.66,本地最近行情CSV
2026-07-06,2026-07-06T11:24:33+08:00,002185,华天科技,19.89,1.95,0.38,2503651.0,5052914040.0,本地最近行情CSV
2026-07-06,2026-07-06T11:24:33+08:00,300892,品渥食品,19.88,-0.9,-0.18,11584.0,23292183.0,本地最近行情CSV
2026-07-06,2026-07-06T11:24:33+08:00,002767,先锋电子,19.84,9.98,1.8,16963.0,33340863.0,本地最近行情CSV
2026-07-06,2026-07-06T11:24:33+08:00,002643,万润股份,19.83,-2.07,-0.42,236987.0,471753442.01,本地最近行情CSV
2026-07-06,2026-07-06T11:24:33+08:00,603050,科林电气,19.8,-4.02,-0.83,47607.0,96040291.0,本地最近行情CSV
2026-07-06,2026-07-06T11:24:33+08:00,600729,重百集团,19.8,1.59,0.31,22857.0,45099167.0,本地最近行情CSV
2026-07-06,2026-07-06T11:24:33+08:00,301027,华蓝集团,19.79,-1.69,-0.34,22512.0,44972264.0,本地最近行情CSV
2026-07-06,2026-07-06T11:24:33+08:00,002580,圣阳股份,19.78,-3.65,-0.75,362015.0,735083702.33,本地最近行情CSV
2026-07-06,2026-07-06T11:24:33+08:00,600769,祥龙电业,19.76,-9.27,-2.02,238635.0,490221572.0,本地最近行情CSV
2026-07-06,2026-07-06T11:24:33+08:00,002346,柘中股份,19.76,-2.18,-0.44,35705.0,70212096.75,本地最近行情CSV
2026-07-06,2026-07-06T11:24:33+08:00,688298,东方生物,19.75,2.54,0.49,15086.0,29711942.0,本地最近行情CSV
2026-07-06,2026-07-06T11:24:33+08:00,300971,博亚精工,19.75,-3.0,-0.61,18023.0,36133493.4,本地最近行情CSV
2026-07-06,2026-07-06T11:24:33+08:00,600645,中源协和,19.72,6.31,1.17,225953.0,448241235.0,本地最近行情CSV
2026-07-06,2026-07-06T11:24:33+08:00,001333,光华股份,19.71,-1.15,-0.23,9708.0,19225298.0,本地最近行情CSV
2026-07-06,2026-07-06T11:24:33+08:00,688118,普元信息,19.69,-2.81,-0.57,12615.0,25257962.0,本地最近行情CSV
2026-07-06,2026-07-06T11:24:33+08:00,603955,大千生态,19.69,-2.23,-0.45,7571.0,15099148.0,本地最近行情CSV
2026-07-06,2026-07-06T11:24:33+08:00,300864,南大环境,19.69,1.18,0.23,13623.0,27179692.82,本地最近行情CSV
2026-07-06,2026-07-06T11:24:33+08:00,600389,江山股份,19.68,0.05,0.01,59390.0,118175657.0,本地最近行情CSV
2026-07-06,2026-07-06T11:24:33+08:00,600007,中国国贸,19.65,3.15,0.6,19805.0,38661975.0,本地最近行情CSV
2026-07-06,2026-07-06T11:24:33+08:00,002853,皮阿诺,19.64,-1.55,-0.31,15038.0,30454918.0,本地最近行情CSV
2026-07-06,2026-07-06T11:24:33+08:00,300970,华绿生物,19.62,-4.01,-0.82,61500.0,123280208.8,本地最近行情CSV
2026-07-06,2026-07-06T11:24:33+08:00,301192,泰祥股份,19.61,-1.56,-0.31,8928.0,17675169.64,本地最近行情CSV
2026-07-06,2026-07-06T11:24:33+08:00,300633,开立医疗,19.58,0.15,0.03,35184.0,69290639.88,本地最近行情CSV
2026-07-06,2026-07-06T11:24:33+08:00,300432,富临精工,19.58,-2.97,-0.6,230905.0,458634314.15,本地最近行情CSV
2026-07-06,2026-07-06T11:24:33+08:00,001324,长青科技,19.58,-1.85,-0.37,12511.0,24810127.0,本地最近行情CSV
2026-07-06,2026-07-06T11:24:33+08:00,603926,铁流股份,19.56,1.82,0.35,62602.0,124682905.0,本地最近行情CSV
2026-07-06,2026-07-06T11:24:33+08:00,300244,迪安诊断,19.52,-3.46,-0.7,246931.0,488607436.64,本地最近行情CSV
2026-07-06,2026-07-06T11:24:33+08:00,301193,家联科技,19.48,3.34,0.63,33769.0,65917380.83,本地最近行情CSV
2026-07-06,2026-07-06T11:24:33+08:00,300130,新国都,19.48,-2.11,-0.42,68407.0,134892031.51,本地最近行情CSV
2026-07-06,2026-07-06T11:24:33+08:00,688501,青达环保,19.46,-2.99,-0.6,14220.0,28277994.0,本地最近行情CSV
2026-07-06,2026-07-06T11:24:33+08:00,300416,苏试试验,19.45,-2.26,-0.45,174117.0,347106073.77,本地最近行情CSV
2026-07-06,2026-07-06T11:24:33+08:00,003011,海象新材,19.42,-7.08,-1.48,35709.0,71584396.35,本地最近行情CSV
2026-07-06,2026-07-06T11:24:33+08:00,300818,耐普矿机,19.41,-0.72,-0.14,30300.0,60345192.4,本地最近行情CSV
2026-07-06,2026-07-06T11:24:33+08:00,002813,路畅科技,19.41,-2.71,-0.54,9893.0,19478618.0,本地最近行情CSV
2026-07-06,2026-07-06T11:24:33+08:00,002664,信质集团,19.39,-2.46,-0.49,86898.0,170404954.28,本地最近行情CSV
2026-07-06,2026-07-06T11:24:33+08:00,001312,福恩股份,19.38,-0.31,-0.06,13250.0,25830180.0,本地最近行情CSV
2026-07-06,2026-07-06T11:24:33+08:00,001296,长江材料,19.36,-6.47,-1.34,39425.0,78204610.08,本地最近行情CSV
2026-07-06,2026-07-06T11:24:33+08:00,002657,中科金财,19.33,-10.01,-2.15,204976.0,406827638.38,本地最近行情CSV
2026-07-06,2026-07-06T11:24:33+08:00,603193,润本股份,19.31,-0.82,-0.16,12716.0,24753259.0,本地最近行情CSV
2026-07-06,2026-07-06T11:24:33+08:00,300862,蓝盾光电,19.3,-3.6,-0.72,25496.0,50548459.48,本地最近行情CSV
2026-07-06,2026-07-06T11:24:33+08:00,300283,温州宏丰,19.3,-7.74,-1.62,383992.0,770463740.1,本地最近行情CSV
2026-07-06,2026-07-06T11:24:33+08:00,601211,国泰海通,19.28,-0.46,-0.09,1829289.0,3597622334.0,本地最近行情CSV
2026-07-06,2026-07-06T11:24:33+08:00,002605,姚记科技,19.26,1.64,0.31,67632.0,129538240.0,本地最近行情CSV
2026-07-06,2026-07-06T11:24:33+08:00,301487,盟固利,19.23,-3.12,-0.62,89546.0,176663643.75,本地最近行情CSV
2026-07-06,2026-07-06T11:24:33+08:00,002555,三七互娱,19.22,-0.98,-0.19,245730.0,475302580.18,本地最近行情CSV
2026-07-06,2026-07-06T11:24:33+08:00,001231,农心科技,19.21,-0.21,-0.04,5204.0,10034612.0,本地最近行情CSV
2026-07-06,2026-07-06T11:24:33+08:00,688339,亿华通-U,19.2,-0.26,-0.05,24233.0,46869413.0,本地最近行情CSV
2026-07-06,2026-07-06T11:24:33+08:00,603048,浙江黎明,19.18,-0.78,-0.15,8431.0,16242474.0,本地最近行情CSV
2026-07-06,2026-07-06T11:24:33+08:00,300483,首华燃气,19.18,-0.36,-0.07,69090.0,132634871.0,本地最近行情CSV
2026-07-06,2026-07-06T11:24:33+08:00,300952,恒辉安防,19.17,-5.29,-1.07,75739.0,148955393.04,本地最近行情CSV
2026-07-06,2026-07-06T11:24:33+08:00,300926,博俊科技,19.17,-2.34,-0.46,42106.0,81268983.32,本地最近行情CSV
2026-07-06,2026-07-06T11:24:33+08:00,603626,科森科技,19.16,-7.57,-1.57,221851.0,436998407.0,本地最近行情CSV
2026-07-06,2026-07-06T11:24:33+08:00,688267,中触媒,19.13,-1.85,-0.36,11127.0,21588225.0,本地最近行情CSV
2026-07-06,2026-07-06T11:24:33+08:00,605151,西上海,19.13,-0.73,-0.14,12660.0,24553982.0,本地最近行情CSV
2026-07-06,2026-07-06T11:24:33+08:00,603615,茶花股份,19.13,1.43,0.27,36641.0,70418575.0,本地最近行情CSV
2026-07-06,2026-07-06T11:24:33+08:00,603589,口子窖,19.11,1.11,0.21,35548.0,67936703.0,本地最近行情CSV
2026-07-06,2026-07-06T11:24:33+08:00,300634,彩讯股份,19.11,-3.39,-0.67,58777.0,114124402.34,本地最近行情CSV
2026-07-06,2026-07-06T11:24:33+08:00,002577,雷柏科技,19.11,-3.14,-0.62,31681.0,61200230.25,本地最近行情CSV
2026-07-06,2026-07-06T11:24:33+08:00,301065,本立科技,19.09,1.06,0.2,7413.0,14127446.5,本地最近行情CSV
2026-07-06,2026-07-06T11:24:33+08:00,301376,致欧科技,19.08,-0.68,-0.13,17930.0,34009338.7,本地最近行情CSV
2026-07-06,2026-07-06T11:24:33+08:00,300643,万通智控,19.08,4.21,0.77,88324.0,167201145.17,本地最近行情CSV
2026-07-06,2026-07-06T11:24:33+08:00,300898,熊猫乳品,19.07,0.05,0.01,11390.0,21921392.4,本地最近行情CSV
2026-07-06,2026-07-06T11:24:33+08:00,300399,天利科技,19.06,-3.93,-0.78,47478.0,92325746.79,本地最近行情CSV
2026-07-06,2026-07-06T11:24:33+08:00,001248,C华润,19.06,-13.44,-2.96,2327494.0,4582132887.17,本地最近行情CSV
2026-07-06,2026-07-06T11:24:33+08:00,688737,中自科技,19.05,-2.71,-0.53,12051.0,23447863.0,本地最近行情CSV
2026-07-06,2026-07-06T11:24:33+08:00,001282,三联锻造,19.05,-1.75,-0.34,31332.0,59917851.0,本地最近行情CSV
2026-07-06,2026-07-06T11:24:33+08:00,002882,金龙羽,19.03,-2.91,-0.57,29695.0,57657289.0,本地最近行情CSV
2026-07-06,2026-07-06T11:24:33+08:00,603409,汇通控股,19.02,-3.4,-0.67,16359.0,31575386.0,本地最近行情CSV
2026-07-06,2026-07-06T11:24:33+08:00,000681,视觉中国,18.99,-2.37,-0.46,175365.0,335699778.65,本地最近行情CSV
2026-07-06,2026-07-06T11:24:33+08:00,600872,中炬高新,18.97,0.9,0.17,147717.0,279854833.0,本地最近行情CSV
2026-07-06,2026-07-06T11:24:33+08:00,688177,百奥泰,18.96,1.55,0.29,48932.0,92942886.0,本地最近行情CSV
2026-07-06,2026-07-06T11:24:33+08:00,301262,海看股份,18.96,0.0,0.0,19396.0,36922003.14,本地最近行情CSV
2026-07-06,2026-07-06T11:24:33+08:00,300019,硅宝科技,18.95,3.55,0.65,120707.0,230533610.06,本地最近行情CSV
2026-07-06,2026-07-06T11:24:33+08:00,603619,中曼石油,18.94,-1.15,-0.22,83783.0,160186493.0,本地最近行情CSV
2026-07-06,2026-07-06T11:24:33+08:00,603137,恒尚节能,18.94,9.99,1.72,6209.0,11759088.0,本地最近行情CSV
2026-07-06,2026-07-06T11:24:33+08:00,600980,北矿科技,18.9,-4.16,-0.82,24122.0,46553750.0,本地最近行情CSV
2026-07-06,2026-07-06T11:24:33+08:00,688108,赛诺医疗,18.89,-4.01,-0.79,141691.0,271155223.0,本地最近行情CSV
2026-07-06,2026-07-06T11:24:33+08:00,603613,国联股份,18.89,-3.82,-0.75,82223.0,158114990.0,本地最近行情CSV
2026-07-06,2026-07-06T11:24:33+08:00,002654,万润科技,18.88,-0.68,-0.13,476567.0,920208967.82,本地最近行情CSV
2026-07-06,2026-07-06T11:24:33+08:00,688360,德马科技,18.85,-3.43,-0.67,59432.0,114384457.0,本地最近行情CSV
2026-07-06,2026-07-06T11:24:33+08:00,603993,洛阳钼业,18.85,1.78,0.33,2116898.0,4005655942.0,本地最近行情CSV
2026-07-06,2026-07-06T11:24:33+08:00,603706,东方环宇,18.85,-2.08,-0.4,10032.0,18965592.0,本地最近行情CSV
2026-07-06,2026-07-06T11:24:33+08:00,300428,立中集团,18.83,-2.84,-0.55,79825.0,152599622.1,本地最近行情CSV
2026-07-06,2026-07-06T11:24:33+08:00,688369,致远互联,18.82,-2.94,-0.57,19946.0,37903888.0,本地最近行情CSV
2026-07-06,2026-07-06T11:24:33+08:00,688393,安必平,18.8,-0.53,-0.1,14790.0,27961988.0,本地最近行情CSV
2026-07-06,2026-07-06T11:24:33+08:00,600346,恒力石化,18.8,5.62,1.0,494039.0,929196610.0,本地最近行情CSV
2026-07-06,2026-07-06T11:24:33+08:00,600031,三一重工,18.8,1.29,0.24,536186.0,1004265050.0,本地最近行情CSV
2026-07-06,2026-07-06T11:24:33+08:00,603579,荣泰健康,18.79,-0.48,-0.09,19325.0,36546081.0,本地最近行情CSV
2026-07-06,2026-07-06T11:24:33+08:00,600671,天目药业,18.78,1.73,0.32,23081.0,42528882.0,本地最近行情CSV
2026-07-06,2026-07-06T11:24:33+08:00,002972,科安达,18.78,-0.16,-0.03,39089.0,72976053.6,本地最近行情CSV
2026-07-06,2026-07-06T11:24:33+08:00,600754,锦江酒店,18.77,1.79,0.33,82721.0,154022819.0,本地最近行情CSV
2026-07-06,2026-07-06T11:24:33+08:00,002967,广电计量,18.76,-1.78,-0.34,51879.0,98172087.0,本地最近行情CSV
2026-07-06,2026-07-06T11:24:33+08:00,000623,吉林敖东,18.73,1.35,0.25,132177.0,247919224.06,本地最近行情CSV
2026-07-06,2026-07-06T11:24:33+08:00,688173,希荻微,18.72,1.13,0.21,124988.0,232217506.0,本地最近行情CSV
2026-07-06,2026-07-06T11:24:33+08:00,600990,四创电子,18.72,-2.14,-0.41,95792.0,184995100.0,本地最近行情CSV
2026-07-06,2026-07-06T11:24:33+08:00,603065,宿迁联盛,18.7,-0.53,-0.1,195667.0,364431902.0,本地最近行情CSV
2026-07-06,2026-07-06T11:24:33+08:00,002833,弘亚数控,18.7,-1.68,-0.32,79742.0,149442075.27,本地最近行情CSV
2026-07-06,2026-07-06T11:24:33+08:00,603687,大胜达,18.67,-1.22,-0.23,213136.0,396398885.0,本地最近行情CSV
2026-07-06,2026-07-06T11:24:33+08:00,301049,超越科技,18.67,0.11,0.02,15047.0,28746025.0,本地最近行情CSV
2026-07-06,2026-07-06T11:24:33+08:00,300828,锐新科技,18.66,-4.11,-0.8,31309.0,59005664.0,本地最近行情CSV
2026-07-06,2026-07-06T11:24:33+08:00,688695,中创股份,18.65,-2.3,-0.44,7160.0,13452144.0,本地最近行情CSV
2026-07-06,2026-07-06T11:24:33+08:00,688105,诺唯赞,18.62,0.32,0.06,97089.0,181454620.0,本地最近行情CSV
2026-07-06,2026-07-06T11:24:33+08:00,603533,掌阅科技,18.62,-3.32,-0.64,111625.0,210463526.0,本地最近行情CSV
2026-07-06,2026-07-06T11:24:33+08:00,000786,北新建材,18.62,2.87,0.52,134387.0,248231651.36,本地最近行情CSV
2026-07-06,2026-07-06T11:24:33+08:00,002265,建设工业,18.61,0.65,0.12,77909.0,145668954.0,本地最近行情CSV
2026-07-06,2026-07-06T11:24:33+08:00,002208,合肥城建,18.61,-3.17,-0.61,438333.0,819551020.0,本地最近行情CSV
2026-07-06,2026-07-06T11:24:33+08:00,600529,山东药玻,18.59,-0.38,-0.07,64053.0,118905594.0,本地最近行情CSV
2026-07-06,2026-07-06T11:24:33+08:00,002246,北化股份,18.59,-2.41,-0.46,80070.0,151333786.12,本地最近行情CSV
2026-07-06,2026-07-06T11:24:33+08:00,000739,普洛药业,18.59,1.92,0.35,136537.0,254797925.22,本地最近行情CSV
2026-07-06,2026-07-06T11:24:33+08:00,600764,中国海防,18.58,-0.85,-0.16,31029.0,58088112.0,本地最近行情CSV
2026-07-06,2026-07-06T11:24:33+08:00,688334,西高院,18.56,-1.69,-0.32,14112.0,26357350.0,本地最近行情CSV
2026-07-06,2026-07-06T11:24:33+08:00,605259,绿田机械,18.56,0.32,0.06,6320.0,11764489.0,本地最近行情CSV
2026-07-06,2026-07-06T11:24:33+08:00,600172,黄河旋风,18.55,10.02,1.69,2729999.0,4964998486.0,本地最近行情CSV
2026-07-06,2026-07-06T11:24:33+08:00,605338,巴比食品,18.53,2.26,0.41,13064.0,24055168.0,本地最近行情CSV
2026-07-06,2026-07-06T11:24:33+08:00,601838,成都银行,18.53,0.76,0.14,68761.0,126745267.0,本地最近行情CSV
2026-07-06,2026-07-06T11:24:33+08:00,603320,迪贝电气,18.51,-2.89,-0.55,18459.0,34835434.0,本地最近行情CSV
2026-07-06,2026-07-06T11:24:33+08:00,688288,鸿泉技术,18.49,0.0,0.0,15688.0,29152415.0,本地最近行情CSV
2026-07-06,2026-07-06T11:24:33+08:00,002173,创新医疗,18.49,0.54,0.1,343156.0,646816655.43,本地最近行情CSV
2026-07-06,2026-07-06T11:24:33+08:00,301381,赛维时代,18.48,0.98,0.18,18858.0,34706747.0,本地最近行情CSV
2026-07-06,2026-07-06T11:24:33+08:00,300131,英唐智控,18.47,2.95,0.53,625688.0,1170624437.16,本地最近行情CSV
2026-07-06,2026-07-06T11:24:33+08:00,002912,中新赛克,18.46,-2.33,-0.44,12637.0,23629359.43,本地最近行情CSV
2026-07-06,2026-07-06T11:24:33+08:00,300655,晶瑞电材,18.44,-3.81,-0.73,875600.0,1628663759.15,本地最近行情CSV
2026-07-06,2026-07-06T11:24:33+08:00,002541,鸿路钢构,18.44,0.77,0.14,50805.0,95062280.0,本地最近行情CSV
2026-07-06,2026-07-06T11:24:33+08:00,603097,江苏华辰,18.43,-1.29,-0.24,20987.0,39883307.0,本地最近行情CSV
2026-07-06,2026-07-06T11:24:33+08:00,301151,冠龙节能,18.43,1.49,0.27,48894.0,93069527.6,本地最近行情CSV
2026-07-06,2026-07-06T11:24:33+08:00,002826,易明医药,18.42,1.77,0.32,78970.0,146111797.0,本地最近行情CSV
2026-07-06,2026-07-06T11:24:33+08:00,600862,中航高科,18.41,-1.55,-0.29,124889.0,231135299.0,本地最近行情CSV
2026-07-06,2026-07-06T11:24:33+08:00,603679,华体科技,18.39,-9.99,-2.04,109362.0,209310659.0,本地最近行情CSV
2026-07-06,2026-07-06T11:24:33+08:00,300761,立华股份,18.39,2.57,0.46,101900.0,186638604.86,本地最近行情CSV
2026-07-06,2026-07-06T11:24:33+08:00,300592,华凯易佰,18.37,0.66,0.12,95671.0,177895938.76,本地最近行情CSV
2026-07-06,2026-07-06T11:24:33+08:00,000887,中鼎股份,18.37,-3.57,-0.68,326253.0,607121338.56,本地最近行情CSV
2026-07-06,2026-07-06T11:24:33+08:00,603093,南华期货,18.34,-1.93,-0.36,60283.0,112388491.0,本地最近行情CSV
2026-07-06,2026-07-06T11:24:33+08:00,601089,福元医药,18.33,4.27,0.75,66040.0,119788640.0,本地最近行情CSV
2026-07-06,2026-07-06T11:24:33+08:00,605369,拱东医疗,18.3,-1.61,-0.3,14352.0,26448512.0,本地最近行情CSV
2026-07-06,2026-07-06T11:24:33+08:00,301515,港通医疗,18.3,-0.54,-0.1,8762.0,16214625.6,本地最近行情CSV
2026-07-06,2026-07-06T11:24:33+08:00,301073,君亭酒店,18.3,-0.54,-0.1,24380.0,44766815.0,本地最近行情CSV
2026-07-06,2026-07-06T11:24:33+08:00,300867,圣元环保,18.3,-2.4,-0.45,43253.0,79699127.23,本地最近行情CSV
2026-07-06,2026-07-06T11:24:33+08:00,300363,博腾股份,18.3,8.28,1.4,390103.0,707220137.38,本地最近行情CSV
2026-07-06,2026-07-06T11:24:33+08:00,600188,兖矿能源,18.29,2.75,0.49,576115.0,1043077725.0,本地最近行情CSV
2026-07-06,2026-07-06T11:24:33+08:00,300831,ST派瑞,18.27,-2.97,-0.56,53915.0,99128982.0,本地最近行情CSV
2026-07-06,2026-07-06T11:24:33+08:00,688772,珠海冠宇,18.26,-5.92,-1.15,363832.0,683044582.0,本地最近行情CSV
2026-07-06,2026-07-06T11:24:33+08:00,300207,欣旺达,18.26,-1.56,-0.29,319515.0,595957112.81,本地最近行情CSV
2026-07-06,2026-07-06T11:24:33+08:00,002130,沃尔核材,18.26,-0.11,-0.02,274336.0,510500917.92,本地最近行情CSV
2026-07-06,2026-07-06T11:24:33+08:00,002927,泰永长征,18.24,-1.99,-0.37,68294.0,127508436.2,本地最近行情CSV
2026-07-06,2026-07-06T11:24:33+08:00,000581,威孚高科,18.24,1.56,0.28,73692.0,134142826.2,本地最近行情CSV
2026-07-06,2026-07-06T11:24:33+08:00,000738,航发控制,18.23,-2.77,-0.52,120084.0,221953730.56,本地最近行情CSV
2026-07-06,2026-07-06T11:24:33+08:00,603100,川仪股份,18.21,-0.55,-0.1,29553.0,53998366.0,本地最近行情CSV
2026-07-06,2026-07-06T11:24:33+08:00,002856,*ST美芝,18.21,-9.99,-2.02,57022.0,107527522.11,本地最近行情CSV
2026-07-06,2026-07-06T11:24:33+08:00,688277,天智航-U,18.2,-0.33,-0.06,63058.0,114765565.0,本地最近行情CSV
2026-07-06,2026-07-06T11:24:33+08:00,300523,辰安科技,18.19,-1.14,-0.21,14081.0,25945441.7,本地最近行情CSV
2026-07-06,2026-07-06T11:24:33+08:00,603588,高能环境,18.17,-8.23,-1.63,894288.0,1697854253.0,本地最近行情CSV
2026-07-06,2026-07-06T11:24:33+08:00,300815,玉禾田,18.17,2.54,0.45,72566.0,135123005.52,本地最近行情CSV
2026-07-06,2026-07-06T11:24:33+08:00,300685,艾德生物,18.15,0.83,0.15,70262.0,127582761.22,本地最近行情CSV
2026-07-06,2026-07-06T11:24:33+08:00,605033,美邦股份,18.12,0.11,0.02,15717.0,28666644.0,本地最近行情CSV
2026-07-06,2026-07-06T11:24:33+08:00,603949,雪龙集团,18.11,0.33,0.06,51835.0,95461858.0,本地最近行情CSV
2026-07-06,2026-07-06T11:24:33+08:00,601156,东航物流,18.11,1.74,0.31,122451.0,222743433.0,本地最近行情CSV
2026-07-06,2026-07-06T11:24:33+08:00,688426,康为世纪,18.08,-1.42,-0.26,10212.0,18705801.0,本地最近行情CSV
2026-07-06,2026-07-06T11:24:33+08:00,300481,濮阳惠成,18.08,-3.83,-0.72,176522.0,327270224.63,本地最近行情CSV
2026-07-06,2026-07-06T11:24:33+08:00,002389,航天彩虹,18.08,-1.79,-0.33,129071.0,235913369.06,本地最近行情CSV
2026-07-06,2026-07-06T11:24:33+08:00,688004,博汇科技,18.07,-3.73,-0.7,11435.0,21067306.0,本地最近行情CSV
2026-07-06,2026-07-06T11:24:33+08:00,003008,开普检测,18.07,0.17,0.03,6377.0,11546121.88,本地最近行情CSV
2026-07-06,2026-07-06T11:24:33+08:00,688292,浩瀚深度,18.04,-4.14,-0.78,17284.0,31735166.0,本地最近行情CSV
2026-07-06,2026-07-06T11:24:33+08:00,300662,科锐国际,18.04,-0.06,-0.01,27187.0,49640653.0,本地最近行情CSV
2026-07-06,2026-07-06T11:24:33+08:00,300293,蓝英装备,18.04,-3.22,-0.6,63622.0,115404420.59,本地最近行情CSV
2026-07-06,2026-07-06T11:24:33+08:00,002579,中京电子,18.04,-7.82,-1.53,563909.0,1056147132.5,本地最近行情CSV
2026-07-06,2026-07-06T11:24:33+08:00,600801,华新建材,18.02,-0.5,-0.09,255329.0,461049077.0,本地最近行情CSV
2026-07-06,2026-07-06T11:24:33+08:00,002545,东方铁塔,18.02,3.44,0.6,287241.0,513393496.86,本地最近行情CSV
2026-07-06,2026-07-06T11:24:33+08:00,688232,新点软件,18.0,-0.55,-0.1,12515.0,22605294.0,本地最近行情CSV
2026-07-06,2026-07-06T11:24:33+08:00,600845,宝信软件,18.0,-1.37,-0.25,136681.0,245789596.0,本地最近行情CSV
2026-07-06,2026-07-06T11:24:33+08:00,603192,汇得科技,17.99,-0.11,-0.02,5752.0,10416606.0,本地最近行情CSV
2026-07-06,2026-07-06T11:24:33+08:00,300201,海伦哲,17.99,-3.23,-0.6,340294.0,616822373.37,本地最近行情CSV
2026-07-06,2026-07-06T11:24:33+08:00,000547,航天发展,17.99,-7.22,-1.4,1266122.0,2368199467.24,本地最近行情CSV
2026-07-06,2026-07-06T11:24:33+08:00,000777,中核科技,17.98,-4.62,-0.87,129833.0,237763379.11,本地最近行情CSV
2026-07-06,2026-07-06T11:24:33+08:00,605068,XD明新旭,17.97,-5.77,-1.1,38173.0,70584167.0,本地最近行情CSV
2026-07-06,2026-07-06T11:24:33+08:00,600079,ST人福,17.96,1.07,0.19,164975.0,294481248.0,本地最近行情CSV
2026-07-06,2026-07-06T11:24:33+08:00,300243,瑞丰高材,17.93,-3.34,-0.62,180848.0,333672945.08,本地最近行情CSV
2026-07-06,2026-07-06T11:24:33+08:00,603611,诺力股份,17.9,-1.32,-0.24,24455.0,44300582.0,本地最近行情CSV
2026-07-06,2026-07-06T11:24:33+08:00,603131,上海沪工,17.9,-5.29,-1.0,96901.0,178369198.0,本地最近行情CSV
2026-07-06,2026-07-06T11:24:33+08:00,601001,晋控煤业,17.9,0.79,0.14,145760.0,261790366.0,本地最近行情CSV
2026-07-06,2026-07-06T11:24:33+08:00,300638,广和通,17.9,-3.24,-0.6,105729.0,193241297.87,本地最近行情CSV
2026-07-06,2026-07-06T11:24:33+08:00,601872,招商轮船,17.89,5.24,0.89,1335588.0,2386191457.0,本地最近行情CSV
2026-07-06,2026-07-06T11:24:33+08:00,600315,上海家化,17.87,2.41,0.42,40203.0,70915764.0,本地最近行情CSV
2026-07-06,2026-07-06T11:24:33+08:00,605333,沪光股份,17.85,-1.11,-0.2,19915.0,35822442.0,本地最近行情CSV
2026-07-06,2026-07-06T11:24:33+08:00,603908,牧高笛,17.84,-1.16,-0.21,9545.0,17233734.0,本地最近行情CSV
2026-07-06,2026-07-06T11:24:33+08:00,603610,麒盛科技,17.84,-3.57,-0.66,81893.0,148763923.0,本地最近行情CSV
2026-07-06,2026-07-06T11:24:33+08:00,603656,泰禾智能,17.83,2.06,0.36,21097.0,37614432.0,本地最近行情CSV
2026-07-06,2026-07-06T11:24:33+08:00,001206,依依股份,17.83,-4.35,-0.81,32673.0,59459161.36,本地最近行情CSV
2026-07-06,2026-07-06T11:24:33+08:00,002757,南兴股份,17.81,-4.25,-0.79,80067.0,145349664.0,本地最近行情CSV
2026-07-06,2026-07-06T11:24:33+08:00,688455,科捷智能,17.8,-5.82,-1.1,17771.0,32300634.0,本地最近行情CSV
2026-07-06,2026-07-06T11:24:33+08:00,300561,汇金科技,17.78,3.37,0.58,370942.0,652690131.85,本地最近行情CSV
2026-07-06,2026-07-06T11:24:33+08:00,300323,华灿光电,17.78,-0.95,-0.17,767739.0,1356475587.71,本地最近行情CSV
2026-07-06,2026-07-06T11:24:33+08:00,002549,凯美特气,17.78,-5.53,-1.04,446532.0,808502626.1,本地最近行情CSV
2026-07-06,2026-07-06T11:24:33+08:00,601858,中国科传,17.76,-0.28,-0.05,49220.0,88405070.0,本地最近行情CSV
2026-07-06,2026-07-06T11:24:33+08:00,605177,东亚药业,17.75,-0.62,-0.11,13672.0,24545292.0,本地最近行情CSV
2026-07-06,2026-07-06T11:24:33+08:00,301028,鼎熔岩,17.72,-2.8,-0.51,55137.0,97875463.0,本地最近行情CSV
2026-07-06,2026-07-06T11:24:33+08:00,001311,多利科技,17.71,1.55,0.27,42689.0,75320775.46,本地最近行情CSV
2026-07-06,2026-07-06T11:24:33+08:00,003002,壶化股份,17.68,-2.1,-0.38,16882.0,30425204.88,本地最近行情CSV
2026-07-06,2026-07-06T11:24:33+08:00,002544,普天科技,17.67,-3.86,-0.71,130954.0,239395615.0,本地最近行情CSV
2026-07-06,2026-07-06T11:24:33+08:00,600312,平高电气,17.66,-0.17,-0.03,103880.0,184790867.0,本地最近行情CSV
2026-07-06,2026-07-06T11:24:33+08:00,603960,克来机电,17.64,-4.03,-0.74,62791.0,112613911.0,本地最近行情CSV
2026-07-06,2026-07-06T11:24:33+08:00,300192,科德教育,17.64,-3.71,-0.68,81738.0,147588372.75,本地最近行情CSV
2026-07-06,2026-07-06T11:24:33+08:00,688517,金冠电气,17.63,-7.6,-1.45,29523.0,53509768.0,本地最近行情CSV
2026-07-06,2026-07-06T11:24:33+08:00,000766,通化金马,17.62,0.4,0.07,250736.0,445186864.58,本地最近行情CSV
2026-07-06,2026-07-06T11:24:33+08:00,600793,宜宾纸业,17.61,9.99,1.6,178215.0,308757971.0,本地最近行情CSV
2026-07-06,2026-07-06T11:24:33+08:00,603515,欧普照明,17.6,2.92,0.5,7029.0,12282541.0,本地最近行情CSV
2026-07-06,2026-07-06T11:24:33+08:00,603266,天龙股份,17.6,-2.55,-0.46,20974.0,37308244.0,本地最近行情CSV
2026-07-06,2026-07-06T11:24:33+08:00,300651,金陵体育,17.6,-3.3,-0.6,66374.0,118915473.0,本地最近行情CSV
2026-07-06,2026-07-06T11:24:33+08:00,000066,中国长城,17.59,2.81,0.48,1010710.0,1778999621.43,本地最近行情CSV
2026-07-06,2026-07-06T11:24:33+08:00,603386,骏亚科技,17.55,-5.95,-1.11,153978.0,276725737.0,本地最近行情CSV
2026-07-06,2026-07-06T11:24:33+08:00,300854,中兰环保,17.55,-7.58,-1.44,71112.0,135045276.48,本地最近行情CSV
2026-07-06,2026-07-06T11:24:33+08:00,002734,利民股份,17.55,3.05,0.52,136207.0,238597806.8,本地最近行情CSV
2026-07-06,2026-07-06T11:24:33+08:00,603382,海阳科技,17.54,-2.07,-0.37,8942.0,15880906.0,本地最近行情CSV
2026-07-06,2026-07-06T11:24:33+08:00,603721,中广天择,17.53,-0.45,-0.08,14866.0,26232694.0,本地最近行情CSV
2026-07-06,2026-07-06T11:24:33+08:00,603269,海鸥股份,17.53,9.97,1.59,405388.0,694815621.0,本地最近行情CSV
2026-07-06,2026-07-06T11:24:33+08:00,688569,铁科轨道,17.52,-0.45,-0.08,3759.0,6606774.0,本地最近行情CSV
2026-07-06,2026-07-06T11:24:33+08:00,600745,*ST闻泰,17.5,-4.11,-0.75,407996.0,725171787.0,本地最近行情CSV
2026-07-06,2026-07-06T11:24:33+08:00,300921,南凌科技,17.5,-7.11,-1.34,79647.0,143726266.26,本地最近行情CSV
2026-07-06,2026-07-06T11:24:33+08:00,603612,索通发展,17.49,-0.11,-0.02,94992.0,168643196.0,本地最近行情CSV
2026-07-06,2026-07-06T11:24:33+08:00,600703,三安光电,17.48,-4.11,-0.75,2176749.0,3891300877.0,本地最近行情CSV
2026-07-06,2026-07-06T11:24:33+08:00,301288,清研环境,17.48,-2.89,-0.52,15601.0,27980976.0,本地最近行情CSV
2026-07-06,2026-07-06T11:24:33+08:00,603109,神驰机电,17.47,-0.68,-0.12,15208.0,26805831.0,本地最近行情CSV
2026-07-06,2026-07-06T11:24:33+08:00,300817,双飞集团,17.47,-7.32,-1.38,70902.0,128089785.62,本地最近行情CSV
2026-07-06,2026-07-06T11:24:33+08:00,600714,金瑞矿业,17.46,-3.0,-0.54,141595.0,257669172.0,本地最近行情CSV
2026-07-06,2026-07-06T11:24:33+08:00,301656,联合动力,17.46,-2.24,-0.4,44767.0,79039700.71,本地最近行情CSV
2026-07-06,2026-07-06T11:24:33+08:00,301063,海锅股份,17.46,-1.97,-0.35,11522.0,20398353.0,本地最近行情CSV
2026-07-06,2026-07-06T11:24:33+08:00,002829,星网宇达,17.46,-5.06,-0.93,50966.0,91433131.6,本地最近行情CSV
2026-07-06,2026-07-06T11:24:33+08:00,300113,顺网科技,17.45,-1.58,-0.28,117396.0,207387937.35,本地最近行情CSV
2026-07-06,2026-07-06T11:24:33+08:00,688687,凯因科技,17.44,-0.06,-0.01,33441.0,58812356.0,本地最近行情CSV
2026-07-06,2026-07-06T11:24:33+08:00,603365,水星家纺,17.42,2.59,0.44,7749.0,13302868.0,本地最近行情CSV
2026-07-06,2026-07-06T11:24:33+08:00,600233,圆通速递,17.42,1.28,0.22,290630.0,507010911.0,本地最近行情CSV
2026-07-06,2026-07-06T11:24:33+08:00,688310,迈得医疗,17.41,0.81,0.14,27107.0,47738678.0,本地最近行情CSV
2026-07-06,2026-07-06T11:24:33+08:00,600026,中远海能,17.41,0.23,0.04,563084.0,994653446.0,本地最近行情CSV
2026-07-06,2026-07-06T11:24:33+08:00,300986,志特新材,17.41,-4.5,-0.82,270021.0,503783268.74,本地最近行情CSV
2026-07-06,2026-07-06T11:24:33+08:00,301353,普莱得,17.4,-3.17,-0.57,11002.0,19462152.18,本地最近行情CSV
2026-07-06,2026-07-06T11:24:33+08:00,300789,唐源电气,17.4,-2.52,-0.45,12913.0,22817361.0,本地最近行情CSV
2026-07-06,2026-07-06T11:24:33+08:00,002077,大港股份,17.39,-0.51,-0.09,184732.0,321187018.0,本地最近行情CSV
2026-07-06,2026-07-06T11:24:33+08:00,603013,亚普股份,17.38,-1.59,-0.28,38496.0,66668667.0,本地最近行情CSV
2026-07-06,2026-07-06T11:24:33+08:00,605006,山东玻纤,17.36,-5.24,-0.96,454962.0,809448008.0,本地最近行情CSV
2026-07-06,2026-07-06T11:24:33+08:00,002806,华锋股份,17.35,-5.35,-0.98,103428.0,182346034.5,本地最近行情CSV
2026-07-06,2026-07-06T11:24:33+08:00,003027,同兴科技,17.33,-1.08,-0.19,18300.0,32289183.0,本地最近行情CSV
2026-07-06,2026-07-06T11:24:33+08:00,301207,华兰疫苗,17.32,1.35,0.23,51008.0,88338393.48,本地最近行情CSV
2026-07-06,2026-07-06T11:24:33+08:00,002517,恺英网络,17.31,2.3,0.39,698893.0,1215046902.23,本地最近行情CSV
2026-07-06,2026-07-06T11:24:33+08:00,300530,领湃科技,17.28,-0.4,-0.07,27146.0,48177398.15,本地最近行情CSV
2026-07-06,2026-07-06T11:24:33+08:00,600137,浪莎股份,17.27,-0.75,-0.13,9416.0,16402456.0,本地最近行情CSV
2026-07-06,2026-07-06T11:24:33+08:00,300034,钢研高纳,17.26,-3.31,-0.59,122954.0,217022151.8,本地最近行情CSV
2026-07-06,2026-07-06T11:24:33+08:00,002860,星帅尔,17.25,8.08,1.29,280040.0,469593714.17,本地最近行情CSV
2026-07-06,2026-07-06T11:24:33+08:00,000901,航天科技,17.23,-5.8,-1.06,246668.0,437674939.86,本地最近行情CSV
2026-07-06,2026-07-06T11:24:33+08:00,300893,松原安全,17.21,-1.88,-0.33,14781.0,25416926.15,本地最近行情CSV
2026-07-06,2026-07-06T11:24:33+08:00,300482,万孚生物,17.21,-0.12,-0.02,65395.0,113087893.9,本地最近行情CSV
2026-07-06,2026-07-06T11:24:33+08:00,688620,安凯微,17.2,3.49,0.58,304042.0,526643357.0,本地最近行情CSV
2026-07-06,2026-07-06T11:24:33+08:00,300024,机器人,17.2,-6.06,-1.11,790535.0,1386383336.11,本地最近行情CSV
2026-07-06,2026-07-06T11:24:33+08:00,603855,华荣股份,17.17,4.06,0.67,30051.0,51125115.0,本地最近行情CSV
2026-07-06,2026-07-06T11:24:33+08:00,603172,万丰股份,17.17,-2.44,-0.43,10264.0,17959172.0,本地最近行情CSV
2026-07-06,2026-07-06T11:24:33+08:00,000070,特发信息,17.16,-4.61,-0.83,541531.0,955609660.4,本地最近行情CSV
2026-07-06,2026-07-06T11:24:33+08:00,600882,妙可蓝多,17.15,1.54,0.26,45203.0,77696041.0,本地最近行情CSV
2026-07-06,2026-07-06T11:24:33+08:00,600585,海螺水泥,17.1,-0.23,-0.04,121653.0,207899512.0,本地最近行情CSV
2026-07-06,2026-07-06T11:24:33+08:00,600062,华润双鹤,17.1,0.18,0.03,89678.0,153400435.0,本地最近行情CSV
2026-07-06,2026-07-06T11:24:33+08:00,605277,新亚电子,17.09,-1.67,-0.29,86845.0,148596369.0,本地最近行情CSV
2026-07-06,2026-07-06T11:24:33+08:00,603233,大参林,17.09,0.23,0.04,48651.0,83037753.0,本地最近行情CSV
2026-07-06,2026-07-06T11:24:33+08:00,603159,上海亚虹,17.09,-3.45,-0.61,16319.0,28482033.0,本地最近行情CSV
2026-07-06,2026-07-06T11:24:33+08:00,600761,安徽合力,17.09,-1.27,-0.22,74424.0,127842479.0,本地最近行情CSV
2026-07-06,2026-07-06T11:24:33+08:00,300446,航天智造,17.09,-4.31,-0.77,140783.0,244880087.0,本地最近行情CSV
2026-07-06,2026-07-06T11:24:33+08:00,002601,龙佰集团,17.09,2.27,0.38,276577.0,477623980.27,本地最近行情CSV
2026-07-06,2026-07-06T11:24:33+08:00,002534,西子洁能,17.09,-3.99,-0.71,134646.0,235952822.5,本地最近行情CSV
2026-07-06,2026-07-06T11:24:33+08:00,002995,天地在线,17.08,-4.21,-0.75,102924.0,179270891.0,本地最近行情CSV
2026-07-06,2026-07-06T11:24:33+08:00,603888,新华网,17.05,-0.64,-0.11,36386.0,62258158.0,本地最近行情CSV
2026-07-06,2026-07-06T11:24:33+08:00,600889,*ST京化,17.05,1.67,0.28,66274.0,114276278.0,本地最近行情CSV
2026-07-06,2026-07-06T11:24:33+08:00,001360,南矿集团,17.05,-5.28,-0.95,23120.0,40769221.0,本地最近行情CSV
2026-07-06,2026-07-06T11:24:33+08:00,300577,开润股份,17.04,2.65,0.44,46625.0,80584294.89,本地最近行情CSV
2026-07-06,2026-07-06T11:24:33+08:00,601166,兴业银行,17.02,0.06,0.01,592684.0,1007306480.0,本地最近行情CSV
2026-07-06,2026-07-06T11:24:33+08:00,301399,英特科技,16.98,-1.05,-0.18,14872.0,25463384.0,本地最近行情CSV
2026-07-06,2026-07-06T11:24:33+08:00,688303,大全能源,16.97,-1.11,-0.19,66932.0,114595659.0,本地最近行情CSV
2026-07-06,2026-07-06T11:24:33+08:00,000550,江铃汽车,16.96,2.05,0.34,29942.0,50746648.0,本地最近行情CSV
2026-07-06,2026-07-06T11:24:33+08:00,600877,电科芯片,16.95,1.19,0.2,258658.0,439831951.0,本地最近行情CSV
2026-07-06,2026-07-06T11:24:33+08:00,600521,华海药业,16.95,9.99,1.54,643657.0,1068883955.0,本地最近行情CSV
2026-07-06,2026-07-06T11:24:33+08:00,603727,博迈科,16.94,-0.18,-0.03,23422.0,40067273.0,本地最近行情CSV
2026-07-06,2026-07-06T11:24:33+08:00,002857,三晖电气,16.94,-1.51,-0.26,15651.0,26775084.0,本地最近行情CSV
2026-07-06,2026-07-06T11:24:33+08:00,002830,名雕股份,16.92,-0.53,-0.09,48634.0,82472632.8,本地最近行情CSV
2026-07-06,2026-07-06T11:24:33+08:00,603112,华翔股份,16.91,-2.31,-0.4,41376.0,70529097.0,本地最近行情CSV
2026-07-06,2026-07-06T11:24:33+08:00,002760,凤形股份,16.91,-1.11,-0.19,25239.0,43324377.0,本地最近行情CSV
2026-07-06,2026-07-06T11:24:33+08:00,001323,慕思股份,16.9,0.6,0.1,6384.0,10769683.63,本地最近行情CSV
2026-07-06,2026-07-06T11:24:33+08:00,300045,华力创通,16.89,-4.58,-0.81,153722.0,266436321.74,本地最近行情CSV
2026-07-06,2026-07-06T11:24:33+08:00,002468,申通快递,16.89,3.56,0.58,256577.0,434276043.64,本地最近行情CSV
2026-07-06,2026-07-06T11:24:33+08:00,600803,新奥股份,16.87,2.24,0.37,58845.0,98326915.0,本地最近行情CSV
2026-07-06,2026-07-06T11:24:33+08:00,002553,南方精工,16.87,-2.82,-0.49,88226.0,150837224.6,本地最近行情CSV
2026-07-06,2026-07-06T11:24:33+08:00,603777,来伊份,16.85,2.49,0.41,64422.0,109522138.0,本地最近行情CSV
2026-07-06,2026-07-06T11:24:33+08:00,601112,振石股份,16.84,-1.81,-0.31,40734.0,69033667.0,本地最近行情CSV
2026-07-06,2026-07-06T11:24:33+08:00,688101,三达膜,16.8,-1.64,-0.28,17841.0,30319487.0,本地最近行情CSV
2026-07-06,2026-07-06T11:24:33+08:00,002568,百润股份,16.8,-0.36,-0.06,75296.0,127821894.91,本地最近行情CSV
2026-07-06,2026-07-06T11:24:33+08:00,001209,洪兴股份,16.8,-0.59,-0.1,10348.0,17548709.2,本地最近行情CSV
2026-07-06,2026-07-06T11:24:33+08:00,601595,上海电影,16.79,0.18,0.03,28540.0,48238773.0,本地最近行情CSV
2026-07-06,2026-07-06T11:24:33+08:00,300950,德固特,16.78,-1.81,-0.31,10836.0,18469902.0,本地最近行情CSV
2026-07-06,2026-07-06T11:24:33+08:00,300879,大叶股份,16.78,-4.11,-0.72,38562.0,66036957.0,本地最近行情CSV
2026-07-06,2026-07-06T11:24:33+08:00,301190,善水科技,16.77,-2.9,-0.5,17036.0,29016788.0,本地最近行情CSV
2026-07-06,2026-07-06T11:24:33+08:00,688573,信宇人,16.76,-4.66,-0.82,17394.0,29703641.0,本地最近行情CSV
2026-07-06,2026-07-06T11:24:33+08:00,600012,皖通高速,16.76,2.76,0.45,33177.0,55000767.0,本地最近行情CSV
2026-07-06,2026-07-06T11:24:33+08:00,001260,坤泰股份,16.74,-0.53,-0.09,5964.0,10070392.0,本地最近行情CSV
2026-07-06,2026-07-06T11:24:33+08:00,605011,杭州热电,16.73,-3.8,-0.66,40078.0,67831123.0,本地最近行情CSV
2026-07-06,2026-07-06T11:24:33+08:00,603598,引力传媒,16.72,-2.17,-0.37,105754.0,180790521.0,本地最近行情CSV
2026-07-06,2026-07-06T11:24:33+08:00,002729,好利科技,16.72,-6.07,-1.08,165107.0,293668968.1,本地最近行情CSV
2026-07-06,2026-07-06T11:24:33+08:00,603988,中电电机,16.7,-5.11,-0.9,46259.0,78890286.0,本地最近行情CSV
2026-07-06,2026-07-06T11:24:33+08:00,300529,健帆生物,16.7,0.36,0.06,41388.0,68736343.0,本地最近行情CSV
2026-07-06,2026-07-06T11:24:33+08:00,002299,圣农发展,16.68,2.14,0.35,96803.0,161118647.01,本地最近行情CSV
2026-07-06,2026-07-06T11:24:33+08:00,688038,中科通达,16.66,-3.76,-0.65,18516.0,31535191.0,本地最近行情CSV
2026-07-06,2026-07-06T11:24:33+08:00,300556,丝路视觉,16.66,-3.81,-0.66,53685.0,91514561.16,本地最近行情CSV
2026-07-06,2026-07-06T11:24:33+08:00,000700,模塑科技,16.66,-5.34,-0.94,813729.0,1359069261.44,本地最近行情CSV
2026-07-06,2026-07-06T11:24:33+08:00,301038,深水规院,16.65,-1.01,-0.17,15849.0,26607249.3,本地最近行情CSV
2026-07-06,2026-07-06T11:24:33+08:00,688639,华恒生物,16.64,-0.12,-0.02,36614.0,61155134.0,本地最近行情CSV
2026-07-06,2026-07-06T11:24:33+08:00,605208,永茂泰,16.64,-1.36,-0.23,181998.0,307872195.0,本地最近行情CSV
2026-07-06,2026-07-06T11:24:33+08:00,000869,张  裕Ａ,16.64,2.15,0.35,9536.0,15770385.0,本地最近行情CSV
2026-07-06,2026-07-06T11:24:33+08:00,603132,金徽股份,16.63,0.6,0.1,47714.0,81359872.0,本地最近行情CSV
2026-07-06,2026-07-06T11:24:33+08:00,001380,华纬科技,16.62,-3.71,-0.64,15065.0,25365874.88,本地最近行情CSV
2026-07-06,2026-07-06T11:24:33+08:00,601059,信达证券,16.61,0.36,0.06,45558.0,75853445.0,本地最近行情CSV
2026-07-06,2026-07-06T11:24:33+08:00,300791,仙乐健康,16.58,1.53,0.25,12512.0,20767136.44,本地最近行情CSV
2026-07-06,2026-07-06T11:24:33+08:00,300783,三只松鼠,16.58,0.42,0.07,35923.0,59530503.0,本地最近行情CSV
2026-07-06,2026-07-06T11:24:33+08:00,603829,洛凯股份,16.57,-5.42,-0.95,29760.0,50494605.0,本地最近行情CSV
2026-07-06,2026-07-06T11:24:33+08:00,603010,万盛股份,16.56,-1.9,-0.32,143868.0,237281464.0,本地最近行情CSV
2026-07-06,2026-07-06T11:24:33+08:00,300166,东方国信,16.54,-2.42,-0.41,438223.0,728977951.49,本地最近行情CSV
2026-07-06,2026-07-06T11:24:33+08:00,003020,立方制药,16.53,1.72,0.28,38859.0,64180836.6,本地最近行情CSV
2026-07-06,2026-07-06T11:24:33+08:00,002236,大华股份,16.52,-1.67,-0.28,225875.0,372889500.85,本地最近行情CSV
2026-07-06,2026-07-06T11:24:33+08:00,605167,利柏特,16.5,-6.25,-1.1,67276.0,113723474.0,本地最近行情CSV
2026-07-06,2026-07-06T11:24:33+08:00,603219,富佳股份,16.48,-1.79,-0.3,42356.0,70904741.0,本地最近行情CSV
2026-07-06,2026-07-06T11:24:33+08:00,601607,上海医药,16.48,2.23,0.36,124512.0,203877874.0,本地最近行情CSV
2026-07-06,2026-07-06T11:24:33+08:00,301429,森泰股份,16.48,-0.12,-0.02,13201.0,22016215.0,本地最近行情CSV
2026-07-06,2026-07-06T11:24:33+08:00,002600,领益智造,16.48,-8.55,-1.54,3156297.0,5402299971.78,本地最近行情CSV
2026-07-06,2026-07-06T11:24:33+08:00,002180,奔图科技,16.48,0.67,0.11,146567.0,242365584.25,本地最近行情CSV
2026-07-06,2026-07-06T11:24:33+08:00,301010,晶雪节能,16.44,-1.85,-0.31,10961.0,18345694.7,本地最近行情CSV
2026-07-06,2026-07-06T11:24:33+08:00,300137,先河环保,16.44,-4.08,-0.7,87170.0,145968049.6,本地最近行情CSV
2026-07-06,2026-07-06T11:24:33+08:00,688057,金达莱,16.43,0.43,0.07,33533.0,54616540.0,本地最近行情CSV
2026-07-06,2026-07-06T11:24:33+08:00,603356,华菱精工,16.43,-8.82,-1.59,113751.0,200994312.0,本地最近行情CSV
2026-07-06,2026-07-06T11:24:33+08:00,600143,金发科技,16.41,-3.53,-0.6,852726.0,1429670392.0,本地最近行情CSV
2026-07-06,2026-07-06T11:24:33+08:00,301223,中荣股份,16.41,0.0,0.0,7897.0,12985177.0,本地最近行情CSV
2026-07-06,2026-07-06T11:24:33+08:00,600458,时代新材,16.4,-0.3,-0.05,283114.0,470537603.0,本地最近行情CSV
2026-07-06,2026-07-06T11:24:33+08:00,000997,新 大 陆,16.4,-0.91,-0.15,77586.0,128237843.94,本地最近行情CSV
2026-07-06,2026-07-06T11:24:33+08:00,688670,金迪克,16.38,-2.09,-0.35,14279.0,23748456.0,本地最近行情CSV
2026-07-06,2026-07-06T11:24:33+08:00,002962,五方光电,16.38,-6.98,-1.23,200489.0,337231779.06,本地最近行情CSV
2026-07-06,2026-07-06T11:24:33+08:00,688653,康希通信,16.37,2.76,0.44,132833.0,215963745.0,本地最近行情CSV
2026-07-06,2026-07-06T11:24:33+08:00,603958,哈森股份,16.37,-3.02,-0.51,21149.0,35335571.0,本地最近行情CSV
2026-07-06,2026-07-06T11:24:33+08:00,600366,宁波韵升,16.36,-2.79,-0.47,611951.0,1004080694.0,本地最近行情CSV
2026-07-06,2026-07-06T11:24:33+08:00,600071,凤凰光学,16.36,-3.42,-0.58,28862.0,47864938.0,本地最近行情CSV
2026-07-06,2026-07-06T11:24:33+08:00,300351,永贵电器,16.36,-5.6,-0.97,250063.0,419344449.75,本地最近行情CSV
2026-07-06,2026-07-06T11:24:33+08:00,002623,亚玛顿,16.34,-4.72,-0.81,79832.0,131826701.44,本地最近行情CSV
2026-07-06,2026-07-06T11:24:33+08:00,688793,倍轻松,16.33,-2.8,-0.47,11542.0,19178954.0,本地最近行情CSV
2026-07-06,2026-07-06T11:24:33+08:00,603477,巨星农牧,16.33,7.36,1.12,219034.0,352178705.0,本地最近行情CSV
2026-07-06,2026-07-06T11:24:33+08:00,301135,瑞德智能,16.33,-4.5,-0.77,14286.0,23945831.93,本地最近行情CSV
2026-07-06,2026-07-06T11:24:33+08:00,301120,新特电气,16.32,-0.79,-0.13,63248.0,105564710.44,本地最近行情CSV
2026-07-06,2026-07-06T11:24:33+08:00,301153,中科江南,16.3,-0.49,-0.08,25686.0,42283670.0,本地最近行情CSV
2026-07-06,2026-07-06T11:24:33+08:00,300101,振芯科技,16.3,-2.16,-0.36,106807.0,178364374.74,本地最近行情CSV
2026-07-06,2026-07-06T11:24:33+08:00,688718,唯赛勃,16.28,-2.34,-0.39,19800.0,32721276.0,本地最近行情CSV
2026-07-06,2026-07-06T11:24:33+08:00,301359,东南电子,16.28,-2.75,-0.46,11570.0,19159417.0,本地最近行情CSV
2026-07-06,2026-07-06T11:24:33+08:00,003029,吉大正元,16.28,0.12,0.02,52669.0,88460986.0,本地最近行情CSV
2026-07-06,2026-07-06T11:24:33+08:00,600246,万通发展,16.25,5.73,0.88,1008904.0,1606515494.0,本地最近行情CSV
2026-07-06,2026-07-06T11:24:33+08:00,300931,通用电梯,16.25,-3.1,-0.52,46995.0,76754767.0,本地最近行情CSV
2026-07-06,2026-07-06T11:24:33+08:00,603568,伟明环保,16.24,3.57,0.56,68852.0,109437423.0,本地最近行情CSV
2026-07-06,2026-07-06T11:24:33+08:00,002884,凌霄泵业,16.23,2.46,0.39,28435.0,46204261.35,本地最近行情CSV
2026-07-06,2026-07-06T11:24:33+08:00,300872,天阳科技,16.21,-3.74,-0.63,71110.0,117222122.88,本地最近行情CSV
2026-07-06,2026-07-06T11:24:33+08:00,002815,崇达技术,16.2,8.94,1.33,706581.0,1134937669.0,本地最近行情CSV
2026-07-06,2026-07-06T11:24:33+08:00,688015,交控科技,16.19,0.31,0.05,9430.0,15273577.0,本地最近行情CSV
2026-07-06,2026-07-06T11:24:33+08:00,600379,宝光股份,16.19,3.58,0.56,261302.0,418338018.0,本地最近行情CSV
2026-07-06,2026-07-06T11:24:33+08:00,002778,中晟高科,16.19,3.52,0.55,21521.0,34975488.0,本地最近行情CSV
2026-07-06,2026-07-06T11:24:33+08:00,001289,龙源电力,16.18,2.6,0.41,74267.0,120175980.12,本地最近行情CSV
2026-07-06,2026-07-06T11:24:33+08:00,605266,健之佳,16.17,0.94,0.15,11083.0,17825888.0,本地最近行情CSV
2026-07-06,2026-07-06T11:24:33+08:00,300265,通光线缆,16.17,-7.71,-1.35,296425.0,495129949.59,本地最近行情CSV
2026-07-06,2026-07-06T11:24:33+08:00,001379,腾达科技,16.17,-1.16,-0.19,16495.0,26863703.46,本地最近行情CSV
2026-07-06,2026-07-06T11:24:33+08:00,300686,智动力,16.16,-6.32,-1.09,91694.0,151205173.55,本地最近行情CSV
2026-07-06,2026-07-06T11:24:33+08:00,600741,华域汽车,16.15,0.31,0.05,100335.0,161583862.0,本地最近行情CSV
2026-07-06,2026-07-06T11:24:33+08:00,300882,万胜智能,16.15,-1.76,-0.29,28846.0,47290695.29,本地最近行情CSV
2026-07-06,2026-07-06T11:24:33+08:00,300538,同益股份,16.15,-4.15,-0.7,62978.0,104112332.19,本地最近行情CSV
2026-07-06,2026-07-06T11:24:33+08:00,300578,会畅科技,16.14,-3.64,-0.61,24839.0,40776159.0,本地最近行情CSV
2026-07-06,2026-07-06T11:24:33+08:00,300249,依米康,16.14,8.91,1.32,285217.0,445380171.81,本地最近行情CSV
2026-07-06,2026-07-06T11:24:33+08:00,601677,明泰铝业,16.12,2.15,0.34,263772.0,427392111.0,本地最近行情CSV
2026-07-06,2026-07-06T11:24:33+08:00,605218,伟时电子,16.11,0.19,0.03,24643.0,39847238.0,本地最近行情CSV
2026-07-06,2026-07-06T11:24:33+08:00,300533,冰川网络,16.11,3.94,0.61,94731.0,153698116.86,本地最近行情CSV
2026-07-06,2026-07-06T11:24:33+08:00,605056,咸亨国际,16.09,-2.84,-0.47,39648.0,65320555.0,本地最近行情CSV
2026-07-06,2026-07-06T11:24:33+08:00,301091,深城交,16.09,-1.41,-0.23,34788.0,56662411.29,本地最近行情CSV
2026-07-06,2026-07-06T11:24:33+08:00,688750,金天钛业,16.08,-3.13,-0.52,32214.0,52587399.0,本地最近行情CSV
2026-07-06,2026-07-06T11:24:33+08:00,002669,康达新材,16.08,-7.0,-1.21,229157.0,380956977.54,本地最近行情CSV
2026-07-06,2026-07-06T11:24:33+08:00,603360,百傲化学,16.07,-2.61,-0.43,123074.0,200922414.0,本地最近行情CSV
2026-07-06,2026-07-06T11:24:33+08:00,600513,联环药业,16.07,1.07,0.17,117878.0,190350655.0,本地最近行情CSV
2026-07-06,2026-07-06T11:24:33+08:00,600499,科达制造,16.07,3.88,0.6,273966.0,437837896.0,本地最近行情CSV
2026-07-06,2026-07-06T11:24:33+08:00,301103,何氏眼科,16.07,0.44,0.07,12738.0,20540362.15,本地最近行情CSV
2026-07-06,2026-07-06T11:24:33+08:00,688529,豪森智能,16.05,-3.55,-0.59,14134.0,23117935.0,本地最近行情CSV
2026-07-06,2026-07-06T11:24:33+08:00,603276,恒兴新材,16.04,-1.11,-0.18,15840.0,25675011.0,本地最近行情CSV
2026-07-06,2026-07-06T11:24:33+08:00,301601,惠通科技,16.03,-1.66,-0.27,11171.0,18172041.44,本地最近行情CSV
2026-07-06,2026-07-06T11:24:33+08:00,300967,晓鸣股份,16.02,0.5,0.08,56707.0,91386964.62,本地最近行情CSV
2026-07-06,2026-07-06T11:24:33+08:00,002849,威星智能,16.02,-2.2,-0.36,33146.0,53067557.8,本地最近行情CSV
2026-07-06,2026-07-06T11:24:33+08:00,001382,新亚电缆,16.0,-2.38,-0.39,18587.0,29960817.6,本地最近行情CSV
2026-07-06,2026-07-06T11:24:33+08:00,000878,云南铜业,15.98,-1.18,-0.19,292886.0,476459003.6,本地最近行情CSV
2026-07-06,2026-07-06T11:24:33+08:00,603038,华立股份,15.97,0.44,0.07,37543.0,60897665.0,本地最近行情CSV
2026-07-06,2026-07-06T11:24:33+08:00,300715,凯伦股份,15.97,-1.6,-0.26,73745.0,118692315.0,本地最近行情CSV
2026-07-06,2026-07-06T11:24:33+08:00,300119,瑞普生物,15.94,1.34,0.21,30463.0,48386987.82,本地最近行情CSV
2026-07-06,2026-07-06T11:24:33+08:00,001230,劲旅环境,15.94,-3.92,-0.65,18664.0,30482916.0,本地最近行情CSV
2026-07-06,2026-07-06T11:24:33+08:00,300531,优博讯,15.93,5.99,0.9,148085.0,234835658.04,本地最近行情CSV
2026-07-06,2026-07-06T11:24:33+08:00,300053,航宇微,15.93,-3.75,-0.62,203899.0,332312062.54,本地最近行情CSV
2026-07-06,2026-07-06T11:24:33+08:00,002112,三变科技,15.93,-3.04,-0.5,83883.0,137807866.15,本地最近行情CSV
2026-07-06,2026-07-06T11:24:33+08:00,688317,之江生物,15.92,-0.31,-0.05,16020.0,25663261.0,本地最近行情CSV
2026-07-06,2026-07-06T11:24:33+08:00,603181,皇马科技,15.92,0.19,0.03,65864.0,104691115.0,本地最近行情CSV
2026-07-06,2026-07-06T11:24:33+08:00,001896,豫能控股,15.92,0.95,0.15,706022.0,1124220690.08,本地最近行情CSV
2026-07-06,2026-07-06T11:24:33+08:00,603310,巍华新材,15.9,0.63,0.1,17358.0,27637100.0,本地最近行情CSV
2026-07-06,2026-07-06T11:24:33+08:00,301505,苏州规划,15.9,-2.33,-0.38,14326.0,23125105.0,本地最近行情CSV
2026-07-06,2026-07-06T11:24:33+08:00,605507,国邦医药,15.89,0.82,0.13,38915.0,61830039.0,本地最近行情CSV
2026-07-06,2026-07-06T11:24:33+08:00,002034,旺能环境,15.89,2.52,0.39,86548.0,138844179.14,本地最近行情CSV
2026-07-06,2026-07-06T11:24:33+08:00,000970,中科三环,15.89,-3.58,-0.59,802086.0,1293688162.32,本地最近行情CSV
2026-07-06,2026-07-06T11:24:33+08:00,300711,广哈通信,15.88,-4.05,-0.67,22054.0,35673186.4,本地最近行情CSV
2026-07-06,2026-07-06T11:24:33+08:00,605005,合兴股份,15.84,-0.69,-0.11,6561.0,10452892.0,本地最近行情CSV
2026-07-06,2026-07-06T11:24:33+08:00,300184,力源信息,15.84,0.7,0.11,602153.0,964343134.03,本地最近行情CSV
2026-07-06,2026-07-06T11:24:33+08:00,002774,快意电梯,15.83,10.01,1.44,50563.0,78348717.4,本地最近行情CSV
2026-07-06,2026-07-06T11:24:33+08:00,002603,以岭药业,15.83,1.34,0.21,141789.0,224494581.19,本地最近行情CSV
2026-07-06,2026-07-06T11:24:33+08:00,603919,金徽酒,15.82,-0.82,-0.13,57294.0,90852494.0,本地最近行情CSV
2026-07-06,2026-07-06T11:24:33+08:00,300982,苏文电能,15.82,-3.95,-0.65,23786.0,38796907.86,本地最近行情CSV
2026-07-06,2026-07-06T11:24:33+08:00,688236,春立医疗,15.81,0.38,0.06,21575.0,34099418.0,本地最近行情CSV
2026-07-06,2026-07-06T11:24:33+08:00,688410,山外山,15.8,1.61,0.25,59234.0,93140377.0,本地最近行情CSV
2026-07-06,2026-07-06T11:24:33+08:00,300109,新开源,15.8,-0.06,-0.01,69563.0,110397445.31,本地最近行情CSV
2026-07-06,2026-07-06T11:24:33+08:00,300960,通业科技,15.79,-2.59,-0.42,11455.0,18436009.8,本地最近行情CSV
2026-07-06,2026-07-06T11:24:33+08:00,603928,兴业股份,15.78,7.35,1.08,480035.0,763182422.0,本地最近行情CSV
2026-07-06,2026-07-06T11:24:33+08:00,603767,中马传动,15.78,-0.13,-0.02,72857.0,115844637.0,本地最近行情CSV
2026-07-06,2026-07-06T11:24:33+08:00,002869,金溢科技,15.78,-3.43,-0.56,13959.0,22390702.0,本地最近行情CSV
2026-07-06,2026-07-06T11:24:33+08:00,300424,航新科技,15.74,-4.14,-0.68,96506.0,155330360.84,本地最近行情CSV
2026-07-06,2026-07-06T11:24:33+08:00,601633,长城汽车,15.71,2.21,0.34,153408.0,239821109.0,本地最近行情CSV
2026-07-06,2026-07-06T11:24:33+08:00,600955,维远股份,15.71,-0.63,-0.1,34422.0,54314438.0,本地最近行情CSV
2026-07-06,2026-07-06T11:24:33+08:00,300988,津荣天宇,15.71,-2.96,-0.48,37160.0,59405573.35,本地最近行情CSV
2026-07-06,2026-07-06T11:24:33+08:00,300977,深圳瑞捷,15.71,-2.24,-0.36,13680.0,21741328.0,本地最近行情CSV
2026-07-06,2026-07-06T11:24:33+08:00,300585,奥联电子,15.71,-6.15,-1.03,42116.0,67314897.0,本地最近行情CSV
2026-07-06,2026-07-06T11:24:33+08:00,688722,同益中,15.7,-2.91,-0.47,30226.0,48552431.0,本地最近行情CSV
2026-07-06,2026-07-06T11:24:33+08:00,603073,彩蝶实业,15.7,-1.26,-0.2,6770.0,10789271.0,本地最近行情CSV
2026-07-06,2026-07-06T11:24:33+08:00,002633,申科股份,15.7,-0.44,-0.07,16813.0,26480742.0,本地最近行情CSV
2026-07-06,2026-07-06T11:24:33+08:00,001278,一彬科技,15.7,-3.15,-0.51,14633.0,23621008.0,本地最近行情CSV
2026-07-06,2026-07-06T11:24:33+08:00,002006,精工科技,15.68,-1.13,-0.18,83829.0,132884314.4,本地最近行情CSV
2026-07-06,2026-07-06T11:24:33+08:00,301303,真兰仪表,15.67,-1.69,-0.27,39204.0,61832526.94,本地最近行情CSV
2026-07-06,2026-07-06T11:24:33+08:00,300641,正丹股份,15.67,-3.27,-0.53,66248.0,105782485.14,本地最近行情CSV
2026-07-06,2026-07-06T11:24:33+08:00,301187,欧圣电气,15.65,-1.63,-0.26,17840.0,28277485.4,本地最近行情CSV
2026-07-06,2026-07-06T11:24:33+08:00,300876,蒙泰高新,15.65,-2.98,-0.48,17543.0,28147534.65,本地最近行情CSV
2026-07-06,2026-07-06T11:24:33+08:00,300304,云意电气,15.65,-3.87,-0.63,252732.0,397707916.81,本地最近行情CSV
2026-07-06,2026-07-06T11:24:33+08:00,603191,望变电气,15.63,-1.2,-0.19,71229.0,114344992.0,本地最近行情CSV
2026-07-06,2026-07-06T11:24:33+08:00,688151,华强科技,15.61,-1.14,-0.18,12714.0,20075379.0,本地最近行情CSV
2026-07-06,2026-07-06T11:24:33+08:00,688026,洁特生物,15.61,1.43,0.22,27991.0,43598839.0,本地最近行情CSV
2026-07-06,2026-07-06T11:24:33+08:00,603368,柳药集团,15.61,0.19,0.03,22616.0,35192410.0,本地最近行情CSV
2026-07-06,2026-07-06T11:24:33+08:00,603201,常润股份,15.6,10.01,1.42,48927.0,74348810.0,本地最近行情CSV
2026-07-06,2026-07-06T11:24:33+08:00,300226,上海钢联,15.59,-1.83,-0.29,37717.0,59429276.67,本地最近行情CSV
2026-07-06,2026-07-06T11:24:33+08:00,300858,科拓生物,15.58,1.43,0.22,35434.0,55356916.8,本地最近行情CSV
2026-07-06,2026-07-06T11:24:33+08:00,603231,索宝蛋白,15.57,-1.39,-0.22,12412.0,19520939.0,本地最近行情CSV
2026-07-06,2026-07-06T11:24:33+08:00,301632,广东建科,15.57,-1.33,-0.21,10015.0,15768755.02,本地最近行情CSV
2026-07-06,2026-07-06T11:24:33+08:00,600602,云赛智联,15.55,-2.87,-0.46,120727.0,189494734.0,本地最近行情CSV
2026-07-06,2026-07-06T11:24:33+08:00,002020,京新药业,15.55,2.37,0.36,450655.0,679659989.91,本地最近行情CSV
2026-07-06,2026-07-06T11:24:33+08:00,600501,航天晨光,15.54,-4.84,-0.79,65060.0,103806163.0,本地最近行情CSV
2026-07-06,2026-07-06T11:24:33+08:00,600388,龙净环保,15.53,0.13,0.02,92796.0,145554042.0,本地最近行情CSV
2026-07-06,2026-07-06T11:24:33+08:00,002250,联化科技,15.53,-0.77,-0.12,196349.0,307418444.42,本地最近行情CSV
2026-07-06,2026-07-06T11:24:33+08:00,688030,山石网科,15.52,-3.96,-0.64,15129.0,23904752.0,本地最近行情CSV
2026-07-06,2026-07-06T11:24:33+08:00,300429,强力新材,15.52,-3.48,-0.56,230396.0,359295379.0,本地最近行情CSV
2026-07-06,2026-07-06T11:24:33+08:00,002890,弘宇股份,15.52,-2.57,-0.41,18055.0,28400200.0,本地最近行情CSV
2026-07-06,2026-07-06T11:24:33+08:00,688488,艾迪药业,15.51,9.23,1.31,153615.0,235337300.0,本地最近行情CSV
2026-07-06,2026-07-06T11:24:33+08:00,603858,步长制药,15.5,1.31,0.2,37602.0,58122407.0,本地最近行情CSV
2026-07-06,2026-07-06T11:24:33+08:00,300823,建科智能,15.5,0.58,0.09,27274.0,42589636.4,本地最近行情CSV
2026-07-06,2026-07-06T11:24:33+08:00,603381,永臻股份,15.49,-1.78,-0.28,31485.0,49546945.0,本地最近行情CSV
2026-07-06,2026-07-06T11:24:33+08:00,600768,宁波富邦,15.49,-1.71,-0.27,26392.0,41741900.0,本地最近行情CSV
2026-07-06,2026-07-06T11:24:33+08:00,301439,泓淋电力,15.49,-3.31,-0.53,68079.0,107585584.16,本地最近行情CSV
2026-07-06,2026-07-06T11:24:33+08:00,603915,国茂股份,15.48,-3.43,-0.55,140372.0,220916391.0,本地最近行情CSV
2026-07-06,2026-07-06T11:24:33+08:00,300922,天秦装备,15.48,-8.35,-1.41,69279.0,110720706.8,本地最近行情CSV
2026-07-06,2026-07-06T11:24:33+08:00,002569,*ST步森,15.48,-4.5,-0.73,16842.0,26187174.2,本地最近行情CSV
2026-07-06,2026-07-06T11:24:33+08:00,688299,长阳科技,15.44,-3.8,-0.61,46608.0,73403687.0,本地最近行情CSV
2026-07-06,2026-07-06T11:24:33+08:00,688244,永信至诚,15.42,1.72,0.26,27515.0,44457688.0,本地最近行情CSV
2026-07-06,2026-07-06T11:24:33+08:00,301408,华人健康,15.4,1.18,0.18,91061.0,140706944.6,本地最近行情CSV
2026-07-06,2026-07-06T11:24:33+08:00,300902,国安达,15.4,-3.21,-0.51,19195.0,30056709.0,本地最近行情CSV
2026-07-06,2026-07-06T11:24:33+08:00,300504,天邑股份,15.39,-4.05,-0.65,72624.0,112848368.0,本地最近行情CSV
2026-07-06,2026-07-06T11:24:33+08:00,688570,天玛智控,15.38,-0.71,-0.11,6357.0,9809707.0,本地最近行情CSV
2026-07-06,2026-07-06T11:24:33+08:00,300294,博雅生物,15.38,1.59,0.24,54185.0,83071709.34,本地最近行情CSV
2026-07-06,2026-07-06T11:24:33+08:00,002254,泰和新材,15.38,-7.79,-1.3,405847.0,647413328.01,本地最近行情CSV
2026-07-06,2026-07-06T11:24:33+08:00,605189,富春染织,15.37,-4.24,-0.68,291803.0,462870950.0,本地最近行情CSV
2026-07-06,2026-07-06T11:24:33+08:00,002866,传艺科技,15.35,-3.09,-0.49,42145.0,66066211.8,本地最近行情CSV
2026-07-06,2026-07-06T11:24:33+08:00,002755,奥赛康,15.35,1.39,0.21,145375.0,223028121.23,本地最近行情CSV
2026-07-06,2026-07-06T11:24:33+08:00,600592,龙溪股份,15.34,-4.84,-0.78,136646.0,214559514.0,本地最近行情CSV
2026-07-06,2026-07-06T11:24:33+08:00,688613,奥精医疗,15.33,0.07,0.01,15445.0,23757579.0,本地最近行情CSV
2026-07-06,2026-07-06T11:24:33+08:00,300667,必创科技,15.33,-4.84,-0.78,42684.0,66786401.0,本地最近行情CSV
2026-07-06,2026-07-06T11:24:33+08:00,300550,和仁科技,15.33,-3.1,-0.49,59273.0,91250865.04,本地最近行情CSV
2026-07-06,2026-07-06T11:24:33+08:00,002942,新农股份,15.33,1.52,0.23,11540.0,17738720.0,本地最近行情CSV
2026-07-06,2026-07-06T11:24:33+08:00,002508,老板电器,15.33,0.72,0.11,37497.0,57262733.0,本地最近行情CSV
2026-07-06,2026-07-06T11:24:33+08:00,600148,长春一东,15.31,-1.35,-0.21,10164.0,15687399.0,本地最近行情CSV
2026-07-06,2026-07-06T11:24:33+08:00,600933,爱柯迪,15.3,-0.58,-0.09,81502.0,125395450.0,本地最近行情CSV
2026-07-06,2026-07-06T11:24:33+08:00,601788,光大证券,15.29,2.34,0.35,553381.0,846978620.0,本地最近行情CSV
2026-07-06,2026-07-06T11:24:33+08:00,603185,弘元绿能,15.28,-1.86,-0.29,102591.0,160711293.0,本地最近行情CSV
2026-07-06,2026-07-06T11:24:33+08:00,301113,雅艺科技,15.26,-2.93,-0.46,11383.0,17675549.03,本地最近行情CSV
2026-07-06,2026-07-06T11:24:33+08:00,605007,五洲特纸,15.25,2.42,0.36,37671.0,57379056.0,本地最近行情CSV
2026-07-06,2026-07-06T11:24:33+08:00,600539,狮头股份,15.25,-9.39,-1.58,104664.0,164255309.0,本地最近行情CSV
2026-07-06,2026-07-06T11:24:33+08:00,002393,力生制药,15.25,0.99,0.15,30892.0,46997269.05,本地最近行情CSV
2026-07-06,2026-07-06T11:24:33+08:00,002379,宏桥控股,15.25,1.19,0.18,207727.0,320601381.87,本地最近行情CSV
2026-07-06,2026-07-06T11:24:33+08:00,301267,华厦眼科,15.23,0.59,0.09,31660.0,48310535.62,本地最近行情CSV
2026-07-06,2026-07-06T11:24:33+08:00,605183,确成股份,15.22,1.53,0.23,17307.0,26325021.0,本地最近行情CSV
2026-07-06,2026-07-06T11:24:33+08:00,688619,罗普特,15.21,-3.24,-0.51,23097.0,35646854.0,本地最近行情CSV
2026-07-06,2026-07-06T11:24:33+08:00,600926,杭州银行,15.21,1.4,0.21,224757.0,340751201.0,本地最近行情CSV
2026-07-06,2026-07-06T11:24:33+08:00,000818,航锦科技,15.21,4.32,0.63,412066.0,630763489.23,本地最近行情CSV
2026-07-06,2026-07-06T11:24:33+08:00,000703,恒逸石化,15.21,4.46,0.65,841031.0,1285910956.89,本地最近行情CSV
2026-07-06,2026-07-06T11:24:33+08:00,300773,拉卡拉,15.19,-2.63,-0.41,190303.0,291934819.62,本地最近行情CSV
2026-07-06,2026-07-06T11:24:33+08:00,300743,天地数码,15.19,-0.2,-0.03,15054.0,22998228.1,本地最近行情CSV
2026-07-06,2026-07-06T11:24:33+08:00,603000,人民网,15.18,-0.91,-0.14,52115.0,79778050.0,本地最近行情CSV
2026-07-06,2026-07-06T11:24:33+08:00,601717,中创智领,15.18,-0.59,-0.09,88923.0,135897252.0,本地最近行情CSV
2026-07-06,2026-07-06T11:24:33+08:00,603456,九洲药业,15.17,3.62,0.53,286992.0,432110282.0,本地最近行情CSV
2026-07-06,2026-07-06T11:24:33+08:00,603215,比依股份,15.16,1.07,0.16,9483.0,14298694.0,本地最近行情CSV
2026-07-06,2026-07-06T11:24:33+08:00,300413,芒果超媒,15.16,0.86,0.13,112782.0,171895415.21,本地最近行情CSV
2026-07-06,2026-07-06T11:24:33+08:00,603806,福斯特,15.15,-3.87,-0.61,248030.0,382188153.0,本地最近行情CSV
2026-07-06,2026-07-06T11:24:33+08:00,603178,圣龙股份,15.15,-3.38,-0.53,112248.0,174354794.0,本地最近行情CSV
2026-07-06,2026-07-06T11:24:33+08:00,002182,宝武镁业,15.15,-0.85,-0.13,476404.0,740639336.5,本地最近行情CSV
2026-07-06,2026-07-06T11:24:33+08:00,600410,华胜天成,15.14,-2.26,-0.35,304886.0,463949045.0,本地最近行情CSV
2026-07-06,2026-07-06T11:24:33+08:00,301100,风光股份,15.14,1.41,0.21,14266.0,22068636.9,本地最近行情CSV
2026-07-06,2026-07-06T11:24:33+08:00,300246,宝莱特,15.13,2.16,0.32,83524.0,127367394.09,本地最近行情CSV
2026-07-06,2026-07-06T11:24:33+08:00,002015,协鑫能科,15.13,-2.58,-0.4,330380.0,508312274.09,本地最近行情CSV
2026-07-06,2026-07-06T11:24:33+08:00,688289,圣湘生物,15.12,0.0,0.0,37049.0,55984722.0,本地最近行情CSV
2026-07-06,2026-07-06T11:24:33+08:00,300328,宜安科技,15.1,1.55,0.23,477743.0,730848254.62,本地最近行情CSV
2026-07-06,2026-07-06T11:24:33+08:00,688697,纽威数控,15.08,-2.27,-0.35,125331.0,190169841.0,本地最近行情CSV
2026-07-06,2026-07-06T11:24:33+08:00,603903,中持股份,15.08,6.57,0.93,337999.0,517616574.0,本地最近行情CSV
2026-07-06,2026-07-06T11:24:33+08:00,605228,神通科技,15.06,4.15,0.6,110933.0,165365329.0,本地最近行情CSV
2026-07-06,2026-07-06T11:24:33+08:00,300674,宇信科技,15.06,-2.27,-0.35,52623.0,80268161.0,本地最近行情CSV
2026-07-06,2026-07-06T11:24:33+08:00,002362,汉王科技,15.06,-3.15,-0.49,36338.0,55449319.62,本地最近行情CSV
2026-07-06,2026-07-06T11:24:33+08:00,688365,光云科技,15.05,-2.84,-0.44,55673.0,85514929.0,本地最近行情CSV
2026-07-06,2026-07-06T11:24:33+08:00,300653,正海生物,15.05,-0.07,-0.01,13610.0,20649854.0,本地最近行情CSV
2026-07-06,2026-07-06T11:24:33+08:00,002823,凯中精密,15.05,-2.34,-0.36,63262.0,95935175.0,本地最近行情CSV
2026-07-06,2026-07-06T11:24:33+08:00,603239,浙江仙通,15.04,-2.97,-0.46,39961.0,61160109.0,本地最近行情CSV
2026-07-06,2026-07-06T11:24:33+08:00,002576,通达动力,15.04,-3.22,-0.5,38416.0,58525341.77,本地最近行情CSV
2026-07-06,2026-07-06T11:24:33+08:00,600338,西藏珠峰,15.02,-0.13,-0.02,505744.0,778438697.0,本地最近行情CSV
2026-07-06,2026-07-06T11:24:33+08:00,300298,三诺生物,15.02,0.2,0.03,43317.0,65095519.0,本地最近行情CSV
2026-07-06,2026-07-06T11:24:33+08:00,300546,雄帝科技,15.01,-1.96,-0.3,14351.0,21824627.7,本地最近行情CSV
2026-07-06,2026-07-06T11:24:33+08:00,003006,百亚股份,15.01,0.6,0.09,35072.0,52502341.0,本地最近行情CSV
2026-07-06,2026-07-06T11:24:33+08:00,601177,杭齿前进,15.0,4.82,0.69,223498.0,327608933.0,本地最近行情CSV
2026-07-06,2026-07-06T11:24:33+08:00,002932,*ST明德,15.0,-0.6,-0.09,10759.0,16289752.13,本地最近行情CSV
2026-07-06,2026-07-06T11:24:33+08:00,001207,联科科技,15.0,-1.7,-0.26,23151.0,34983038.6,本地最近行情CSV
2026-07-06,2026-07-06T11:24:33+08:00,603103,横店影视,14.98,0.07,0.01,41463.0,62684829.0,本地最近行情CSV
2026-07-06,2026-07-06T11:24:33+08:00,688681,科汇股份,14.97,-1.45,-0.22,14067.0,21247237.0,本地最近行情CSV
2026-07-06,2026-07-06T11:24:33+08:00,688276,百克生物,14.97,0.88,0.13,20102.0,30237579.0,本地最近行情CSV
2026-07-06,2026-07-06T11:24:33+08:00,603716,塞力医疗,14.95,-0.27,-0.04,89793.0,135479825.0,本地最近行情CSV
2026-07-06,2026-07-06T11:24:33+08:00,002715,登云股份,14.94,1.43,0.21,72576.0,107872057.0,本地最近行情CSV
2026-07-06,2026-07-06T11:24:33+08:00,300277,汽轮科技,14.93,0.81,0.12,236218.0,364612042.28,本地最近行情CSV
2026-07-06,2026-07-06T11:24:33+08:00,600897,厦门空港,14.92,0.13,0.02,7769.0,11594535.0,本地最近行情CSV
2026-07-06,2026-07-06T11:24:33+08:00,300377,赢时胜,14.91,-3.24,-0.5,196880.0,299598941.39,本地最近行情CSV
2026-07-06,2026-07-06T11:24:33+08:00,600601,方正科技,14.9,-1.46,-0.22,2469383.0,3747202822.0,本地最近行情CSV
2026-07-06,2026-07-06T11:24:33+08:00,688658,悦康药业,14.88,-1.46,-0.22,168783.0,255567947.0,本地最近行情CSV
2026-07-06,2026-07-06T11:24:33+08:00,603029,天鹅股份,14.88,-1.13,-0.17,11587.0,17489257.0,本地最近行情CSV
2026-07-06,2026-07-06T11:24:33+08:00,603206,嘉环科技,14.87,-4.56,-0.71,48729.0,73538420.0,本地最近行情CSV
2026-07-06,2026-07-06T11:24:33+08:00,603519,立霸股份,14.86,-0.93,-0.14,34605.0,51346679.0,本地最近行情CSV
2026-07-06,2026-07-06T11:24:33+08:00,688512,慧智微-U,14.85,1.71,0.25,127798.0,189470152.0,本地最近行情CSV
2026-07-06,2026-07-06T11:24:33+08:00,600110,诺德股份,14.85,-5.71,-0.9,1629005.0,2519519032.0,本地最近行情CSV
2026-07-06,2026-07-06T11:24:33+08:00,001386,马可波罗,14.85,0.75,0.11,17870.0,26522982.94,本地最近行情CSV
2026-07-06,2026-07-06T11:24:33+08:00,000756,新华制药,14.85,2.48,0.36,175362.0,257287777.0,本地最近行情CSV
2026-07-06,2026-07-06T11:24:33+08:00,688562,航天软件,14.84,-4.63,-0.72,30392.0,46089396.0,本地最近行情CSV
2026-07-06,2026-07-06T11:24:33+08:00,601699,潞安环能,14.83,1.02,0.15,217495.0,323447722.0,本地最近行情CSV
2026-07-06,2026-07-06T11:24:33+08:00,301260,格力博,14.83,-4.08,-0.63,32427.0,49063396.07,本地最近行情CSV
2026-07-06,2026-07-06T11:24:33+08:00,600182,S佳通,14.8,0.61,0.09,34432.0,51055363.0,本地最近行情CSV
2026-07-06,2026-07-06T11:24:33+08:00,600749,西藏旅游,14.79,5.12,0.72,123797.0,185240911.0,本地最近行情CSV
2026-07-06,2026-07-06T11:24:33+08:00,300041,回天新材,14.79,1.58,0.23,456241.0,691172799.26,本地最近行情CSV
2026-07-06,2026-07-06T11:24:33+08:00,002690,美亚光电,14.79,0.07,0.01,38380.0,56998487.0,本地最近行情CSV
2026-07-06,2026-07-06T11:24:33+08:00,688186,广大特材,14.78,-4.09,-0.63,33560.0,50793291.0,本地最近行情CSV
2026-07-06,2026-07-06T11:24:33+08:00,603339,四方科技,14.77,3.21,0.46,79600.0,115989664.0,本地最近行情CSV
2026-07-06,2026-07-06T11:24:33+08:00,603180,金牌家居,14.77,-4.52,-0.7,8355.0,12572939.0,本地最近行情CSV
2026-07-06,2026-07-06T11:24:33+08:00,600021,上海电力,14.77,-1.2,-0.18,191087.0,285083162.0,本地最近行情CSV
2026-07-06,2026-07-06T11:24:33+08:00,300562,乐心医疗,14.75,-2.25,-0.34,94317.0,140301658.0,本地最近行情CSV
2026-07-06,2026-07-06T11:24:33+08:00,600850,电科数字,14.73,-1.54,-0.23,58196.0,86482517.0,本地最近行情CSV
2026-07-06,2026-07-06T11:24:33+08:00,601579,会稽山,14.72,-0.54,-0.08,38688.0,56907775.0,本地最近行情CSV
2026-07-06,2026-07-06T11:24:33+08:00,600531,豫光金铅,14.72,-3.41,-0.52,774376.0,1180384687.0,本地最近行情CSV
2026-07-06,2026-07-06T11:24:33+08:00,000985,大庆华科,14.72,-1.14,-0.17,7525.0,11216587.0,本地最近行情CSV
2026-07-06,2026-07-06T11:24:33+08:00,301081,严牌股份,14.71,-1.74,-0.26,25824.0,38857628.6,本地最近行情CSV
2026-07-06,2026-07-06T11:24:33+08:00,300897,山科智能,14.71,-2.19,-0.33,15328.0,22853781.6,本地最近行情CSV
2026-07-06,2026-07-06T11:24:33+08:00,688349,三一重能,14.7,-2.65,-0.4,72096.0,106901573.0,本地最近行情CSV
2026-07-06,2026-07-06T11:24:33+08:00,603135,中重科技,14.7,0.96,0.14,333582.0,487149366.0,本地最近行情CSV
2026-07-06,2026-07-06T11:24:33+08:00,300997,欢乐家,14.7,-0.34,-0.05,37022.0,54930367.1,本地最近行情CSV
2026-07-06,2026-07-06T11:24:33+08:00,300263,隆华科技,14.7,-4.05,-0.62,626569.0,939552217.93,本地最近行情CSV
2026-07-06,2026-07-06T11:24:33+08:00,603020,爱普股份,14.69,10.04,1.34,89926.0,129990512.0,本地最近行情CSV
2026-07-06,2026-07-06T11:24:33+08:00,301516,中远通,14.69,1.66,0.24,41982.0,61920382.85,本地最近行情CSV
2026-07-06,2026-07-06T11:24:33+08:00,300691,联合光电,14.68,-6.26,-0.98,60886.0,91858379.0,本地最近行情CSV
2026-07-06,2026-07-06T11:24:33+08:00,603977,国泰集团,14.67,-5.29,-0.82,184305.0,276473563.0,本地最近行情CSV
2026-07-06,2026-07-06T11:24:33+08:00,603223,恒通股份,14.67,3.67,0.52,312848.0,457504532.0,本地最近行情CSV
2026-07-06,2026-07-06T11:24:33+08:00,300528,幸福蓝海,14.67,-0.14,-0.02,56897.0,84193826.6,本地最近行情CSV
2026-07-06,2026-07-06T11:24:33+08:00,300252,金信诺,14.67,-4.43,-0.68,254712.0,383114463.3,本地最近行情CSV
2026-07-06,2026-07-06T11:24:33+08:00,605599,菜百股份,14.66,-1.08,-0.16,41075.0,60874935.0,本地最近行情CSV
2026-07-06,2026-07-06T11:24:33+08:00,600506,统一股份,14.66,1.1,0.16,43315.0,64035463.0,本地最近行情CSV
2026-07-06,2026-07-06T11:24:33+08:00,301185,鸥玛软件,14.66,-1.94,-0.29,10638.0,15714982.0,本地最近行情CSV
2026-07-06,2026-07-06T11:24:33+08:00,002845,同兴达,14.66,-5.66,-0.88,158040.0,237934559.2,本地最近行情CSV
2026-07-06,2026-07-06T11:24:33+08:00,301011,华立科技,14.65,-1.01,-0.15,18609.0,27986082.47,本地最近行情CSV
2026-07-06,2026-07-06T11:24:33+08:00,300697,电工合金,14.65,-2.98,-0.45,97151.0,145262011.07,本地最近行情CSV
2026-07-06,2026-07-06T11:24:33+08:00,002232,启明信息,14.64,-1.48,-0.22,33855.0,50278843.42,本地最近行情CSV
2026-07-06,2026-07-06T11:24:33+08:00,301602,超研股份,14.63,-0.54,-0.08,12806.0,18844844.64,本地最近行情CSV
2026-07-06,2026-07-06T11:24:33+08:00,601136,首创证券,14.62,-0.41,-0.06,79108.0,116554913.0,本地最近行情CSV
2026-07-06,2026-07-06T11:24:33+08:00,300829,金丹科技,14.61,2.03,0.29,33715.0,49777966.04,本地最近行情CSV
2026-07-06,2026-07-06T11:24:33+08:00,000099,中信海直,14.61,-0.75,-0.11,64174.0,94602000.5,本地最近行情CSV
2026-07-06,2026-07-06T11:24:33+08:00,300940,南极光,14.6,-4.26,-0.65,34016.0,50829859.54,本地最近行情CSV
2026-07-06,2026-07-06T11:24:33+08:00,002946,新乳业,14.6,-0.27,-0.04,34092.0,50101593.0,本地最近行情CSV
2026-07-06,2026-07-06T11:24:33+08:00,600619,海立股份,14.57,-0.07,-0.01,126102.0,184247838.0,本地最近行情CSV
2026-07-06,2026-07-06T11:24:33+08:00,300402,宝色股份,14.57,-3.25,-0.49,21664.0,32125767.0,本地最近行情CSV
2026-07-06,2026-07-06T11:24:33+08:00,300170,汉得信息,14.56,-3.06,-0.46,245137.0,363161367.94,本地最近行情CSV
2026-07-06,2026-07-06T11:24:33+08:00,003025,思进智能,14.56,-3.32,-0.5,70526.0,103348902.2,本地最近行情CSV
2026-07-06,2026-07-06T11:24:33+08:00,601026,道生天合,14.54,-2.48,-0.37,27446.0,40311480.0,本地最近行情CSV
2026-07-06,2026-07-06T11:24:33+08:00,300901,中胤时尚,14.54,-3.0,-0.45,12427.0,18289302.0,本地最近行情CSV
2026-07-06,2026-07-06T11:24:33+08:00,605018,长华集团,14.53,-2.61,-0.39,87985.0,129190604.0,本地最近行情CSV
2026-07-06,2026-07-06T11:24:33+08:00,603165,荣晟环保,14.51,-1.29,-0.19,91621.0,133138713.0,本地最近行情CSV
2026-07-06,2026-07-06T11:24:33+08:00,603282,亚光股份,14.49,-2.95,-0.44,8659.0,12812889.0,本地最近行情CSV
2026-07-06,2026-07-06T11:24:33+08:00,600674,川投能源,14.49,-0.62,-0.09,131620.0,190506112.0,本地最近行情CSV
2026-07-06,2026-07-06T11:24:33+08:00,601567,三星电气,14.48,-1.03,-0.15,106289.0,156887866.0,本地最近行情CSV
2026-07-06,2026-07-06T11:24:33+08:00,301158,德石股份,14.48,-1.83,-0.27,22486.0,32793135.8,本地最近行情CSV
2026-07-06,2026-07-06T11:24:33+08:00,300622,博士眼镜,14.48,-1.96,-0.29,32811.0,47804245.44,本地最近行情CSV
2026-07-06,2026-07-06T11:24:33+08:00,300925,法本信息,14.46,-1.83,-0.27,35556.0,51776855.61,本地最近行情CSV
2026-07-06,2026-07-06T11:24:33+08:00,603317,天味食品,14.45,2.92,0.41,98841.0,142149606.0,本地最近行情CSV
2026-07-06,2026-07-06T11:24:33+08:00,603798,康普顿,14.44,-5.12,-0.78,60169.0,89224183.0,本地最近行情CSV
2026-07-06,2026-07-06T11:24:33+08:00,300768,迪普科技,14.44,-1.77,-0.26,48374.0,70285174.86,本地最近行情CSV
2026-07-06,2026-07-06T11:24:33+08:00,603848,好太太,14.42,-0.83,-0.12,12792.0,18530936.0,本地最近行情CSV
2026-07-06,2026-07-06T11:24:33+08:00,002875,安奈儿,14.42,-2.83,-0.42,34955.0,51146947.35,本地最近行情CSV
2026-07-06,2026-07-06T11:24:33+08:00,301539,宏鑫科技,14.4,-2.7,-0.4,20433.0,29726980.0,本地最近行情CSV
2026-07-06,2026-07-06T11:24:33+08:00,300594,ST朗进,14.4,-2.7,-0.4,8685.0,12782659.0,本地最近行情CSV
2026-07-06,2026-07-06T11:24:33+08:00,001202,炬申股份,14.4,0.56,0.08,9427.0,13567273.3,本地最近行情CSV
2026-07-06,2026-07-06T11:24:33+08:00,603398,*ST沐邦,14.39,0.49,0.07,27966.0,40291133.0,本地最近行情CSV
2026-07-06,2026-07-06T11:24:33+08:00,600131,国网信通,14.39,-1.17,-0.17,46490.0,67121660.0,本地最近行情CSV
2026-07-06,2026-07-06T11:24:33+08:00,300250,初灵信息,14.39,-1.57,-0.23,29053.0,42280918.86,本地最近行情CSV
2026-07-06,2026-07-06T11:24:33+08:00,300181,佐力药业,14.39,1.55,0.22,177972.0,256787887.95,本地最近行情CSV
2026-07-06,2026-07-06T11:24:33+08:00,603937,丽岛新材,14.38,-2.11,-0.31,53563.0,77912079.0,本地最近行情CSV
2026-07-06,2026-07-06T11:24:33+08:00,605069,正和生态,14.37,-4.64,-0.7,36029.0,53275853.0,本地最近行情CSV
2026-07-06,2026-07-06T11:24:33+08:00,605365,立达信,14.36,-2.78,-0.41,19955.0,29297262.0,本地最近行情CSV
2026-07-06,2026-07-06T11:24:33+08:00,603585,苏利股份,14.35,-0.21,-0.03,19454.0,28131776.0,本地最近行情CSV
2026-07-06,2026-07-06T11:24:33+08:00,603232,格尔软件,14.35,-3.76,-0.56,35165.0,51314943.0,本地最近行情CSV
2026-07-06,2026-07-06T11:24:33+08:00,600771,广誉远,14.34,1.49,0.21,71470.0,102270843.0,本地最近行情CSV
2026-07-06,2026-07-06T11:24:33+08:00,600694,大商股份,14.34,1.34,0.19,23335.0,33257172.0,本地最近行情CSV
2026-07-06,2026-07-06T11:24:33+08:00,002214,*ST大立,14.34,-2.38,-0.35,20799.0,30225475.4,本地最近行情CSV
2026-07-06,2026-07-06T11:24:33+08:00,600535,天士力,14.33,2.36,0.33,117836.0,167329551.0,本地最近行情CSV
2026-07-06,2026-07-06T11:24:33+08:00,603896,寿仙谷,14.27,0.85,0.12,11702.0,16669594.0,本地最近行情CSV
2026-07-06,2026-07-06T11:24:33+08:00,600475,华光环能,14.27,-1.92,-0.28,53494.0,77371010.0,本地最近行情CSV
2026-07-06,2026-07-06T11:24:33+08:00,300447,全信股份,14.26,-5.69,-0.86,43219.0,63530637.7,本地最近行情CSV
2026-07-06,2026-07-06T11:24:33+08:00,002626,金达威,14.26,0.78,0.11,26748.0,38169561.0,本地最近行情CSV
2026-07-06,2026-07-06T11:24:33+08:00,002703,浙江世宝,14.24,-5.57,-0.84,218401.0,318952152.7,本地最近行情CSV
2026-07-06,2026-07-06T11:24:33+08:00,000429,粤高速Ａ,14.24,2.52,0.35,52430.0,74048848.99,本地最近行情CSV
2026-07-06,2026-07-06T11:24:33+08:00,603315,福鞍股份,14.23,-2.53,-0.37,42675.0,62091407.0,本地最近行情CSV
2026-07-06,2026-07-06T11:24:33+08:00,603788,宁波高发,14.22,-0.63,-0.09,7537.0,10779669.0,本地最近行情CSV
2026-07-06,2026-07-06T11:24:33+08:00,301535,浙江华远,14.22,-2.67,-0.39,22648.0,32669295.84,本地最近行情CSV
2026-07-06,2026-07-06T11:24:33+08:00,300535,达威股份,14.22,-1.59,-0.23,15866.0,22901018.0,本地最近行情CSV
2026-07-06,2026-07-06T11:24:33+08:00,603637,镇海股份,14.21,-2.4,-0.35,56148.0,80976834.0,本地最近行情CSV
2026-07-06,2026-07-06T11:24:33+08:00,002438,江苏神通,14.18,-1.87,-0.27,48125.0,69423841.78,本地最近行情CSV
2026-07-06,2026-07-06T11:24:33+08:00,002848,高斯贝尔,14.17,-1.39,-0.2,78455.0,111383832.0,本地最近行情CSV
2026-07-06,2026-07-06T11:24:33+08:00,001216,华瓷股份,14.15,-3.28,-0.48,17316.0,24952970.5,本地最近行情CSV
2026-07-06,2026-07-06T11:24:33+08:00,603096,新经典,14.14,-0.49,-0.07,7510.0,10631142.0,本地最近行情CSV
2026-07-06,2026-07-06T11:24:33+08:00,600129,太极集团,14.13,0.28,0.04,181231.0,255918537.0,本地最近行情CSV
2026-07-06,2026-07-06T11:24:33+08:00,300012,华测检测,14.13,0.5,0.07,297912.0,425991189.42,本地最近行情CSV
2026-07-06,2026-07-06T11:24:33+08:00,603273,天元智能,14.12,-0.35,-0.05,33617.0,47960358.0,本地最近行情CSV
2026-07-06,2026-07-06T11:24:33+08:00,603006,联明股份,14.12,-4.72,-0.7,51105.0,73470859.0,本地最近行情CSV
2026-07-06,2026-07-06T11:24:33+08:00,003013,地铁设计,14.12,-1.6,-0.23,21159.0,29870552.38,本地最近行情CSV
2026-07-06,2026-07-06T11:24:33+08:00,600360,华微电子,14.11,-5.68,-0.85,911103.0,1324270488.0,本地最近行情CSV
2026-07-06,2026-07-06T11:24:33+08:00,603348,文灿股份,14.1,-0.56,-0.08,11365.0,16130484.0,本地最近行情CSV
2026-07-06,2026-07-06T11:24:33+08:00,601702,华峰铝业,14.1,-0.84,-0.12,68669.0,98188303.0,本地最近行情CSV
2026-07-06,2026-07-06T11:24:33+08:00,002771,真视通,14.1,1.66,0.23,197033.0,277390632.99,本地最近行情CSV
2026-07-06,2026-07-06T11:24:33+08:00,603095,越剑智能,14.09,-4.47,-0.66,28632.0,41380653.0,本地最近行情CSV
2026-07-06,2026-07-06T11:24:33+08:00,601179,中国西电,14.09,-1.4,-0.2,665712.0,952008304.0,本地最近行情CSV
2026-07-06,2026-07-06T11:24:33+08:00,002879,长缆科技,14.09,2.18,0.3,61909.0,88955844.36,本地最近行情CSV
2026-07-06,2026-07-06T11:24:33+08:00,002602,世纪华通,14.09,4.68,0.63,1244097.0,1738864370.64,本地最近行情CSV
2026-07-06,2026-07-06T11:24:33+08:00,000422,湖北宜化,14.09,-0.7,-0.1,196414.0,278444790.98,本地最近行情CSV
2026-07-06,2026-07-06T11:24:33+08:00,001208,华菱线缆,14.08,-4.48,-0.66,139913.0,205261001.0,本地最近行情CSV
2026-07-06,2026-07-06T11:24:33+08:00,301268,铭利达,14.07,-3.5,-0.51,34316.0,49459553.0,本地最近行情CSV
2026-07-06,2026-07-06T11:24:33+08:00,603709,中源家居,14.06,-0.42,-0.06,11983.0,17065437.0,本地最近行情CSV
2026-07-06,2026-07-06T11:24:33+08:00,002984,森麒麟,14.06,3.15,0.43,97092.0,136196114.05,本地最近行情CSV
2026-07-06,2026-07-06T11:24:33+08:00,002735,王子新材,14.05,-5.13,-0.76,171583.0,247528644.0,本地最近行情CSV
2026-07-06,2026-07-06T11:24:33+08:00,600985,淮北矿业,14.04,-1.61,-0.23,233040.0,328945856.0,本地最近行情CSV
2026-07-06,2026-07-06T11:24:33+08:00,603367,辰欣药业,14.03,0.14,0.02,90138.0,127265552.0,本地最近行情CSV
2026-07-06,2026-07-06T11:24:33+08:00,300018,中元股份,14.03,-4.23,-0.62,558331.0,799160946.43,本地最近行情CSV
2026-07-06,2026-07-06T11:24:33+08:00,603213,镇洋发展,14.02,-0.71,-0.1,23441.0,32772433.0,本地最近行情CSV
2026-07-06,2026-07-06T11:24:33+08:00,301016,雷尔伟,14.01,-3.38,-0.49,21194.0,30419541.0,本地最近行情CSV
2026-07-06,2026-07-06T11:24:33+08:00,300650,太龙股份,14.01,0.43,0.06,139821.0,199235410.0,本地最近行情CSV
2026-07-06,2026-07-06T11:24:33+08:00,603898,好莱客,14.0,-6.79,-1.02,55648.0,80425406.0,本地最近行情CSV
2026-07-06,2026-07-06T11:24:33+08:00,600977,中国电影,14.0,1.08,0.15,273323.0,384384671.0,本地最近行情CSV
2026-07-06,2026-07-06T11:24:33+08:00,300549,优德精密,14.0,-8.5,-1.3,54168.0,78204335.22,本地最近行情CSV
2026-07-06,2026-07-06T11:24:33+08:00,300035,中科电气,13.99,-2.1,-0.3,114466.0,163143710.66,本地最近行情CSV
2026-07-06,2026-07-06T11:24:33+08:00,605378,野马电池,13.96,-2.31,-0.33,14940.0,21185017.0,本地最近行情CSV
2026-07-06,2026-07-06T11:24:33+08:00,300941,创识科技,13.95,-1.48,-0.21,16603.0,23489095.96,本地最近行情CSV
2026-07-06,2026-07-06T11:24:33+08:00,600449,宁夏建材,13.94,5.61,0.74,109275.0,148609376.0,本地最近行情CSV
2026-07-06,2026-07-06T11:24:33+08:00,601033,永兴股份,13.91,1.31,0.18,26483.0,36608366.0,本地最近行情CSV
2026-07-06,2026-07-06T11:24:33+08:00,600230,沧州大化,13.91,1.76,0.24,82097.0,115492669.0,本地最近行情CSV
2026-07-06,2026-07-06T11:24:33+08:00,603210,泰鸿万立,13.88,-0.93,-0.13,13717.0,19192744.0,本地最近行情CSV
2026-07-06,2026-07-06T11:24:33+08:00,603856,东宏股份,13.87,0.43,0.06,40775.0,56512927.0,本地最近行情CSV
2026-07-06,2026-07-06T11:24:33+08:00,601919,中远海控,13.87,1.09,0.15,458097.0,632262711.0,本地最近行情CSV
2026-07-06,2026-07-06T11:24:33+08:00,300397,天和防务,13.87,-1.63,-0.23,215571.0,308729376.98,本地最近行情CSV
2026-07-06,2026-07-06T11:24:33+08:00,603630,拉芳家化,13.86,-1.42,-0.2,37906.0,53055520.0,本地最近行情CSV
2026-07-06,2026-07-06T11:24:33+08:00,603036,如通股份,13.86,-2.87,-0.41,33872.0,47533363.0,本地最近行情CSV
2026-07-06,2026-07-06T11:24:33+08:00,300673,佩蒂股份,13.86,0.36,0.05,23186.0,32145274.0,本地最近行情CSV
2026-07-06,2026-07-06T11:24:33+08:00,603161,科华控股,13.85,-2.26,-0.32,24829.0,34690989.0,本地最近行情CSV
2026-07-06,2026-07-06T11:24:33+08:00,600855,航天长峰,13.85,-4.88,-0.71,96769.0,137490283.0,本地最近行情CSV
2026-07-06,2026-07-06T11:24:33+08:00,002169,智光电气,13.85,-0.14,-0.02,180591.0,254832588.78,本地最近行情CSV
2026-07-06,2026-07-06T11:24:33+08:00,600288,大恒科技,13.84,7.7,0.99,168137.0,228336073.0,本地最近行情CSV
2026-07-06,2026-07-06T11:24:33+08:00,002079,苏州固锝,13.84,-1.7,-0.24,290300.0,403458279.87,本地最近行情CSV
2026-07-06,2026-07-06T11:24:33+08:00,002017,东信和平,13.84,-3.35,-0.48,64605.0,91204675.86,本地最近行情CSV
2026-07-06,2026-07-06T11:24:33+08:00,001205,盛航股份,13.83,0.14,0.02,34580.0,47942606.19,本地最近行情CSV
2026-07-06,2026-07-06T11:24:33+08:00,603861,白云电器,13.82,10.03,1.26,180031.0,242981883.0,本地最近行情CSV
2026-07-06,2026-07-06T11:24:33+08:00,002258,利尔化学,13.82,0.51,0.07,146249.0,203841592.64,本地最近行情CSV
2026-07-06,2026-07-06T11:24:33+08:00,601198,东兴证券,13.79,0.07,0.01,131877.0,182503455.0,本地最近行情CSV
2026-07-06,2026-07-06T11:24:33+08:00,001222,源飞宠物,13.78,-1.29,-0.18,13453.0,18676114.0,本地最近行情CSV
2026-07-06,2026-07-06T11:24:33+08:00,300848,美瑞新材,13.77,-1.85,-0.26,22391.0,31235702.0,本地最近行情CSV
2026-07-06,2026-07-06T11:24:33+08:00,603725,天安新材,13.74,-1.15,-0.16,272098.0,371145444.0,本地最近行情CSV
2026-07-06,2026-07-06T11:24:33+08:00,300493,润欣科技,13.74,-3.03,-0.43,98367.0,136096413.5,本地最近行情CSV
2026-07-06,2026-07-06T11:24:33+08:00,300515,三德科技,13.71,-1.58,-0.22,16347.0,22634442.0,本地最近行情CSV
2026-07-06,2026-07-06T11:24:33+08:00,002907,华森制药,13.7,-0.51,-0.07,36815.0,50807763.0,本地最近行情CSV
2026-07-06,2026-07-06T11:24:33+08:00,603439,三力制药,13.69,1.63,0.22,80618.0,109564787.0,本地最近行情CSV
2026-07-06,2026-07-06T11:24:33+08:00,603025,大豪科技,13.67,-2.77,-0.39,67179.0,92545870.0,本地最近行情CSV
2026-07-06,2026-07-06T11:24:33+08:00,600888,新疆众和,13.66,-3.8,-0.54,584529.0,812878284.0,本地最近行情CSV
2026-07-06,2026-07-06T11:24:33+08:00,002945,华林证券,13.65,-0.44,-0.06,52600.0,72317151.0,本地最近行情CSV
2026-07-06,2026-07-06T11:24:33+08:00,002791,坚朗五金,13.65,-0.44,-0.06,23213.0,32005266.28,本地最近行情CSV
2026-07-06,2026-07-06T11:24:33+08:00,000506,招金黄金,13.65,-1.59,-0.22,877865.0,1231434823.84,本地最近行情CSV
2026-07-06,2026-07-06T11:24:33+08:00,300586,美联新材,13.64,-4.95,-0.71,281736.0,396069001.45,本地最近行情CSV
2026-07-06,2026-07-06T11:24:33+08:00,300484,蓝海华腾,13.63,-3.95,-0.56,41060.0,57319314.51,本地最近行情CSV
2026-07-06,2026-07-06T11:24:33+08:00,002350,北京科锐,13.63,0.22,0.03,87133.0,120438760.81,本地最近行情CSV
2026-07-06,2026-07-06T11:24:33+08:00,688553,汇宇制药-W,13.6,2.87,0.38,289367.0,390819242.0,本地最近行情CSV
2026-07-06,2026-07-06T11:24:33+08:00,603819,神力股份,13.6,10.03,1.24,130028.0,175380596.0,本地最近行情CSV
2026-07-06,2026-07-06T11:24:33+08:00,603766,隆鑫通用,13.6,5.75,0.74,184132.0,245405129.0,本地最近行情CSV
2026-07-06,2026-07-06T11:24:33+08:00,002951,金时科技,13.6,-0.8,-0.11,65574.0,92037431.0,本地最近行情CSV
2026-07-06,2026-07-06T11:24:33+08:00,603043,广州酒家,13.59,2.03,0.27,29367.0,39683624.0,本地最近行情CSV
2026-07-06,2026-07-06T11:24:33+08:00,600707,彩虹股份,13.59,-9.52,-1.43,2025604.0,2831629821.0,本地最近行情CSV
2026-07-06,2026-07-06T11:24:33+08:00,601163,三角轮胎,13.58,2.88,0.38,36635.0,49270470.0,本地最近行情CSV
2026-07-06,2026-07-06T11:24:33+08:00,000025,特  力Ａ,13.58,-2.3,-0.32,31790.0,43614187.93,本地最近行情CSV
2026-07-06,2026-07-06T11:24:33+08:00,000815,美利云,13.57,-2.09,-0.29,182823.0,250753417.41,本地最近行情CSV
2026-07-06,2026-07-06T11:24:33+08:00,603153,上海建科,13.56,0.82,0.11,8635.0,11681437.0,本地最近行情CSV
2026-07-06,2026-07-06T11:24:33+08:00,300224,正海磁材,13.56,-4.44,-0.63,297164.0,410603288.21,本地最近行情CSV
2026-07-06,2026-07-06T11:24:33+08:00,300797,钢研纳克,13.55,-3.08,-0.43,23836.0,32908253.0,本地最近行情CSV
2026-07-06,2026-07-06T11:24:33+08:00,600596,新安股份,13.54,1.8,0.24,596685.0,824744108.0,本地最近行情CSV
2026-07-06,2026-07-06T11:24:33+08:00,688315,诺禾致源,13.53,0.97,0.13,31400.0,42651315.0,本地最近行情CSV
2026-07-06,2026-07-06T11:24:33+08:00,300218,安利股份,13.53,2.11,0.28,49818.0,68117732.0,本地最近行情CSV
2026-07-06,2026-07-06T11:24:33+08:00,003005,竞业达,13.53,-0.59,-0.08,17131.0,23492673.92,本地最近行情CSV
2026-07-06,2026-07-06T11:24:33+08:00,600444,国机通用,13.52,-0.37,-0.05,12833.0,17517893.0,本地最近行情CSV
2026-07-06,2026-07-06T11:24:33+08:00,002275,桂林三金,13.52,2.66,0.35,26391.0,35453788.32,本地最近行情CSV
2026-07-06,2026-07-06T11:24:33+08:00,002452,长高电气,13.51,4.49,0.58,385503.0,519355053.13,本地最近行情CSV
2026-07-06,2026-07-06T11:24:33+08:00,301083,百胜智能,13.5,-2.17,-0.3,17489.0,24032541.0,本地最近行情CSV
2026-07-06,2026-07-06T11:24:33+08:00,300498,温氏股份,13.5,3.37,0.44,579993.0,780466048.84,本地最近行情CSV
2026-07-06,2026-07-06T11:24:33+08:00,002606,大连电瓷,13.5,0.15,0.02,126657.0,173113813.3,本地最近行情CSV
2026-07-06,2026-07-06T11:24:33+08:00,603499,翔港科技,13.49,-2.81,-0.39,32497.0,44309114.0,本地最近行情CSV
2026-07-06,2026-07-06T11:24:33+08:00,600847,万里股份,13.49,-0.81,-0.11,26070.0,35063702.0,本地最近行情CSV
2026-07-06,2026-07-06T11:24:33+08:00,300233,金城医药,13.49,1.28,0.17,87420.0,117990105.33,本地最近行情CSV
2026-07-06,2026-07-06T11:24:33+08:00,301311,昆船智能,13.48,-2.81,-0.39,14877.0,20422209.0,本地最近行情CSV
2026-07-06,2026-07-06T11:24:33+08:00,300929,华骐环保,13.47,8.11,1.01,76654.0,102050076.13,本地最近行情CSV
2026-07-06,2026-07-06T11:24:33+08:00,601881,中国银河,13.46,0.15,0.02,598842.0,811971897.0,本地最近行情CSV
2026-07-06,2026-07-06T11:24:33+08:00,002969,嘉美包装,13.46,-4.27,-0.6,205984.0,287384381.0,本地最近行情CSV
2026-07-06,2026-07-06T11:24:33+08:00,002527,新时达,13.46,-3.51,-0.49,158601.0,216881989.27,本地最近行情CSV
2026-07-06,2026-07-06T11:24:33+08:00,600886,国投电力,13.45,0.22,0.03,126654.0,169637122.0,本地最近行情CSV
2026-07-06,2026-07-06T11:24:33+08:00,301017,漱玉平民,13.45,0.67,0.09,41170.0,55714339.0,本地最近行情CSV
2026-07-06,2026-07-06T11:24:33+08:00,300752,隆利科技,13.45,-6.6,-0.95,86100.0,119303321.32,本地最近行情CSV
2026-07-06,2026-07-06T11:24:33+08:00,300142,沃森生物,13.45,1.89,0.25,756477.0,1023229280.01,本地最近行情CSV
2026-07-06,2026-07-06T11:24:33+08:00,003001,中岩大地,13.45,-2.04,-0.28,30845.0,42250153.82,本地最近行情CSV
2026-07-06,2026-07-06T11:24:33+08:00,688599,天合光能,13.44,-3.17,-0.44,211366.0,288558708.0,本地最近行情CSV
2026-07-06,2026-07-06T11:24:33+08:00,603138,海量数据,13.44,-3.03,-0.42,39771.0,54209576.0,本地最近行情CSV
2026-07-06,2026-07-06T11:24:33+08:00,603686,福龙马,13.43,-3.31,-0.46,111707.0,152325558.0,本地最近行情CSV
2026-07-06,2026-07-06T11:24:33+08:00,300590,移为通信,13.43,-4.89,-0.69,99797.0,137080222.19,本地最近行情CSV
2026-07-06,2026-07-06T11:24:33+08:00,300083,创世纪,13.43,-1.68,-0.23,735169.0,1005297706.05,本地最近行情CSV
2026-07-06,2026-07-06T11:24:33+08:00,603917,合力科技,13.42,1.67,0.22,34005.0,45744413.0,本地最近行情CSV
2026-07-06,2026-07-06T11:24:33+08:00,301109,军信股份,13.41,2.29,0.3,39437.0,52561065.95,本地最近行情CSV
2026-07-06,2026-07-06T11:24:33+08:00,002237,恒邦股份,13.41,-2.33,-0.32,325372.0,450546013.13,本地最近行情CSV
2026-07-06,2026-07-06T11:24:33+08:00,002196,方正电机,13.41,-4.15,-0.58,425762.0,577080210.18,本地最近行情CSV
2026-07-06,2026-07-06T11:24:33+08:00,300826,测绘股份,13.4,0.07,0.01,32347.0,43842247.6,本地最近行情CSV
2026-07-06,2026-07-06T11:24:33+08:00,605399,晨光新材,13.39,-0.45,-0.06,50605.0,69334231.0,本地最近行情CSV
2026-07-06,2026-07-06T11:24:33+08:00,605179,一鸣食品,13.38,0.07,0.01,10139.0,13595499.0,本地最近行情CSV
2026-07-06,2026-07-06T11:24:33+08:00,603586,金麒麟,13.38,-0.45,-0.06,12698.0,17066120.0,本地最近行情CSV
2026-07-06,2026-07-06T11:24:33+08:00,000830,鲁西化工,13.36,4.46,0.57,303831.0,403839090.0,本地最近行情CSV
2026-07-06,2026-07-06T11:24:33+08:00,000301,东方盛虹,13.36,6.45,0.81,798558.0,1066813328.13,本地最近行情CSV
2026-07-06,2026-07-06T11:24:33+08:00,600765,中航重机,13.35,-1.77,-0.24,112576.0,151493282.0,本地最近行情CSV
2026-07-06,2026-07-06T11:24:33+08:00,002159,三特索道,13.35,1.06,0.14,21782.0,29038402.0,本地最近行情CSV
2026-07-06,2026-07-06T11:24:33+08:00,000708,中信特钢,13.35,1.75,0.23,89598.0,119890711.82,本地最近行情CSV
2026-07-06,2026-07-06T11:24:33+08:00,603677,奇精机械,13.34,-2.27,-0.31,12990.0,17493030.0,本地最近行情CSV
2026-07-06,2026-07-06T11:24:33+08:00,688466,金科环境,13.33,-1.48,-0.2,8964.0,12077273.0,本地最近行情CSV
2026-07-06,2026-07-06T11:24:33+08:00,688132,邦彦技术,13.33,-2.42,-0.33,9197.0,12536316.0,本地最近行情CSV
2026-07-06,2026-07-06T11:24:33+08:00,002708,光洋股份,13.33,-2.63,-0.36,254610.0,345799681.42,本地最近行情CSV
2026-07-06,2026-07-06T11:24:33+08:00,002667,*ST威领,13.33,7.24,0.9,331423.0,430411647.64,本地最近行情CSV
2026-07-06,2026-07-06T11:24:33+08:00,002268,电科网安,13.33,-1.62,-0.22,64384.0,86360382.61,本地最近行情CSV
2026-07-06,2026-07-06T11:24:33+08:00,301125,腾亚精工,13.32,-6.92,-0.99,28711.0,39330525.62,本地最近行情CSV
2026-07-06,2026-07-06T11:24:33+08:00,300741,华宝股份,13.32,-1.62,-0.22,20249.0,27164953.0,本地最近行情CSV
2026-07-06,2026-07-06T11:24:33+08:00,002068,黑猫股份,13.32,-6.2,-0.88,326420.0,439588559.0,本地最近行情CSV
2026-07-06,2026-07-06T11:24:33+08:00,603209,兴通股份,13.31,-0.08,-0.01,19068.0,25411805.0,本地最近行情CSV
2026-07-06,2026-07-06T11:24:33+08:00,002772,众兴菌业,13.31,-4.11,-0.57,183715.0,242697279.0,本地最近行情CSV
2026-07-06,2026-07-06T11:24:33+08:00,002368,太极股份,13.31,-3.41,-0.47,75131.0,101221488.37,本地最近行情CSV
2026-07-06,2026-07-06T11:24:33+08:00,605299,舒华体育,13.3,-1.92,-0.26,81978.0,110318223.0,本地最近行情CSV
2026-07-06,2026-07-06T11:24:33+08:00,300229,拓尔思,13.28,-2.28,-0.31,105419.0,142259872.8,本地最近行情CSV
2026-07-06,2026-07-06T11:24:33+08:00,000737,北方铜业,13.28,-1.99,-0.27,321851.0,436237260.5,本地最近行情CSV
2026-07-06,2026-07-06T11:24:33+08:00,000559,万向钱潮,13.27,-6.68,-0.95,765312.0,1044150364.95,本地最近行情CSV
2026-07-06,2026-07-06T11:24:33+08:00,300847,中船汉光,13.26,-1.04,-0.14,12836.0,17169026.0,本地最近行情CSV
2026-07-06,2026-07-06T11:24:33+08:00,000973,佛塑科技,13.26,-3.63,-0.5,234622.0,318563838.69,本地最近行情CSV
2026-07-06,2026-07-06T11:24:33+08:00,600732,爱旭股份,13.24,-0.9,-0.12,189365.0,253226435.0,本地最近行情CSV
2026-07-06,2026-07-06T11:24:33+08:00,300479,神思电子,13.24,-2.86,-0.39,25201.0,33863871.32,本地最近行情CSV
2026-07-06,2026-07-06T11:24:33+08:00,001387,雪祺电气,13.24,-1.05,-0.14,66230.0,89440734.08,本地最近行情CSV
2026-07-06,2026-07-06T11:24:33+08:00,000922,佳电股份,13.23,-0.6,-0.08,121769.0,162893608.04,本地最近行情CSV
2026-07-06,2026-07-06T11:24:33+08:00,603237,五芳斋,13.22,0.15,0.02,7668.0,10128360.0,本地最近行情CSV
2026-07-06,2026-07-06T11:24:33+08:00,002800,天顺股份,13.22,-2.15,-0.29,20286.0,27448585.57,本地最近行情CSV
2026-07-06,2026-07-06T11:24:33+08:00,603166,福达股份,13.2,-7.3,-1.04,215303.0,293549321.0,本地最近行情CSV
2026-07-06,2026-07-06T11:24:33+08:00,605555,德昌股份,13.19,-3.72,-0.51,39627.0,53309345.0,本地最近行情CSV
2026-07-06,2026-07-06T11:24:33+08:00,600621,华鑫股份,13.19,-0.15,-0.02,54243.0,71722191.0,本地最近行情CSV
2026-07-06,2026-07-06T11:24:33+08:00,002106,莱宝高科,13.19,-9.84,-1.44,503164.0,684148563.19,本地最近行情CSV
2026-07-06,2026-07-06T11:24:33+08:00,002639,雪人集团,13.18,-3.37,-0.46,203279.0,273108908.44,本地最近行情CSV
2026-07-06,2026-07-06T11:24:33+08:00,600884,杉杉股份,13.15,0.61,0.08,434410.0,575363211.0,本地最近行情CSV
2026-07-06,2026-07-06T11:24:33+08:00,002862,实丰文化,13.14,-1.28,-0.17,23114.0,30710940.52,本地最近行情CSV
2026-07-06,2026-07-06T11:24:33+08:00,002732,燕塘乳业,13.14,1.0,0.13,11935.0,15681615.0,本地最近行情CSV
2026-07-06,2026-07-06T11:24:33+08:00,300947,德必集团,13.13,-1.8,-0.24,13739.0,18289348.0,本地最近行情CSV
2026-07-06,2026-07-06T11:24:33+08:00,605155,西大门,13.12,-3.24,-0.44,14810.0,19757774.0,本地最近行情CSV
2026-07-06,2026-07-06T11:24:33+08:00,300490,华自科技,13.12,0.08,0.01,114911.0,153298701.0,本地最近行情CSV
2026-07-06,2026-07-06T11:24:33+08:00,002361,神剑股份,13.12,-7.67,-1.09,1018505.0,1422322925.18,本地最近行情CSV
2026-07-06,2026-07-06T11:24:33+08:00,300962,中金辐照,13.11,0.46,0.06,11553.0,15143426.0,本地最近行情CSV
2026-07-06,2026-07-06T11:24:33+08:00,300121,阳谷华泰,13.11,-3.18,-0.43,213144.0,283959028.0,本地最近行情CSV
2026-07-06,2026-07-06T11:24:33+08:00,002698,博实股份,13.11,-4.59,-0.63,169997.0,224739905.68,本地最近行情CSV
2026-07-06,2026-07-06T11:24:33+08:00,301006,迈拓股份,13.1,-1.65,-0.22,10404.0,13820399.32,本地最近行情CSV
2026-07-06,2026-07-06T11:24:33+08:00,002559,亚威股份,13.1,-8.01,-1.14,938508.0,1258464673.29,本地最近行情CSV
2026-07-06,2026-07-06T11:24:33+08:00,001369,双欣材料,13.1,-1.58,-0.21,57067.0,75380368.67,本地最近行情CSV
2026-07-06,2026-07-06T11:24:33+08:00,603863,松炀资源,13.06,-3.97,-0.54,53469.0,70540898.0,本地最近行情CSV
2026-07-06,2026-07-06T11:24:33+08:00,300703,创源股份,13.06,-2.46,-0.33,32248.0,42951475.0,本地最近行情CSV
2026-07-06,2026-07-06T11:24:33+08:00,002007,华兰生物,13.06,1.4,0.18,91897.0,119687316.96,本地最近行情CSV
2026-07-06,2026-07-06T11:24:33+08:00,603916,苏博特,13.05,-1.06,-0.14,69493.0,91028586.0,本地最近行情CSV
2026-07-06,2026-07-06T11:24:33+08:00,002780,三夫户外,13.05,-0.53,-0.07,28430.0,37464890.25,本地最近行情CSV
2026-07-06,2026-07-06T11:24:33+08:00,688526,科前生物,13.04,0.0,0.0,10895.0,14244804.0,本地最近行情CSV
2026-07-06,2026-07-06T11:24:33+08:00,300389,艾比森,13.03,0.85,0.11,31563.0,40953096.08,本地最近行情CSV
2026-07-06,2026-07-06T11:24:33+08:00,002675,东诚药业,13.03,0.85,0.11,108459.0,141976817.66,本地最近行情CSV
2026-07-06,2026-07-06T11:24:33+08:00,300838,浙江力诺,13.02,-1.88,-0.25,22320.0,29459210.0,本地最近行情CSV
2026-07-06,2026-07-06T11:24:33+08:00,300341,麦克奥迪,13.02,-1.36,-0.18,42801.0,56269597.56,本地最近行情CSV
2026-07-06,2026-07-06T11:24:33+08:00,002457,青龙管业,13.02,1.8,0.23,167475.0,217709377.9,本地最近行情CSV
2026-07-06,2026-07-06T11:24:33+08:00,000007,全新好,13.0,7.44,0.9,131229.0,170464294.0,本地最近行情CSV
2026-07-06,2026-07-06T11:24:33+08:00,002465,海格通信,12.99,-0.08,-0.01,708972.0,935661292.08,本地最近行情CSV
2026-07-06,2026-07-06T11:24:33+08:00,002136,安 纳 达,12.99,0.0,0.0,56662.0,74829162.0,本地最近行情CSV
2026-07-06,2026-07-06T11:24:33+08:00,603305,旭升集团,12.98,-0.38,-0.05,238835.0,313947744.0,本地最近行情CSV
2026-07-06,2026-07-06T11:24:33+08:00,002095,生 意 宝,12.98,-0.99,-0.13,16211.0,21281408.85,本地最近行情CSV
2026-07-06,2026-07-06T11:24:33+08:00,300555,ST路通,12.97,-1.67,-0.22,5683.0,7393464.0,本地最近行情CSV
2026-07-06,2026-07-06T11:24:33+08:00,603877,太平鸟,12.95,1.57,0.2,9490.0,12273214.0,本地最近行情CSV
2026-07-06,2026-07-06T11:24:33+08:00,603214,爱婴室,12.95,-0.77,-0.1,11321.0,14748963.0,本地最近行情CSV
2026-07-06,2026-07-06T11:24:33+08:00,301198,喜悦智行,12.94,-2.27,-0.3,17148.0,22504458.48,本地最近行情CSV
2026-07-06,2026-07-06T11:24:33+08:00,300203,聚光科技,12.94,-1.22,-0.16,72835.0,94299538.21,本地最近行情CSV
2026-07-06,2026-07-06T11:24:33+08:00,001239,永达股份,12.94,-2.41,-0.32,14142.0,18515807.0,本地最近行情CSV
2026-07-06,2026-07-06T11:24:33+08:00,601898,中煤能源,12.93,2.05,0.26,291303.0,375912568.0,本地最近行情CSV
2026-07-06,2026-07-06T11:24:33+08:00,300501,海顺新材,12.92,-5.56,-0.76,45784.0,61716087.36,本地最近行情CSV
2026-07-06,2026-07-06T11:24:33+08:00,300730,科创信息,12.91,-3.08,-0.41,43455.0,56684944.78,本地最近行情CSV
2026-07-06,2026-07-06T11:24:33+08:00,300519,新光药业,12.91,0.78,0.1,15864.0,20505363.08,本地最近行情CSV
2026-07-06,2026-07-06T11:24:33+08:00,300564,筑博设计,12.9,-1.07,-0.14,16110.0,20756616.92,本地最近行情CSV
2026-07-06,2026-07-06T11:24:33+08:00,300642,透景生命,12.89,-0.46,-0.06,24962.0,32251059.68,本地最近行情CSV
2026-07-06,2026-07-06T11:24:33+08:00,002448,中原内配,12.88,4.63,0.57,181604.0,232292842.04,本地最近行情CSV
2026-07-06,2026-07-06T11:24:33+08:00,301559,中集环科,12.87,0.31,0.04,8928.0,11534699.0,本地最近行情CSV
2026-07-06,2026-07-06T11:24:33+08:00,002125,湘潭电化,12.86,-1.08,-0.14,206744.0,270755362.76,本地最近行情CSV
2026-07-06,2026-07-06T11:24:33+08:00,600078,澄星股份,12.85,1.1,0.14,258712.0,336739346.0,本地最近行情CSV
2026-07-06,2026-07-06T11:24:33+08:00,301167,建研设计,12.85,-1.15,-0.15,15528.0,20273639.0,本地最近行情CSV
2026-07-06,2026-07-06T11:24:33+08:00,300989,蕾奥规划,12.85,-1.68,-0.22,9905.0,12952692.32,本地最近行情CSV
2026-07-06,2026-07-06T11:24:33+08:00,000923,河钢资源,12.84,-0.39,-0.05,77922.0,101961903.0,本地最近行情CSV
2026-07-06,2026-07-06T11:24:33+08:00,603121,华培动力,12.81,-3.39,-0.45,68329.0,89817177.0,本地最近行情CSV
2026-07-06,2026-07-06T11:24:33+08:00,301229,纽泰格,12.81,-2.21,-0.29,19393.0,25236839.64,本地最近行情CSV
2026-07-06,2026-07-06T11:24:33+08:00,002078,太阳纸业,12.81,3.47,0.43,219582.0,280937459.69,本地最近行情CSV
2026-07-06,2026-07-06T11:24:33+08:00,000586,汇源通信,12.81,-3.47,-0.46,40615.0,53302232.68,本地最近行情CSV
2026-07-06,2026-07-06T11:24:33+08:00,603069,海汽集团,12.8,-1.61,-0.21,20707.0,26965932.0,本地最近行情CSV
2026-07-06,2026-07-06T11:24:33+08:00,600776,东方通信,12.8,-1.39,-0.18,106501.0,137254643.0,本地最近行情CSV
2026-07-06,2026-07-06T11:24:33+08:00,000609,*ST中迪,12.8,-0.93,-0.12,47491.0,61031382.06,本地最近行情CSV
2026-07-06,2026-07-06T11:24:33+08:00,002737,葵花药业,12.79,2.08,0.26,60768.0,77393338.0,本地最近行情CSV
2026-07-06,2026-07-06T11:24:33+08:00,000158,常山北明,12.79,-0.78,-0.1,116811.0,149785316.7,本地最近行情CSV
2026-07-06,2026-07-06T11:24:33+08:00,600927,永安期货,12.78,-0.7,-0.09,33658.0,43393288.0,本地最近行情CSV
2026-07-06,2026-07-06T11:24:33+08:00,600861,北京人力,12.78,1.43,0.18,15559.0,19851215.0,本地最近行情CSV
2026-07-06,2026-07-06T11:24:33+08:00,301320,豪江智能,12.78,-4.48,-0.6,22001.0,28579253.0,本地最近行情CSV
2026-07-06,2026-07-06T11:24:33+08:00,688219,会通股份,12.77,-4.56,-0.61,161634.0,210441312.0,本地最近行情CSV
2026-07-06,2026-07-06T11:24:33+08:00,603886,元祖股份,12.77,-2.59,-0.34,45214.0,57837631.0,本地最近行情CSV
2026-07-06,2026-07-06T11:24:33+08:00,600292,电投水电,12.77,2.32,0.29,122974.0,157016940.0,本地最近行情CSV
2026-07-06,2026-07-06T11:24:33+08:00,600216,浙江医药,12.77,3.91,0.48,286821.0,364601734.0,本地最近行情CSV
2026-07-06,2026-07-06T11:24:33+08:00,300694,蠡湖股份,12.77,7.31,0.87,130354.0,163992511.0,本地最近行情CSV
2026-07-06,2026-07-06T11:24:33+08:00,300894,火星人,12.75,2.41,0.3,121301.0,155545905.35,本地最近行情CSV
2026-07-06,2026-07-06T11:24:33+08:00,003042,中农联合,12.75,-0.55,-0.07,17317.0,22362666.0,本地最近行情CSV
2026-07-06,2026-07-06T11:24:33+08:00,301507,民生健康,12.74,1.68,0.21,32332.0,40946323.0,本地最近行情CSV
2026-07-06,2026-07-06T11:24:33+08:00,300713,英可瑞,12.74,-1.77,-0.23,20138.0,26126049.0,本地最近行情CSV
2026-07-06,2026-07-06T11:24:33+08:00,002171,楚江新材,12.74,-2.67,-0.35,592380.0,766325455.8,本地最近行情CSV
2026-07-06,2026-07-06T11:24:33+08:00,601058,赛轮轮胎,12.73,3.66,0.45,426712.0,539473156.0,本地最近行情CSV
2026-07-06,2026-07-06T11:24:33+08:00,600396,华电辽能,12.73,-3.56,-0.47,978674.0,1274919968.0,本地最近行情CSV
2026-07-06,2026-07-06T11:24:33+08:00,300963,中洲特材,12.73,-5.42,-0.73,81513.0,106151552.41,本地最近行情CSV
2026-07-06,2026-07-06T11:24:33+08:00,300961,深水海纳,12.73,4.17,0.51,122436.0,152622080.8,本地最近行情CSV
2026-07-06,2026-07-06T11:24:33+08:00,300058,蓝色光标,12.73,-3.56,-0.47,1656703.0,2157176343.77,本地最近行情CSV
2026-07-06,2026-07-06T11:24:33+08:00,300017,网宿科技,12.73,0.0,0.0,462753.0,591116316.15,本地最近行情CSV
2026-07-06,2026-07-06T11:24:33+08:00,603158,腾龙股份,12.72,7.43,0.88,314036.0,397975674.0,本地最近行情CSV
2026-07-06,2026-07-06T11:24:33+08:00,688085,三友医疗,12.7,-1.93,-0.25,36788.0,46977107.0,本地最近行情CSV
2026-07-06,2026-07-06T11:24:33+08:00,600773,西藏城投,12.7,-1.78,-0.23,144323.0,188720355.0,本地最近行情CSV
2026-07-06,2026-07-06T11:24:33+08:00,603927,中科软,12.69,-1.32,-0.17,54897.0,70135116.0,本地最近行情CSV
2026-07-06,2026-07-06T11:24:33+08:00,603730,岱美股份,12.69,-2.38,-0.31,252973.0,324425673.0,本地最近行情CSV
2026-07-06,2026-07-06T11:24:33+08:00,002439,启明星辰,12.69,-2.08,-0.27,137575.0,175987448.21,本地最近行情CSV
2026-07-06,2026-07-06T11:24:33+08:00,600557,康缘药业,12.68,-0.31,-0.04,62997.0,79732943.0,本地最近行情CSV
2026-07-06,2026-07-06T11:24:33+08:00,300206,理邦仪器,12.66,0.24,0.03,38751.0,49249309.82,本地最近行情CSV
2026-07-06,2026-07-06T11:24:33+08:00,603042,华脉科技,12.64,-4.75,-0.63,80006.0,102821082.0,本地最近行情CSV
2026-07-06,2026-07-06T11:24:33+08:00,300845,捷安高科,12.64,-1.25,-0.16,29914.0,37527182.16,本地最近行情CSV
2026-07-06,2026-07-06T11:24:33+08:00,300987,川网传媒,12.62,-1.87,-0.24,17270.0,22134237.0,本地最近行情CSV
2026-07-06,2026-07-06T11:24:33+08:00,300825,阿尔特,12.62,-3.15,-0.41,174384.0,226114194.48,本地最近行情CSV
2026-07-06,2026-07-06T11:24:33+08:00,300383,光环新网,12.62,-2.92,-0.38,355612.0,450977367.84,本地最近行情CSV
2026-07-06,2026-07-06T11:24:33+08:00,300003,乐普医疗,12.6,0.32,0.04,265496.0,334646277.35,本地最近行情CSV
2026-07-06,2026-07-06T11:24:33+08:00,002395,双象股份,12.6,0.32,0.04,38777.0,49171821.01,本地最近行情CSV
2026-07-06,2026-07-06T11:24:33+08:00,603118,共进股份,12.59,3.2,0.39,313932.0,381797361.0,本地最近行情CSV
2026-07-06,2026-07-06T11:24:33+08:00,600546,山煤国际,12.59,-0.55,-0.07,168467.0,213395001.0,本地最近行情CSV
2026-07-06,2026-07-06T11:24:33+08:00,600201,生物股份,12.58,2.19,0.27,289659.0,366124677.0,本地最近行情CSV
2026-07-06,2026-07-06T11:24:33+08:00,000885,城发环境,12.57,1.37,0.17,37218.0,46847913.84,本地最近行情CSV
2026-07-06,2026-07-06T11:24:33+08:00,301395,仁信新材,12.55,-5.57,-0.74,26171.0,33503653.8,本地最近行情CSV
2026-07-06,2026-07-06T11:24:33+08:00,300589,江龙船艇,12.55,0.0,0.0,148247.0,190044367.71,本地最近行情CSV
2026-07-06,2026-07-06T11:24:33+08:00,603693,江苏新能,12.53,-1.34,-0.17,39527.0,49900742.0,本地最近行情CSV
2026-07-06,2026-07-06T11:24:33+08:00,688590,新致软件,12.51,-2.04,-0.26,45067.0,56448873.0,本地最近行情CSV
2026-07-06,2026-07-06T11:24:33+08:00,603712,七一二,12.51,-3.55,-0.46,82112.0,104490530.0,本地最近行情CSV
2026-07-06,2026-07-06T11:24:33+08:00,300733,西菱动力,12.51,1.05,0.13,64098.0,82339709.2,本地最近行情CSV
2026-07-06,2026-07-06T11:24:33+08:00,603279,景津装备,12.5,0.24,0.03,36306.0,45735969.0,本地最近行情CSV
2026-07-06,2026-07-06T11:24:33+08:00,603922,ST金鸿顺,12.49,-7.48,-1.01,26896.0,35704331.0,本地最近行情CSV
2026-07-06,2026-07-06T11:24:33+08:00,601965,中国汽研,12.47,-0.56,-0.07,40009.0,50103779.0,本地最近行情CSV
2026-07-06,2026-07-06T11:24:33+08:00,301211,亨迪药业,12.47,2.05,0.25,187229.0,233413265.35,本地最近行情CSV
2026-07-06,2026-07-06T11:24:33+08:00,300452,山河药辅,12.47,0.08,0.01,34274.0,42902756.62,本地最近行情CSV
2026-07-06,2026-07-06T11:24:33+08:00,000902,新洋丰,12.47,1.71,0.21,104909.0,130727890.13,本地最近行情CSV
2026-07-06,2026-07-06T11:24:33+08:00,603739,蔚蓝生物,12.46,0.89,0.11,19810.0,24735555.0,本地最近行情CSV
2026-07-06,2026-07-06T11:24:33+08:00,601696,中银证券,12.46,-1.5,-0.19,399030.0,501864866.0,本地最近行情CSV
2026-07-06,2026-07-06T11:24:33+08:00,300270,中威电子,12.46,-5.89,-0.78,109870.0,139807627.2,本地最近行情CSV
2026-07-06,2026-07-06T11:24:33+08:00,300222,科大智能,12.46,-6.32,-0.84,266760.0,341461148.14,本地最近行情CSV
2026-07-06,2026-07-06T11:24:33+08:00,002722,物产金轮,12.46,0.48,0.06,24613.0,30844827.0,本地最近行情CSV
2026-07-06,2026-07-06T11:24:33+08:00,002713,*ST东易,12.46,-2.58,-0.33,67589.0,84650541.84,本地最近行情CSV
2026-07-06,2026-07-06T11:24:33+08:00,000920,沃顿科技,12.43,-7.24,-0.97,193168.0,247175457.7,本地最近行情CSV
2026-07-06,2026-07-06T11:24:33+08:00,300238,冠昊生物,12.42,1.22,0.15,67693.0,84599195.24,本地最近行情CSV
2026-07-06,2026-07-06T11:24:33+08:00,601012,隆基绿能,12.41,-1.12,-0.14,657207.0,820887084.0,本地最近行情CSV
2026-07-06,2026-07-06T11:24:33+08:00,600995,南网储能,12.41,1.31,0.16,107022.0,132477070.0,本地最近行情CSV
2026-07-06,2026-07-06T11:24:33+08:00,600587,新华医疗,12.41,-0.08,-0.01,40078.0,49766919.0,本地最近行情CSV
2026-07-06,2026-07-06T11:24:33+08:00,002023,海特高新,12.41,-2.28,-0.29,199694.0,250564905.98,本地最近行情CSV
2026-07-06,2026-07-06T11:24:33+08:00,600352,浙江龙盛,12.4,2.65,0.32,448020.0,558312935.0,本地最近行情CSV
2026-07-06,2026-07-06T11:24:33+08:00,002216,三全食品,12.4,1.72,0.21,53395.0,65750947.95,本地最近行情CSV
2026-07-06,2026-07-06T11:24:33+08:00,000695,滨海能源,12.4,-2.05,-0.26,42286.0,52892643.0,本地最近行情CSV
2026-07-06,2026-07-06T11:24:33+08:00,688176,亚虹医药-U,12.39,9.94,1.12,242410.0,299091417.0,本地最近行情CSV
2026-07-06,2026-07-06T11:24:33+08:00,301180,万祥科技,12.39,-4.55,-0.59,33151.0,41848242.0,本地最近行情CSV
2026-07-06,2026-07-06T11:24:33+08:00,600161,天坛生物,12.38,1.64,0.2,120918.0,148970908.0,本地最近行情CSV
2026-07-06,2026-07-06T11:24:33+08:00,300583,赛托生物,12.38,0.9,0.11,31974.0,39778743.8,本地最近行情CSV
2026-07-06,2026-07-06T11:24:33+08:00,688225,亚信安全,12.37,-1.04,-0.13,20875.0,26001086.0,本地最近行情CSV
2026-07-06,2026-07-06T11:24:33+08:00,603511,爱慕股份,12.37,0.81,0.1,9720.0,11975181.0,本地最近行情CSV
2026-07-06,2026-07-06T11:24:33+08:00,300235,方直科技,12.36,-4.92,-0.64,45838.0,57915583.0,本地最近行情CSV
2026-07-06,2026-07-06T11:24:33+08:00,002986,宇新股份,12.36,1.48,0.18,46310.0,57466870.4,本地最近行情CSV
2026-07-06,2026-07-06T11:24:33+08:00,002174,游族网络,12.36,0.24,0.03,223459.0,278954686.12,本地最近行情CSV
2026-07-06,2026-07-06T11:24:33+08:00,603070,万控智造,12.35,-4.85,-0.63,38155.0,48532432.0,本地最近行情CSV
2026-07-06,2026-07-06T11:24:33+08:00,002414,高德红外,12.34,-2.53,-0.32,413490.0,524811728.98,本地最近行情CSV
2026-07-06,2026-07-06T11:24:33+08:00,002271,东方雨虹,12.33,0.24,0.03,241247.0,298714159.39,本地最近行情CSV
2026-07-06,2026-07-06T11:24:33+08:00,000682,东方电子,12.33,-0.24,-0.03,187306.0,234618257.39,本地最近行情CSV
2026-07-06,2026-07-06T11:24:33+08:00,002082,ST万邦,12.32,6.3,0.73,169498.0,210323613.84,本地最近行情CSV
2026-07-06,2026-07-06T11:24:33+08:00,600756,浪潮软件,12.31,-2.15,-0.27,29148.0,36335158.0,本地最近行情CSV
2026-07-06,2026-07-06T11:24:33+08:00,001219,青岛食品,12.3,0.33,0.04,12070.0,14877541.9,本地最近行情CSV
2026-07-06,2026-07-06T11:24:33+08:00,600203,福日电子,12.28,-4.21,-0.54,290553.0,363753348.0,本地最近行情CSV
2026-07-06,2026-07-06T11:24:33+08:00,002199,*ST东晶,12.28,-4.73,-0.61,42732.0,54496588.0,本地最近行情CSV
2026-07-06,2026-07-06T11:24:33+08:00,301037,保立佳,12.25,-2.7,-0.34,13321.0,16705212.06,本地最近行情CSV
2026-07-06,2026-07-06T11:24:33+08:00,002670,国盛证券,12.25,-0.97,-0.12,199235.0,246325259.52,本地最近行情CSV
2026-07-06,2026-07-06T11:24:33+08:00,603182,嘉华股份,12.24,0.41,0.05,7622.0,9374614.0,本地最近行情CSV
2026-07-06,2026-07-06T11:24:33+08:00,002982,湘佳股份,12.24,1.49,0.18,43299.0,52936160.12,本地最近行情CSV
2026-07-06,2026-07-06T11:24:33+08:00,002493,荣盛石化,12.24,4.79,0.56,655519.0,802966584.28,本地最近行情CSV
2026-07-06,2026-07-06T11:24:33+08:00,301298,东利机械,12.23,-1.37,-0.17,17093.0,21136807.98,本地最近行情CSV
2026-07-06,2026-07-06T11:24:33+08:00,300122,智飞生物,12.23,0.49,0.06,201714.0,248299088.78,本地最近行情CSV
2026-07-06,2026-07-06T11:24:33+08:00,688007,光峰科技,12.2,-5.86,-0.76,72724.0,90285405.0,本地最近行情CSV
2026-07-06,2026-07-06T11:24:33+08:00,600686,金龙汽车,12.2,-0.65,-0.08,88907.0,109130585.0,本地最近行情CSV
2026-07-06,2026-07-06T11:24:33+08:00,301256,华融化学,12.2,-1.45,-0.18,50483.0,61926570.27,本地最近行情CSV
2026-07-06,2026-07-06T11:24:33+08:00,688184,ST帕瓦,12.19,-0.08,-0.01,8656.0,10678171.0,本地最近行情CSV
2026-07-06,2026-07-06T11:24:33+08:00,600377,宁沪高速,12.19,1.5,0.18,63960.0,77470725.0,本地最近行情CSV
2026-07-06,2026-07-06T11:24:33+08:00,605008,长鸿高科,12.18,3.22,0.38,30482.0,37040044.0,本地最近行情CSV
2026-07-06,2026-07-06T11:24:33+08:00,605180,华生科技,12.17,-1.46,-0.18,12057.0,14853020.0,本地最近行情CSV
2026-07-06,2026-07-06T11:24:33+08:00,603187,海容冷链,12.17,0.0,0.0,22547.0,27411848.0,本地最近行情CSV
2026-07-06,2026-07-06T11:24:33+08:00,605339,南侨食品,12.16,-1.14,-0.14,9090.0,11185395.0,本地最近行情CSV
2026-07-06,2026-07-06T11:24:33+08:00,601038,一拖股份,12.16,1.5,0.18,65223.0,78639755.0,本地最近行情CSV
2026-07-06,2026-07-06T11:24:33+08:00,301088,戎美股份,12.16,-0.73,-0.09,7818.0,9569510.0,本地最近行情CSV
2026-07-06,2026-07-06T11:24:33+08:00,002777,久远银海,12.16,-1.62,-0.2,26642.0,32669077.0,本地最近行情CSV
2026-07-06,2026-07-06T11:24:33+08:00,603997,继峰股份,12.15,-1.3,-0.16,74787.0,92212371.0,本地最近行情CSV
2026-07-06,2026-07-06T11:24:33+08:00,603309,维力医疗,12.15,0.25,0.03,24038.0,29204661.0,本地最近行情CSV
2026-07-06,2026-07-06T11:24:33+08:00,300675,建科院,12.15,-1.62,-0.2,11689.0,14381633.0,本地最近行情CSV
2026-07-06,2026-07-06T11:24:33+08:00,300384,三联虹普,12.15,-0.08,-0.01,15138.0,18400724.3,本地最近行情CSV
2026-07-06,2026-07-06T11:24:33+08:00,688707,振华新材,12.14,-2.88,-0.36,61833.0,76899170.0,本地最近行情CSV
2026-07-06,2026-07-06T11:24:33+08:00,603328,依顿电子,12.14,1.0,0.12,134354.0,163203193.0,本地最近行情CSV
2026-07-06,2026-07-06T11:24:33+08:00,300444,双杰电气,12.12,-1.78,-0.22,241620.0,301488037.0,本地最近行情CSV
2026-07-06,2026-07-06T11:24:33+08:00,002867,周大生,12.12,1.17,0.14,33527.0,40484617.71,本地最近行情CSV
2026-07-06,2026-07-06T11:24:33+08:00,603558,健盛集团,12.11,1.59,0.19,38318.0,45991330.0,本地最近行情CSV
2026-07-06,2026-07-06T11:24:33+08:00,002164,宁波东力,12.11,-6.2,-0.8,173219.0,213499228.06,本地最近行情CSV
2026-07-06,2026-07-06T11:24:33+08:00,603587,地素时尚,12.1,2.2,0.26,10781.0,12920790.0,本地最近行情CSV
2026-07-06,2026-07-06T11:24:33+08:00,000801,四川九洲,12.1,-2.42,-0.3,138883.0,169789467.94,本地最近行情CSV
2026-07-06,2026-07-06T11:24:33+08:00,000722,湖南发展,12.09,2.03,0.24,101152.0,122552641.54,本地最近行情CSV
2026-07-06,2026-07-06T11:24:33+08:00,603170,宝立食品,12.08,2.2,0.26,20111.0,23960915.0,本地最近行情CSV
2026-07-06,2026-07-06T11:24:33+08:00,603466,风语筑,12.07,3.78,0.44,1057555.0,1331474644.0,本地最近行情CSV
2026-07-06,2026-07-06T11:24:33+08:00,002057,中钢天源,12.07,-3.67,-0.46,223520.0,277615042.89,本地最近行情CSV
2026-07-06,2026-07-06T11:24:33+08:00,603668,天马科技,12.05,-5.04,-0.64,48750.0,60320476.0,本地最近行情CSV
2026-07-06,2026-07-06T11:24:33+08:00,000155,川能动力,12.05,0.33,0.04,241918.0,295391769.25,本地最近行情CSV
2026-07-06,2026-07-06T11:24:33+08:00,605108,同庆楼,12.04,0.84,0.1,13766.0,16604133.0,本地最近行情CSV
2026-07-06,2026-07-06T11:24:33+08:00,002910,庄园牧场,12.03,8.28,0.92,235113.0,274709802.94,本地最近行情CSV
2026-07-06,2026-07-06T11:24:33+08:00,600350,山东高速,12.02,1.26,0.15,42397.0,50308408.0,本地最近行情CSV
2026-07-06,2026-07-06T11:24:33+08:00,688327,云从科技-UW,12.01,-3.38,-0.42,173588.0,209958020.0,本地最近行情CSV
2026-07-06,2026-07-06T11:24:33+08:00,603079,圣达生物,12.01,0.08,0.01,22236.0,26781888.0,本地最近行情CSV
2026-07-06,2026-07-06T11:24:33+08:00,300645,正元智慧,12.01,-2.28,-0.28,25050.0,30564157.0,本地最近行情CSV
2026-07-06,2026-07-06T11:24:33+08:00,605188,国光连锁,12.0,-0.74,-0.09,15573.0,18874575.0,本地最近行情CSV
2026-07-06,2026-07-06T11:24:33+08:00,300052,中青宝,11.99,-1.56,-0.19,110662.0,134836027.0,本地最近行情CSV
2026-07-06,2026-07-06T11:24:33+08:00,002612,朗姿股份,11.99,0.59,0.07,29162.0,35103001.4,本地最近行情CSV
2026-07-06,2026-07-06T11:24:33+08:00,000810,创维数字,11.99,-7.13,-0.92,210871.0,260160635.72,本地最近行情CSV
2026-07-06,2026-07-06T11:24:33+08:00,603696,安记食品,11.98,-1.64,-0.2,19552.0,23635422.0,本地最近行情CSV
2026-07-06,2026-07-06T11:24:33+08:00,300084,海默科技,11.97,-0.91,-0.11,59701.0,71382070.0,本地最近行情CSV
2026-07-06,2026-07-06T11:24:33+08:00,600737,中粮糖业,11.96,1.36,0.16,275685.0,331181834.0,本地最近行情CSV
2026-07-06,2026-07-06T11:24:33+08:00,300601,康泰生物,11.96,1.01,0.12,148409.0,177972979.8,本地最近行情CSV
2026-07-06,2026-07-06T11:24:33+08:00,603107,上海汽配,11.93,-0.08,-0.01,8532.0,10181247.0,本地最近行情CSV
2026-07-06,2026-07-06T11:24:33+08:00,300772,运达股份,11.93,-2.13,-0.26,123211.0,149553534.66,本地最近行情CSV
2026-07-06,2026-07-06T11:24:33+08:00,000948,南天信息,11.92,-1.0,-0.12,22554.0,27110051.5,本地最近行情CSV
2026-07-06,2026-07-06T11:24:33+08:00,600629,华建集团,11.91,-3.64,-0.45,111894.0,135400610.0,本地最近行情CSV
2026-07-06,2026-07-06T11:24:33+08:00,002835,同为股份,11.91,-1.0,-0.12,14007.0,16830263.0,本地最近行情CSV
2026-07-06,2026-07-06T11:24:33+08:00,003015,日久光电,11.9,-2.46,-0.3,58016.0,69353233.0,本地最近行情CSV
2026-07-06,2026-07-06T11:24:33+08:00,301059,金三江,11.88,0.42,0.05,30958.0,37302750.0,本地最近行情CSV
2026-07-06,2026-07-06T11:24:33+08:00,603258,电魂网络,11.87,-2.22,-0.27,18361.0,22132531.0,本地最近行情CSV
2026-07-06,2026-07-06T11:24:33+08:00,300758,七彩化学,11.87,-1.33,-0.16,56118.0,67798678.0,本地最近行情CSV
2026-07-06,2026-07-06T11:24:33+08:00,000719,中原传媒,11.86,4.4,0.5,42506.0,49879719.35,本地最近行情CSV
2026-07-06,2026-07-06T11:24:33+08:00,300360,炬华科技,11.85,-1.66,-0.2,31266.0,37413667.92,本地最近行情CSV
2026-07-06,2026-07-06T11:24:33+08:00,000837,秦川机床,11.83,-4.83,-0.6,295537.0,355781913.81,本地最近行情CSV
2026-07-06,2026-07-06T11:24:33+08:00,603212,赛伍技术,11.82,-4.91,-0.61,109244.0,132899014.0,本地最近行情CSV
2026-07-06,2026-07-06T11:24:33+08:00,300171,东富龙,11.82,0.08,0.01,89414.0,106430718.8,本地最近行情CSV
2026-07-06,2026-07-06T11:24:33+08:00,300092,科新机电,11.82,-2.48,-0.3,24229.0,29151863.0,本地最近行情CSV
2026-07-06,2026-07-06T11:24:33+08:00,603238,诺邦股份,11.81,-0.59,-0.07,13424.0,15995494.0,本地最近行情CSV
2026-07-06,2026-07-06T11:24:33+08:00,300839,博汇股份,11.8,-1.17,-0.14,28683.0,33924682.66,本地最近行情CSV
2026-07-06,2026-07-06T11:24:33+08:00,603711,香飘飘,11.79,0.34,0.04,27224.0,32191885.0,本地最近行情CSV
2026-07-06,2026-07-06T11:24:33+08:00,000819,岳阳兴长,11.79,-1.09,-0.13,24308.0,28983318.0,本地最近行情CSV
2026-07-06,2026-07-06T11:24:33+08:00,603221,爱丽家居,11.78,9.99,1.07,75232.0,85319236.0,本地最近行情CSV
2026-07-06,2026-07-06T11:24:33+08:00,600258,首旅酒店,11.78,2.17,0.25,116133.0,135559519.0,本地最近行情CSV
2026-07-06,2026-07-06T11:24:33+08:00,301066,万事利,11.78,-3.84,-0.47,27020.0,32328808.0,本地最近行情CSV
2026-07-06,2026-07-06T11:24:33+08:00,002403,爱仕达,11.78,9.99,1.07,67515.0,77967194.4,本地最近行情CSV
2026-07-06,2026-07-06T11:24:33+08:00,600186,莲花控股,11.77,-0.42,-0.05,891835.0,1060129774.0,本地最近行情CSV
2026-07-06,2026-07-06T11:24:33+08:00,002725,跃岭股份,11.77,-4.7,-0.58,63401.0,76512657.42,本地最近行情CSV
2026-07-06,2026-07-06T11:24:33+08:00,002889,东方嘉盛,11.76,4.26,0.48,39051.0,45411166.27,本地最近行情CSV
2026-07-06,2026-07-06T11:24:33+08:00,603071,物产环能,11.74,0.6,0.07,10708.0,12566785.0,本地最近行情CSV
2026-07-06,2026-07-06T11:24:33+08:00,300582,英飞特,11.74,-2.73,-0.33,58779.0,70101233.24,本地最近行情CSV
2026-07-06,2026-07-06T11:24:33+08:00,600295,鄂尔多斯,11.73,0.69,0.08,60565.0,71476085.0,本地最近行情CSV
2026-07-06,2026-07-06T11:24:33+08:00,300406,九强生物,11.73,1.65,0.19,35122.0,41050008.26,本地最近行情CSV
2026-07-06,2026-07-06T11:24:33+08:00,603151,邦基科技,11.72,0.6,0.07,28323.0,33723927.0,本地最近行情CSV
2026-07-06,2026-07-06T11:24:33+08:00,300822,贝仕达克,11.69,-3.23,-0.39,16883.0,20099328.96,本地最近行情CSV
2026-07-06,2026-07-06T11:24:33+08:00,002789,*ST建艺,11.69,-0.43,-0.05,11864.0,13894461.0,本地最近行情CSV
2026-07-06,2026-07-06T11:24:33+08:00,002401,中远海科,11.69,-1.93,-0.23,18149.0,21449121.0,本地最近行情CSV
2026-07-06,2026-07-06T11:24:33+08:00,688560,明冠新材,11.68,-2.99,-0.36,28571.0,34160740.0,本地最近行情CSV
2026-07-06,2026-07-06T11:24:33+08:00,300434,金石亚药,11.68,2.37,0.27,339313.0,398963703.15,本地最近行情CSV
2026-07-06,2026-07-06T11:24:33+08:00,002705,新宝股份,11.68,0.52,0.06,45266.0,52846063.68,本地最近行情CSV
2026-07-06,2026-07-06T11:24:33+08:00,688296,和达科技,11.67,-0.85,-0.1,21351.0,25146221.0,本地最近行情CSV
2026-07-06,2026-07-06T11:24:33+08:00,600438,通威股份,11.67,-1.1,-0.13,388230.0,460216271.0,本地最近行情CSV
2026-07-06,2026-07-06T11:24:33+08:00,002624,完美世界,11.67,0.43,0.05,574314.0,673789443.9,本地最近行情CSV
2026-07-06,2026-07-06T11:24:33+08:00,603883,老百姓,11.66,1.66,0.19,69207.0,80183075.0,本地最近行情CSV
2026-07-06,2026-07-06T11:24:33+08:00,601101,昊华能源,11.65,2.19,0.25,194185.0,225610764.0,本地最近行情CSV
2026-07-06,2026-07-06T11:24:33+08:00,002324,普利特,11.64,-3.32,-0.4,109430.0,129804381.0,本地最近行情CSV
2026-07-06,2026-07-06T11:24:33+08:00,000691,亚太实业,11.64,0.09,0.01,92783.0,109827861.0,本地最近行情CSV
2026-07-06,2026-07-06T11:24:33+08:00,300719,安达维尔,11.61,-3.73,-0.45,35693.0,42204419.85,本地最近行情CSV
2026-07-06,2026-07-06T11:24:33+08:00,300258,精锻科技,11.61,-3.33,-0.4,108659.0,128173145.0,本地最近行情CSV
2026-07-06,2026-07-06T11:24:33+08:00,002532,天山铝业,11.61,2.11,0.24,1339752.0,1575037587.3,本地最近行情CSV
2026-07-06,2026-07-06T11:24:33+08:00,001201,东瑞股份,11.61,1.49,0.17,33585.0,39473902.0,本地最近行情CSV
2026-07-06,2026-07-06T11:24:33+08:00,300658,延江股份,11.59,-3.42,-0.41,57477.0,68581434.4,本地最近行情CSV
2026-07-06,2026-07-06T11:24:33+08:00,603810,丰山集团,11.58,-0.86,-0.1,14854.0,17443622.0,本地最近行情CSV
2026-07-06,2026-07-06T11:24:33+08:00,601900,南方传媒,11.58,3.95,0.44,78573.0,89984747.0,本地最近行情CSV
2026-07-06,2026-07-06T11:24:33+08:00,300251,光线传媒,11.58,-0.77,-0.09,277472.0,324244769.62,本地最近行情CSV
2026-07-06,2026-07-06T11:24:33+08:00,002745,木林森,11.58,-3.18,-0.38,468931.0,550508580.54,本地最近行情CSV
2026-07-06,2026-07-06T11:24:33+08:00,002878,元隆雅图,11.57,-3.26,-0.39,45949.0,54058759.0,本地最近行情CSV
2026-07-06,2026-07-06T11:24:33+08:00,601811,新华文轩,11.56,0.87,0.1,13084.0,15098309.0,本地最近行情CSV
2026-07-06,2026-07-06T11:24:33+08:00,300707,威唐工业,11.56,-2.36,-0.28,30579.0,35859482.7,本地最近行情CSV
2026-07-06,2026-07-06T11:24:33+08:00,600559,老白干酒,11.55,0.61,0.07,78860.0,90781172.0,本地最近行情CSV
2026-07-06,2026-07-06T11:24:33+08:00,688066,*ST航图,11.54,-6.71,-0.83,60687.0,70994849.0,本地最近行情CSV
2026-07-06,2026-07-06T11:24:33+08:00,600268,国电南自,11.54,-1.62,-0.19,87165.0,102356333.0,本地最近行情CSV
2026-07-06,2026-07-06T11:24:33+08:00,300337,银邦股份,11.54,-4.55,-0.55,163906.0,193751872.8,本地最近行情CSV
2026-07-06,2026-07-06T11:24:33+08:00,002565,顺灏股份,11.54,-8.49,-1.07,502380.0,604140977.19,本地最近行情CSV
2026-07-06,2026-07-06T11:24:33+08:00,002043,兔 宝 宝,11.54,-0.09,-0.01,52043.0,60089241.0,本地最近行情CSV
2026-07-06,2026-07-06T11:24:33+08:00,603729,ST龙韵,11.53,0.35,0.04,6677.0,7799869.0,本地最近行情CSV
2026-07-06,2026-07-06T11:24:33+08:00,600598,北大荒,11.53,1.59,0.18,171367.0,197238427.0,本地最近行情CSV
2026-07-06,2026-07-06T11:24:33+08:00,300329,海伦钢琴,11.53,-2.54,-0.3,24615.0,28632185.0,本地最近行情CSV
2026-07-06,2026-07-06T11:24:33+08:00,688556,高测股份,11.51,-6.42,-0.79,299233.0,355624991.0,本地最近行情CSV
2026-07-06,2026-07-06T11:24:33+08:00,301156,美农生物,11.5,0.09,0.01,16769.0,19457330.7,本地最近行情CSV
2026-07-06,2026-07-06T11:24:33+08:00,001300,三柏硕,11.5,-0.78,-0.09,21635.0,25241393.0,本地最近行情CSV
2026-07-06,2026-07-06T11:24:33+08:00,603871,嘉友国际,11.49,3.42,0.38,84856.0,96759463.0,本地最近行情CSV
2026-07-06,2026-07-06T11:24:33+08:00,002085,万丰奥威,11.48,0.09,0.01,275260.0,317896477.42,本地最近行情CSV
2026-07-06,2026-07-06T11:24:33+08:00,603967,中创物流,11.47,1.59,0.18,14131.0,16195687.0,本地最近行情CSV
2026-07-06,2026-07-06T11:24:33+08:00,300884,狄耐克,11.47,-0.78,-0.09,72686.0,85756972.97,本地最近行情CSV
2026-07-06,2026-07-06T11:24:33+08:00,002828,贝肯能源,11.46,9.98,1.04,188776.0,212399607.5,本地最近行情CSV
2026-07-06,2026-07-06T11:24:33+08:00,300918,南山智尚,11.45,-3.62,-0.43,89546.0,104730304.1,本地最近行情CSV
2026-07-06,2026-07-06T11:24:33+08:00,601615,明阳智能,11.43,-3.14,-0.37,433196.0,508269441.0,本地最近行情CSV
2026-07-06,2026-07-06T11:24:33+08:00,600550,保变电气,11.43,-1.21,-0.14,177604.0,206801901.0,本地最近行情CSV
2026-07-06,2026-07-06T11:24:33+08:00,003039,顺控发展,11.43,-0.52,-0.06,17323.0,19982263.82,本地最近行情CSV
2026-07-06,2026-07-06T11:24:33+08:00,603015,弘讯科技,11.42,-4.83,-0.58,73198.0,85558924.0,本地最近行情CSV
2026-07-06,2026-07-06T11:24:33+08:00,603122,合富中国,11.39,-0.78,-0.09,74128.0,85495746.0,本地最近行情CSV
2026-07-06,2026-07-06T11:24:33+08:00,301056,森赫股份,11.39,1.06,0.12,15147.0,17229582.0,本地最近行情CSV
2026-07-06,2026-07-06T11:24:33+08:00,600331,宏达股份,11.38,-2.74,-0.32,297715.0,346525789.0,本地最近行情CSV
2026-07-06,2026-07-06T11:24:33+08:00,002462,嘉事堂,11.38,0.18,0.02,27113.0,30890715.0,本地最近行情CSV
2026-07-06,2026-07-06T11:24:33+08:00,001366,播恩集团,11.38,-1.73,-0.2,26074.0,30160686.0,本地最近行情CSV
2026-07-06,2026-07-06T11:24:33+08:00,000582,北部湾港,11.38,1.07,0.12,177519.0,201702271.71,本地最近行情CSV
2026-07-06,2026-07-06T11:24:33+08:00,603035,常熟汽饰,11.37,-0.52,-0.06,24523.0,27821488.0,本地最近行情CSV
2026-07-06,2026-07-06T11:24:33+08:00,600088,中视传媒,11.37,0.89,0.1,38410.0,43725337.0,本地最近行情CSV
2026-07-06,2026-07-06T11:24:33+08:00,300385,ST雪浪,11.37,-10.96,-1.4,93005.0,107941063.84,本地最近行情CSV
2026-07-06,2026-07-06T11:24:33+08:00,603660,苏州科达,11.35,1.98,0.22,178332.0,201251150.0,本地最近行情CSV
2026-07-06,2026-07-06T11:24:33+08:00,300996,普联软件,11.35,-3.9,-0.46,66262.0,75840304.02,本地最近行情CSV
2026-07-06,2026-07-06T11:24:33+08:00,600846,同济科技,11.34,3.75,0.41,65743.0,75181373.0,本地最近行情CSV
2026-07-06,2026-07-06T11:24:33+08:00,600711,盛屯矿业,11.34,-1.05,-0.12,767370.0,892889149.0,本地最近行情CSV
2026-07-06,2026-07-06T11:24:33+08:00,601061,中信金属,11.32,0.44,0.05,128825.0,147190814.0,本地最近行情CSV
2026-07-06,2026-07-06T11:24:33+08:00,300635,中达安,11.32,-3.17,-0.37,46470.0,53130125.26,本地最近行情CSV
2026-07-06,2026-07-06T11:24:33+08:00,000685,中山公用,11.32,-0.26,-0.03,101053.0,115167948.6,本地最近行情CSV
2026-07-06,2026-07-06T11:24:33+08:00,688586,江航装备,11.31,-4.31,-0.51,61174.0,70535858.0,本地最近行情CSV
2026-07-06,2026-07-06T11:24:33+08:00,002811,郑中设计,11.31,-4.64,-0.55,22749.0,26313111.5,本地最近行情CSV
2026-07-06,2026-07-06T11:24:33+08:00,002170,芭田股份,11.31,0.62,0.07,146736.0,167223287.78,本地最近行情CSV
2026-07-06,2026-07-06T11:24:33+08:00,601609,金田股份,11.3,-1.14,-0.13,304929.0,345267291.0,本地最近行情CSV
2026-07-06,2026-07-06T11:24:33+08:00,600919,江苏银行,11.3,1.35,0.15,546714.0,613760317.0,本地最近行情CSV
2026-07-06,2026-07-06T11:24:33+08:00,301519,舜禹股份,11.29,-1.05,-0.12,12031.0,13732489.08,本地最近行情CSV
2026-07-06,2026-07-06T11:24:33+08:00,301136,招标股份,11.29,-3.26,-0.38,39768.0,45991537.0,本地最近行情CSV
2026-07-06,2026-07-06T11:24:33+08:00,600237,铜峰电子,11.28,-4.49,-0.53,376762.0,434366742.0,本地最近行情CSV
2026-07-06,2026-07-06T11:24:33+08:00,600683,京投发展,11.27,-2.68,-0.31,70347.0,80869927.0,本地最近行情CSV
2026-07-06,2026-07-06T11:24:33+08:00,002507,涪陵榨菜,11.27,0.9,0.1,69900.0,78417049.6,本地最近行情CSV
2026-07-06,2026-07-06T11:24:33+08:00,002026,山东威达,11.27,-0.27,-0.03,40159.0,45375708.4,本地最近行情CSV
2026-07-06,2026-07-06T11:24:33+08:00,600753,ST海钦,11.25,-5.22,-0.62,21350.0,24488369.0,本地最近行情CSV
2026-07-06,2026-07-06T11:24:33+08:00,601808,中海油服,11.24,0.36,0.04,81766.0,91957938.0,本地最近行情CSV
2026-07-06,2026-07-06T11:24:33+08:00,301149,隆华新材,11.24,-2.26,-0.26,45636.0,51833306.38,本地最近行情CSV
2026-07-06,2026-07-06T11:24:33+08:00,605336,*ST帅电,11.23,-7.8,-0.95,47919.0,55984318.0,本地最近行情CSV
2026-07-06,2026-07-06T11:24:33+08:00,603700,宁水集团,11.23,-2.43,-0.28,20162.0,22921288.0,本地最近行情CSV
2026-07-06,2026-07-06T11:24:33+08:00,300755,华致酒行,11.23,-1.84,-0.21,28419.0,32330068.62,本地最近行情CSV
2026-07-06,2026-07-06T11:24:33+08:00,002539,云图控股,11.23,1.54,0.17,145350.0,164193080.28,本地最近行情CSV
2026-07-06,2026-07-06T11:24:33+08:00,002319,乐通股份,11.22,0.18,0.02,51847.0,57895961.0,本地最近行情CSV
2026-07-06,2026-07-06T11:24:33+08:00,002533,金杯电工,11.2,1.54,0.17,65837.0,73371909.2,本地最近行情CSV
2026-07-06,2026-07-06T11:24:33+08:00,603331,百达精工,11.18,-2.36,-0.27,87456.0,98348047.0,本地最近行情CSV
2026-07-06,2026-07-06T11:24:33+08:00,600560,金自天正,11.18,-3.37,-0.39,17318.0,19677593.0,本地最近行情CSV
2026-07-06,2026-07-06T11:24:33+08:00,600435,北方导航,11.18,-2.27,-0.26,131943.0,149330829.0,本地最近行情CSV
2026-07-06,2026-07-06T11:24:33+08:00,003038,鑫铂股份,11.18,-1.76,-0.2,20402.0,23064120.0,本地最近行情CSV
2026-07-06,2026-07-06T11:24:33+08:00,002647,仁东控股,11.18,2.29,0.25,220022.0,248138397.0,本地最近行情CSV
2026-07-06,2026-07-06T11:24:33+08:00,605366,宏柏新材,11.16,-6.45,-0.77,275330.0,321230533.0,本地最近行情CSV
2026-07-06,2026-07-06T11:24:33+08:00,600730,*ST高科,11.16,-8.22,-1.0,156438.0,178236802.0,本地最近行情CSV
2026-07-06,2026-07-06T11:24:33+08:00,300945,曼卡龙,11.16,-1.24,-0.14,101423.0,115896536.66,本地最近行情CSV
2026-07-06,2026-07-06T11:24:33+08:00,603602,纵横通信,11.15,-1.33,-0.15,25074.0,28119892.0,本地最近行情CSV
2026-07-06,2026-07-06T11:24:33+08:00,002293,罗莱生活,11.15,0.72,0.08,50532.0,56416882.5,本地最近行情CSV
2026-07-06,2026-07-06T11:24:33+08:00,300118,东方日升,11.14,-4.87,-0.57,244351.0,279774234.45,本地最近行情CSV
2026-07-06,2026-07-06T11:24:33+08:00,300856,科思股份,11.13,-0.09,-0.01,20936.0,23445876.4,本地最近行情CSV
2026-07-06,2026-07-06T11:24:33+08:00,002014,永新股份,11.13,0.54,0.06,11884.0,13231408.8,本地最近行情CSV
2026-07-06,2026-07-06T11:24:33+08:00,600523,贵航股份,11.12,-0.71,-0.08,20405.0,22717162.0,本地最近行情CSV
2026-07-06,2026-07-06T11:24:33+08:00,300162,雷曼光电,11.12,-8.7,-1.06,391472.0,449461349.5,本地最近行情CSV
2026-07-06,2026-07-06T11:24:33+08:00,300437,清水源,11.11,-1.51,-0.17,57703.0,65497571.71,本地最近行情CSV
2026-07-06,2026-07-06T11:24:33+08:00,688089,嘉必优,11.1,-1.68,-0.19,21074.0,23723690.0,本地最近行情CSV
2026-07-06,2026-07-06T11:24:33+08:00,600967,内蒙一机,11.1,-2.12,-0.24,116506.0,131230014.0,本地最近行情CSV
2026-07-06,2026-07-06T11:24:33+08:00,600054,黄山旅游,11.1,1.0,0.11,33827.0,37444020.0,本地最近行情CSV
2026-07-06,2026-07-06T11:24:33+08:00,603901,永创智能,11.09,-4.81,-0.56,116146.0,130678114.0,本地最近行情CSV
2026-07-06,2026-07-06T11:24:33+08:00,300612,宣亚国际,11.09,-1.42,-0.16,28078.0,31655795.0,本地最近行情CSV
2026-07-06,2026-07-06T11:24:33+08:00,605122,四方新材,11.08,-0.81,-0.09,14871.0,16684809.0,本地最近行情CSV
2026-07-06,2026-07-06T11:24:33+08:00,605077,华康股份,11.08,-0.63,-0.07,31210.0,34851254.0,本地最近行情CSV
2026-07-06,2026-07-06T11:24:33+08:00,603601,再升科技,11.08,-9.92,-1.22,1299072.0,1502945309.0,本地最近行情CSV
2026-07-06,2026-07-06T11:24:33+08:00,603085,天成自控,11.08,-1.25,-0.14,35110.0,39329240.0,本地最近行情CSV
2026-07-06,2026-07-06T11:24:33+08:00,002668,TCL智家,11.08,1.74,0.19,164388.0,183320190.36,本地最近行情CSV
2026-07-06,2026-07-06T11:24:33+08:00,603803,瑞斯康达,11.07,-0.9,-0.1,89591.0,98634470.0,本地最近行情CSV
2026-07-06,2026-07-06T11:24:33+08:00,603578,三星新材,11.07,-3.74,-0.43,25094.0,28361523.0,本地最近行情CSV
2026-07-06,2026-07-06T11:24:33+08:00,603189,*ST网达,11.07,-1.16,-0.13,13056.0,14698067.0,本地最近行情CSV
2026-07-06,2026-07-06T11:24:33+08:00,300595,欧普康视,11.07,-0.09,-0.01,76583.0,85290055.62,本地最近行情CSV
2026-07-06,2026-07-06T11:24:33+08:00,300581,晨曦航空,11.07,-5.47,-0.64,163778.0,186274861.55,本地最近行情CSV
2026-07-06,2026-07-06T11:24:33+08:00,600372,中航机载,11.06,-1.6,-0.18,295908.0,328308385.0,本地最近行情CSV
2026-07-06,2026-07-06T11:24:33+08:00,002064,华峰化学,11.05,5.74,0.6,798193.0,869913576.64,本地最近行情CSV
2026-07-06,2026-07-06T11:24:33+08:00,603278,大业股份,11.04,-8.84,-1.07,256083.0,293432539.0,本地最近行情CSV
2026-07-06,2026-07-06T11:24:33+08:00,300542,新晨科技,11.04,-2.39,-0.27,32421.0,36195524.9,本地最近行情CSV
2026-07-06,2026-07-06T11:24:33+08:00,300268,佳沃食品,11.04,-4.75,-0.55,25633.0,28862437.4,本地最近行情CSV
2026-07-06,2026-07-06T11:24:33+08:00,002858,力盛体育,11.02,-0.81,-0.09,31457.0,35133028.0,本地最近行情CSV
2026-07-06,2026-07-06T11:24:33+08:00,002748,世龙实业,11.01,2.32,0.25,44649.0,49547990.0,本地最近行情CSV
2026-07-06,2026-07-06T11:24:33+08:00,600505,西昌电力,10.99,-0.18,-0.02,45132.0,49763871.0,本地最近行情CSV
2026-07-06,2026-07-06T11:24:33+08:00,300994,久祺股份,10.99,-1.26,-0.14,10511.0,11689213.2,本地最近行情CSV
2026-07-06,2026-07-06T11:24:33+08:00,603208,江山欧派,10.98,-1.44,-0.16,15056.0,16657735.0,本地最近行情CSV
2026-07-06,2026-07-06T11:24:33+08:00,600272,开开实业,10.98,-1.26,-0.14,19616.0,21581170.0,本地最近行情CSV
2026-07-06,2026-07-06T11:24:33+08:00,002365,永安药业,10.98,0.92,0.1,75984.0,83980287.5,本地最近行情CSV
2026-07-06,2026-07-06T11:24:33+08:00,300958,建工修复,10.97,-1.79,-0.2,15193.0,16870185.06,本地最近行情CSV
2026-07-06,2026-07-06T11:24:33+08:00,300036,超图软件,10.97,-1.88,-0.21,61774.0,68532847.79,本地最近行情CSV
2026-07-06,2026-07-06T11:24:33+08:00,002923,润都股份,10.97,0.64,0.07,105071.0,115145183.76,本地最近行情CSV
2026-07-06,2026-07-06T11:24:33+08:00,601966,玲珑轮胎,10.96,2.05,0.22,89427.0,97398279.0,本地最近行情CSV
2026-07-06,2026-07-06T11:24:33+08:00,300234,开尔新材,10.96,-3.35,-0.38,152728.0,166498958.06,本地最近行情CSV
2026-07-06,2026-07-06T11:24:33+08:00,000020,深华发Ａ,10.96,-1.79,-0.2,23411.0,26047938.0,本地最近行情CSV
2026-07-06,2026-07-06T11:24:33+08:00,605055,迎丰股份,10.95,-0.27,-0.03,57047.0,63777835.0,本地最近行情CSV
2026-07-06,2026-07-06T11:24:33+08:00,002637,赞宇科技,10.95,0.92,0.1,69861.0,76658164.72,本地最近行情CSV
2026-07-06,2026-07-06T11:24:33+08:00,000729,燕京啤酒,10.95,2.05,0.22,193778.0,211151081.4,本地最近行情CSV
2026-07-06,2026-07-06T11:24:33+08:00,002788,鹭燕医药,10.94,1.11,0.12,116085.0,127383813.0,本地最近行情CSV
2026-07-06,2026-07-06T11:24:33+08:00,300460,ST惠伦,10.92,-0.27,-0.03,63382.0,69678332.7,本地最近行情CSV
2026-07-06,2026-07-06T11:24:33+08:00,002695,煌上煌,10.9,3.12,0.33,46849.0,50441059.84,本地最近行情CSV
2026-07-06,2026-07-06T11:24:33+08:00,300793,佳禾智能,10.89,-3.71,-0.42,53315.0,59047104.0,本地最近行情CSV
2026-07-06,2026-07-06T11:24:33+08:00,000532,华金资本,10.88,-1.72,-0.19,25051.0,27403518.0,本地最近行情CSV
2026-07-06,2026-07-06T11:24:33+08:00,603527,众源新材,10.87,-3.81,-0.43,87943.0,97336708.0,本地最近行情CSV
2026-07-06,2026-07-06T11:24:33+08:00,002802,洪汇新材,10.87,-0.64,-0.07,17786.0,19534673.0,本地最近行情CSV
2026-07-06,2026-07-06T11:24:33+08:00,300705,九典制药,10.86,2.16,0.23,72569.0,78325410.4,本地最近行情CSV
2026-07-06,2026-07-06T11:24:33+08:00,603277,银都股份,10.85,0.09,0.01,9598.0,10398005.0,本地最近行情CSV
2026-07-06,2026-07-06T11:24:33+08:00,300414,中光防雷,10.85,-2.86,-0.32,35267.0,38970043.7,本地最近行情CSV
2026-07-06,2026-07-06T11:24:33+08:00,002446,盛路通信,10.85,-2.16,-0.24,393964.0,427320038.8,本地最近行情CSV
2026-07-06,2026-07-06T11:24:33+08:00,002011,盾安环境,10.85,0.74,0.08,122623.0,133914940.84,本地最近行情CSV
2026-07-06,2026-07-06T11:24:33+08:00,600497,驰宏锌锗,10.84,-1.0,-0.11,1991203.0,2234856956.0,本地最近行情CSV
2026-07-06,2026-07-06T11:24:33+08:00,300559,佳发教育,10.81,3.15,0.33,60622.0,64830734.0,本地最近行情CSV
2026-07-06,2026-07-06T11:24:33+08:00,002429,兆驰股份,10.81,8.43,0.84,1546941.0,1675593341.62,本地最近行情CSV
2026-07-06,2026-07-06T11:24:33+08:00,688389,普门科技,10.8,-0.09,-0.01,20376.0,22015803.0,本地最近行情CSV
2026-07-06,2026-07-06T11:24:33+08:00,300771,智莱科技,10.8,-2.61,-0.29,28829.0,31679816.9,本地最近行情CSV
2026-07-06,2026-07-06T11:24:33+08:00,603332,苏州龙杰,10.79,-0.55,-0.06,14351.0,15608642.0,本地最近行情CSV
2026-07-06,2026-07-06T11:24:33+08:00,600267,海正药业,10.79,2.47,0.26,263582.0,283557288.0,本地最近行情CSV
2026-07-06,2026-07-06T11:24:33+08:00,300956,英力股份,10.79,-4.34,-0.49,54339.0,59832396.0,本地最近行情CSV
2026-07-06,2026-07-06T11:24:33+08:00,300869,康泰医学,10.79,-0.19,-0.02,24261.0,26300623.4,本地最近行情CSV
2026-07-06,2026-07-06T11:24:33+08:00,300403,汉宇集团,10.79,-6.34,-0.73,237849.0,261497016.15,本地最近行情CSV
2026-07-06,2026-07-06T11:24:33+08:00,603041,美思德,10.77,-0.46,-0.05,12451.0,13532920.0,本地最近行情CSV
2026-07-06,2026-07-06T11:24:33+08:00,600055,万东医疗,10.76,-0.83,-0.09,40649.0,44014510.0,本地最近行情CSV
2026-07-06,2026-07-06T11:24:33+08:00,300349,金卡智能,10.76,-5.78,-0.66,101170.0,111337664.85,本地最近行情CSV
2026-07-06,2026-07-06T11:24:33+08:00,603885,吉祥航空,10.75,3.17,0.33,192910.0,205374309.0,本地最近行情CSV
2026-07-06,2026-07-06T11:24:33+08:00,300616,尚品宅配,10.75,-3.59,-0.4,30104.0,33058566.0,本地最近行情CSV
2026-07-06,2026-07-06T11:24:33+08:00,002917,金奥博,10.75,-3.76,-0.42,34422.0,37623930.65,本地最近行情CSV
2026-07-06,2026-07-06T11:24:33+08:00,603390,通达电气,10.73,-1.56,-0.17,38449.0,41740425.0,本地最近行情CSV
2026-07-06,2026-07-06T11:24:33+08:00,600618,氯碱化工,10.73,2.88,0.3,115102.0,124507243.0,本地最近行情CSV
2026-07-06,2026-07-06T11:24:33+08:00,300227,光韵达,10.73,-6.12,-0.7,266449.0,293498437.5,本地最近行情CSV
2026-07-06,2026-07-06T11:24:33+08:00,000612,焦作万方,10.71,-0.37,-0.04,252808.0,274323363.14,本地最近行情CSV
2026-07-06,2026-07-06T11:24:33+08:00,300774,倍杰特,10.7,-2.28,-0.25,66137.0,73391667.0,本地最近行情CSV
2026-07-06,2026-07-06T11:24:33+08:00,603098,森特股份,10.69,-1.38,-0.15,29974.0,32594326.0,本地最近行情CSV
2026-07-06,2026-07-06T11:24:33+08:00,002631,德尔未来,10.69,-2.02,-0.22,214369.0,232738662.78,本地最近行情CSV
2026-07-06,2026-07-06T11:24:33+08:00,002440,闰土股份,10.68,1.33,0.14,386497.0,419908499.46,本地最近行情CSV
2026-07-06,2026-07-06T11:24:33+08:00,601611,中国核建,10.67,-1.48,-0.16,162929.0,175643047.0,本地最近行情CSV
2026-07-06,2026-07-06T11:24:33+08:00,300465,高伟达,10.67,-3.96,-0.44,90803.0,98822227.0,本地最近行情CSV
2026-07-06,2026-07-06T11:24:33+08:00,002345,潮宏基,10.67,1.43,0.15,211916.0,225387574.0,本地最近行情CSV
2026-07-06,2026-07-06T11:24:33+08:00,001376,百通能源,10.67,-1.3,-0.14,49186.0,53453516.0,本地最近行情CSV
2026-07-06,2026-07-06T11:24:33+08:00,603639,海利尔,10.66,0.85,0.09,13279.0,14181420.0,本地最近行情CSV
2026-07-06,2026-07-06T11:24:33+08:00,002209,达 意 隆,10.65,-2.65,-0.29,20787.0,22410893.0,本地最近行情CSV
2026-07-06,2026-07-06T11:24:33+08:00,001286,陕西能源,10.65,0.76,0.08,102755.0,108548593.54,本地最近行情CSV
2026-07-06,2026-07-06T11:24:33+08:00,002818,富森美,10.63,0.76,0.08,15625.0,16611397.68,本地最近行情CSV
2026-07-06,2026-07-06T11:24:33+08:00,002348,高乐股份,10.63,1.05,0.11,94875.0,100546893.0,本地最近行情CSV
2026-07-06,2026-07-06T11:24:33+08:00,000680,山推股份,10.63,3.0,0.31,171758.0,182008702.0,本地最近行情CSV
2026-07-06,2026-07-06T11:24:33+08:00,603566,普莱柯,10.62,1.63,0.17,28324.0,30041714.0,本地最近行情CSV
2026-07-06,2026-07-06T11:24:33+08:00,603066,音飞储存,10.62,-1.21,-0.13,35148.0,37580701.0,本地最近行情CSV
2026-07-06,2026-07-06T11:24:33+08:00,603758,秦安股份,10.61,3.71,0.38,55980.0,58575151.0,本地最近行情CSV
2026-07-06,2026-07-06T11:24:33+08:00,600151,航天机电,10.61,-6.11,-0.69,327295.0,361885041.0,本地最近行情CSV
2026-07-06,2026-07-06T11:24:33+08:00,300600,国瑞科技,10.59,7.29,0.72,196072.0,218378069.92,本地最近行情CSV
2026-07-06,2026-07-06T11:24:33+08:00,300407,凯发电气,10.59,-2.49,-0.27,30788.0,33040764.0,本地最近行情CSV
2026-07-06,2026-07-06T11:24:33+08:00,300200,高盟新材,10.59,1.73,0.18,154169.0,162668988.12,本地最近行情CSV
2026-07-06,2026-07-06T11:24:33+08:00,601009,南京银行,10.57,1.34,0.14,273000.0,288670582.0,本地最近行情CSV
2026-07-06,2026-07-06T11:24:33+08:00,603768,常青股份,10.56,5.39,0.54,37499.0,38405461.0,本地最近行情CSV
2026-07-06,2026-07-06T11:24:33+08:00,001318,阳光乳业,10.56,1.05,0.11,14551.0,15321197.0,本地最近行情CSV
2026-07-06,2026-07-06T11:24:33+08:00,000913,钱江摩托,10.56,-0.28,-0.03,22351.0,23677689.62,本地最近行情CSV
2026-07-06,2026-07-06T11:24:33+08:00,603500,祥和实业,10.55,-2.5,-0.27,85510.0,91248826.0,本地最近行情CSV
2026-07-06,2026-07-06T11:24:33+08:00,300386,飞天诚信,10.55,-4.61,-0.51,42584.0,45860423.77,本地最近行情CSV
2026-07-06,2026-07-06T11:24:33+08:00,002887,绿茵生态,10.55,-1.95,-0.21,25985.0,27714893.5,本地最近行情CSV
2026-07-06,2026-07-06T11:24:33+08:00,002846,英联股份,10.54,-2.14,-0.23,32017.0,34430700.4,本地最近行情CSV
2026-07-06,2026-07-06T11:24:33+08:00,600415,小商品城,10.53,-0.85,-0.09,259359.0,272696581.0,本地最近行情CSV
2026-07-06,2026-07-06T11:24:33+08:00,003040,楚天龙,10.52,-2.59,-0.28,40634.0,43661782.0,本地最近行情CSV
2026-07-06,2026-07-06T11:24:33+08:00,002706,良信股份,10.52,0.77,0.08,188481.0,201230694.36,本地最近行情CSV
2026-07-06,2026-07-06T11:24:33+08:00,002394,联发股份,10.52,0.29,0.03,55844.0,58876606.0,本地最近行情CSV
2026-07-06,2026-07-06T11:24:33+08:00,600483,福能股份,10.51,-0.19,-0.02,153590.0,159607456.0,本地最近行情CSV
2026-07-06,2026-07-06T11:24:33+08:00,688616,西力科技,10.5,-2.69,-0.29,16004.0,16952434.0,本地最近行情CSV
2026-07-06,2026-07-06T11:24:33+08:00,603697,有友食品,10.5,2.64,0.27,40298.0,42161516.0,本地最近行情CSV
2026-07-06,2026-07-06T11:24:33+08:00,601155,新城控股,10.5,0.19,0.02,69815.0,73684762.0,本地最近行情CSV
2026-07-06,2026-07-06T11:24:33+08:00,601083,锦江航运,10.49,1.75,0.18,33393.0,34822192.0,本地最近行情CSV
2026-07-06,2026-07-06T11:24:33+08:00,002949,华阳国际,10.49,-0.1,-0.01,15901.0,16807499.0,本地最近行情CSV
2026-07-06,2026-07-06T11:24:33+08:00,002205,国统股份,10.49,-0.1,-0.01,17966.0,19013642.6,本地最近行情CSV
2026-07-06,2026-07-06T11:24:33+08:00,603517,ST绝味,10.48,-1.04,-0.11,33901.0,35491736.0,本地最近行情CSV
2026-07-06,2026-07-06T11:24:33+08:00,003003,天元股份,10.48,-0.66,-0.07,20389.0,21649743.0,本地最近行情CSV
2026-07-06,2026-07-06T11:24:33+08:00,603970,中农立华,10.46,1.45,0.15,10786.0,11268320.0,本地最近行情CSV
2026-07-06,2026-07-06T11:24:33+08:00,603778,国晟科技,10.46,-9.98,-1.16,661659.0,727426844.0,本地最近行情CSV
2026-07-06,2026-07-06T11:24:33+08:00,603680,今创集团,10.46,-0.19,-0.02,28905.0,30473771.0,本地最近行情CSV
2026-07-06,2026-07-06T11:24:33+08:00,002727,一心堂,10.46,0.97,0.1,58050.0,60350428.96,本地最近行情CSV
2026-07-06,2026-07-06T11:24:33+08:00,002585,双星新材,10.46,-5.25,-0.58,492261.0,528555729.23,本地最近行情CSV
2026-07-06,2026-07-06T11:24:33+08:00,002276,万马股份,10.46,-2.43,-0.26,173463.0,184540852.2,本地最近行情CSV
2026-07-06,2026-07-06T11:24:33+08:00,603037,凯众股份,10.45,-1.88,-0.2,31625.0,33358621.0,本地最近行情CSV
2026-07-06,2026-07-06T11:24:33+08:00,002736,国信证券,10.45,0.97,0.1,270691.0,283535927.75,本地最近行情CSV
2026-07-06,2026-07-06T11:24:33+08:00,002693,双成药业,10.45,2.25,0.23,315982.0,328280187.84,本地最近行情CSV
2026-07-06,2026-07-06T11:24:33+08:00,600739,辽宁成大,10.44,0.87,0.09,113986.0,119501488.0,本地最近行情CSV
2026-07-06,2026-07-06T11:24:33+08:00,300932,三友联众,10.42,-12.95,-1.55,379739.0,406029663.83,本地最近行情CSV
2026-07-06,2026-07-06T11:24:33+08:00,002571,德力股份,10.42,1.17,0.12,45101.0,47314049.0,本地最近行情CSV
2026-07-06,2026-07-06T11:24:33+08:00,002137,实益达,10.42,0.0,0.0,461712.0,489867848.98,本地最近行情CSV
2026-07-06,2026-07-06T11:24:33+08:00,300746,汉嘉数智,10.41,-4.76,-0.52,18382.0,19640831.0,本地最近行情CSV
2026-07-06,2026-07-06T11:24:33+08:00,002973,侨银股份,10.41,-5.28,-0.58,43063.0,45755484.0,本地最近行情CSV
2026-07-06,2026-07-06T11:24:33+08:00,002342,巨力索具,10.41,-5.02,-0.55,1137447.0,1254150277.38,本地最近行情CSV
2026-07-06,2026-07-06T11:24:33+08:00,000001,平安银行,10.41,1.17,0.12,629107.0,651686125.43,本地最近行情CSV
2026-07-06,2026-07-06T11:24:33+08:00,300981,中红医疗,10.4,1.56,0.16,40120.0,42034584.03,本地最近行情CSV
2026-07-06,2026-07-06T11:24:33+08:00,300417,南华仪器,10.4,-2.16,-0.23,29111.0,30947685.0,本地最近行情CSV
2026-07-06,2026-07-06T11:24:33+08:00,003000,劲仔食品,10.4,1.56,0.16,19640.0,20366731.42,本地最近行情CSV
2026-07-06,2026-07-06T11:24:33+08:00,600689,上海三毛,10.39,0.58,0.06,14236.0,14812251.0,本地最近行情CSV
2026-07-06,2026-07-06T11:24:33+08:00,300220,金运激光,10.38,-3.26,-0.35,19821.0,21062919.6,本地最近行情CSV
2026-07-06,2026-07-06T11:24:33+08:00,603703,盛洋科技,10.37,-6.15,-0.68,114458.0,121777687.0,本地最近行情CSV
2026-07-06,2026-07-06T11:24:33+08:00,300295,*ST三六,10.36,-0.48,-0.05,21341.0,22518782.0,本地最近行情CSV
2026-07-06,2026-07-06T11:24:33+08:00,688203,海正生材,10.35,-0.48,-0.05,17930.0,18722839.0,本地最近行情CSV
2026-07-06,2026-07-06T11:24:33+08:00,002104,恒宝股份,10.35,0.68,0.07,276109.0,292645872.12,本地最近行情CSV
2026-07-06,2026-07-06T11:24:33+08:00,603520,司太立,10.34,-0.1,-0.01,150771.0,154023411.0,本地最近行情CSV
2026-07-06,2026-07-06T11:24:33+08:00,601098,中南传媒,10.34,1.17,0.12,49146.0,50664894.0,本地最近行情CSV
2026-07-06,2026-07-06T11:24:33+08:00,002911,佛燃能源,10.34,-0.58,-0.06,42270.0,43795625.65,本地最近行情CSV
2026-07-06,2026-07-06T11:24:33+08:00,603565,中谷物流,10.33,0.39,0.04,76398.0,78695779.0,本地最近行情CSV
2026-07-06,2026-07-06T11:24:33+08:00,600633,浙数文化,10.33,-0.1,-0.01,82583.0,85676790.0,本地最近行情CSV
2026-07-06,2026-07-06T11:24:33+08:00,002283,天润工业,10.33,0.88,0.09,346316.0,360786450.94,本地最近行情CSV
2026-07-06,2026-07-06T11:24:33+08:00,600710,苏美达,10.32,0.49,0.05,56763.0,58535406.0,本地最近行情CSV
2026-07-06,2026-07-06T11:24:33+08:00,001299,美能能源,10.32,-1.05,-0.11,16047.0,16603822.75,本地最近行情CSV
2026-07-06,2026-07-06T11:24:33+08:00,603001,奥康国际,10.31,-10.03,-1.15,27750.0,28610250.0,本地最近行情CSV
2026-07-06,2026-07-06T11:24:33+08:00,688472,阿特斯,10.3,-3.47,-0.37,268068.0,281833327.0,本地最近行情CSV
2026-07-06,2026-07-06T11:24:33+08:00,600446,金证股份,10.3,-1.53,-0.16,92324.0,96032812.0,本地最近行情CSV
2026-07-06,2026-07-06T11:24:33+08:00,600178,东安动力,10.3,2.79,0.28,98805.0,100577008.0,本地最近行情CSV
2026-07-06,2026-07-06T11:24:33+08:00,002144,宏达高科,10.3,-0.58,-0.06,20989.0,21881497.8,本地最近行情CSV
2026-07-06,2026-07-06T11:24:33+08:00,603408,建霖家居,10.29,1.08,0.11,11355.0,11655842.0,本地最近行情CSV
2026-07-06,2026-07-06T11:24:33+08:00,603033,三维股份,10.29,3.42,0.34,285231.0,305010087.0,本地最近行情CSV
2026-07-06,2026-07-06T11:24:33+08:00,300371,汇中股份,10.28,-0.68,-0.07,15346.0,15842405.6,本地最近行情CSV
2026-07-06,2026-07-06T11:24:33+08:00,300075,数字政通,10.28,-1.81,-0.19,61369.0,63952312.0,本地最近行情CSV
2026-07-06,2026-07-06T11:24:33+08:00,600909,华安证券,10.26,-5.18,-0.56,2066520.0,2183129338.0,本地最近行情CSV
2026-07-06,2026-07-06T11:24:33+08:00,600785,新华百货,10.26,-0.77,-0.08,34031.0,35293483.0,本地最近行情CSV
2026-07-06,2026-07-06T11:24:33+08:00,000860,顺鑫农业,10.25,0.79,0.08,77058.0,78806127.8,本地最近行情CSV
2026-07-06,2026-07-06T11:24:33+08:00,301339,通行宝,10.24,-1.35,-0.14,23362.0,24114467.2,本地最近行情CSV
2026-07-06,2026-07-06T11:24:33+08:00,300106,西部牧业,10.22,0.2,0.02,41361.0,42404900.76,本地最近行情CSV
2026-07-06,2026-07-06T11:24:33+08:00,600104,上汽集团,10.21,0.99,0.1,411305.0,419383281.0,本地最近行情CSV
2026-07-06,2026-07-06T11:24:33+08:00,600058,五矿发展,10.21,-5.02,-0.54,110369.0,114693108.0,本地最近行情CSV
2026-07-06,2026-07-06T11:24:33+08:00,002019,亿帆医药,10.21,1.79,0.18,142942.0,146098158.64,本地最近行情CSV
2026-07-06,2026-07-06T11:24:33+08:00,603458,勘设股份,10.2,-7.61,-0.84,245158.0,253581470.0,本地最近行情CSV
2026-07-06,2026-07-06T11:24:33+08:00,600380,健康元,10.2,1.59,0.16,144617.0,146681871.0,本地最近行情CSV
2026-07-06,2026-07-06T11:24:33+08:00,603088,宁波精达,10.19,-0.49,-0.05,88634.0,90824719.0,本地最近行情CSV
2026-07-06,2026-07-06T11:24:33+08:00,301032,新柴股份,10.19,-1.64,-0.17,38301.0,39609505.88,本地最近行情CSV
2026-07-06,2026-07-06T11:24:33+08:00,002322,理工能科,10.18,0.0,0.0,16513.0,16928968.0,本地最近行情CSV
2026-07-06,2026-07-06T11:24:33+08:00,002115,三维通信,10.18,-4.77,-0.51,235456.0,245799720.98,本地最近行情CSV
2026-07-06,2026-07-06T11:24:33+08:00,000151,中成股份,10.18,-3.87,-0.41,68808.0,71392552.0,本地最近行情CSV
2026-07-06,2026-07-06T11:24:33+08:00,603218,日月股份,10.16,-1.74,-0.18,46397.0,47462039.0,本地最近行情CSV
2026-07-06,2026-07-06T11:24:33+08:00,300374,中铁装配,10.16,-1.84,-0.19,21190.0,21828035.0,本地最近行情CSV
2026-07-06,2026-07-06T11:24:33+08:00,300183,东软载波,10.16,-2.96,-0.31,38658.0,39770651.94,本地最近行情CSV
2026-07-06,2026-07-06T11:24:33+08:00,002590,万安科技,10.16,-2.21,-0.23,43931.0,45239535.0,本地最近行情CSV
2026-07-06,2026-07-06T11:24:33+08:00,002284,亚太股份,10.15,-2.5,-0.26,150982.0,154455643.49,本地最近行情CSV
2026-07-06,2026-07-06T11:24:33+08:00,002253,川大智胜,10.15,-0.98,-0.1,38240.0,39110826.44,本地最近行情CSV
2026-07-06,2026-07-06T11:24:33+08:00,600640,国脉文化,10.13,-0.2,-0.02,33982.0,34418911.0,本地最近行情CSV
2026-07-06,2026-07-06T11:24:33+08:00,603599,广信股份,10.12,2.64,0.26,92653.0,93624923.0,本地最近行情CSV
2026-07-06,2026-07-06T11:24:33+08:00,600697,欧亚集团,10.11,-0.79,-0.08,16747.0,17059662.0,本地最近行情CSV
2026-07-06,2026-07-06T11:24:33+08:00,000967,盈峰环境,10.11,-3.53,-0.37,622237.0,640648056.34,本地最近行情CSV
2026-07-06,2026-07-06T11:24:33+08:00,300599,雄塑科技,10.09,0.9,0.09,67378.0,69370046.0,本地最近行情CSV
2026-07-06,2026-07-06T11:24:33+08:00,300485,赛升药业,10.08,1.2,0.12,168922.0,170260788.0,本地最近行情CSV
2026-07-06,2026-07-06T11:24:33+08:00,002739,儒意电影,10.08,2.96,0.29,659158.0,658989226.84,本地最近行情CSV
2026-07-06,2026-07-06T11:24:33+08:00,300610,晨化股份,10.07,0.7,0.07,23041.0,23446434.0,本地最近行情CSV
2026-07-06,2026-07-06T11:24:33+08:00,300462,ST华铭,10.07,-2.04,-0.21,6564.0,6625098.0,本地最近行情CSV
2026-07-06,2026-07-06T11:24:33+08:00,688567,孚能科技,10.06,-2.42,-0.25,64963.0,66459429.0,本地最近行情CSV
2026-07-06,2026-07-06T11:24:33+08:00,601963,重庆银行,10.06,1.41,0.14,93868.0,93321883.0,本地最近行情CSV
2026-07-06,2026-07-06T11:24:33+08:00,002229,鸿博股份,10.06,-3.08,-0.32,133408.0,136988099.02,本地最近行情CSV
2026-07-06,2026-07-06T11:24:33+08:00,688571,杭华股份,10.05,-1.86,-0.19,126079.0,126922020.0,本地最近行情CSV
2026-07-06,2026-07-06T11:24:33+08:00,300993,玉马科技,10.05,-0.69,-0.07,20587.0,20806185.0,本地最近行情CSV
2026-07-06,2026-07-06T11:24:33+08:00,601865,福莱特,10.04,-1.47,-0.15,117678.0,119905797.0,本地最近行情CSV
2026-07-06,2026-07-06T11:24:33+08:00,300729,乐歌股份,10.04,-0.2,-0.02,14912.0,14987591.08,本地最近行情CSV
2026-07-06,2026-07-06T11:24:33+08:00,002918,蒙娜丽莎,10.04,-2.43,-0.25,52534.0,53684070.0,本地最近行情CSV
2026-07-06,2026-07-06T11:24:33+08:00,002443,金洲管道,10.04,-0.99,-0.1,82124.0,83367143.0,本地最近行情CSV
2026-07-06,2026-07-06T11:24:33+08:00,002900,哈三联,10.03,0.8,0.08,29526.0,29710082.5,本地最近行情CSV
2026-07-06,2026-07-06T11:24:33+08:00,688306,均普智能,10.02,-3.47,-0.36,161130.0,164232006.0,本地最近行情CSV
2026-07-06,2026-07-06T11:24:33+08:00,600197,伊力特,10.02,0.0,0.0,26559.0,26606111.0,本地最近行情CSV
2026-07-06,2026-07-06T11:24:33+08:00,000555,神州信息,10.0,-2.63,-0.27,118792.0,120476430.52,本地最近行情CSV
2026-07-06,2026-07-06T11:24:33+08:00,600650,锦江在线,9.99,-1.38,-0.14,16028.0,16156930.0,本地最近行情CSV
2026-07-06,2026-07-06T11:24:33+08:00,300778,新城市,9.99,-0.2,-0.02,46657.0,47322994.0,本地最近行情CSV
2026-07-06,2026-07-06T11:24:33+08:00,300138,晨光生物,9.99,0.91,0.09,63855.0,63626915.19,本地最近行情CSV
2026-07-06,2026-07-06T11:24:33+08:00,000899,赣能股份,9.98,0.2,0.02,83599.0,83683864.76,本地最近行情CSV
2026-07-06,2026-07-06T11:24:33+08:00,002083,孚日股份,9.97,-2.35,-0.24,294510.0,298711554.72,本地最近行情CSV
2026-07-06,2026-07-06T11:24:33+08:00,000993,闽东电力,9.97,-1.87,-0.19,55095.0,55661087.0,本地最近行情CSV
2026-07-06,2026-07-06T11:24:33+08:00,002129,TCL中环,9.96,-3.95,-0.41,1824017.0,1864544440.59,本地最近行情CSV
2026-07-06,2026-07-06T11:24:33+08:00,000995,皇台酒业,9.96,-0.3,-0.03,50116.0,50120627.0,本地最近行情CSV
2026-07-06,2026-07-06T11:24:33+08:00,605050,福然德,9.95,-0.3,-0.03,12882.0,12842564.0,本地最近行情CSV
2026-07-06,2026-07-06T11:24:33+08:00,603506,南都物业,9.95,-1.68,-0.17,24355.0,24578542.0,本地最近行情CSV
2026-07-06,2026-07-06T11:24:33+08:00,300682,朗新科技,9.95,-1.09,-0.11,91619.0,92302132.01,本地最近行情CSV
2026-07-06,2026-07-06T11:24:33+08:00,688659,元琛科技,9.94,-2.93,-0.3,33671.0,33893398.0,本地最近行情CSV
2026-07-06,2026-07-06T11:24:33+08:00,002176,江特电机,9.94,-2.26,-0.23,685578.0,699057470.5,本地最近行情CSV
2026-07-06,2026-07-06T11:24:33+08:00,601116,三江购物,9.91,-1.49,-0.15,35549.0,35502540.0,本地最近行情CSV
2026-07-06,2026-07-06T11:24:33+08:00,301030,*ST仕净,9.91,-3.32,-0.34,63530.0,63764061.0,本地最近行情CSV
2026-07-06,2026-07-06T11:24:33+08:00,603162,海通发展,9.9,2.8,0.27,179801.0,176951946.0,本地最近行情CSV
2026-07-06,2026-07-06T11:24:33+08:00,300314,戴维医疗,9.89,-0.1,-0.01,17368.0,17291694.03,本地最近行情CSV
2026-07-06,2026-07-06T11:24:33+08:00,002139,拓邦股份,9.88,-3.89,-0.4,267978.0,267990395.52,本地最近行情CSV
2026-07-06,2026-07-06T11:24:33+08:00,301355,南王科技,9.87,-1.69,-0.17,22754.0,22821363.0,本地最近行情CSV
2026-07-06,2026-07-06T11:24:33+08:00,300614,百川畅银,9.87,-0.9,-0.09,15459.0,15367077.0,本地最近行情CSV
2026-07-06,2026-07-06T11:24:33+08:00,600571,信雅达,9.86,-1.5,-0.15,37986.0,37810888.0,本地最近行情CSV
2026-07-06,2026-07-06T11:24:33+08:00,300536,农尚环境,9.86,5.68,0.53,345445.0,341692403.99,本地最近行情CSV
2026-07-06,2026-07-06T11:24:33+08:00,300120,经纬辉开,9.86,-3.9,-0.4,272466.0,271373726.01,本地最近行情CSV
2026-07-06,2026-07-06T11:24:33+08:00,600590,泰豪科技,9.85,-1.01,-0.1,248420.0,250487317.0,本地最近行情CSV
2026-07-06,2026-07-06T11:24:33+08:00,002051,中工国际,9.85,-6.37,-0.67,363412.0,364111228.39,本地最近行情CSV
2026-07-06,2026-07-06T11:24:33+08:00,000403,派林生物,9.85,6.03,0.56,187895.0,182135668.76,本地最近行情CSV
2026-07-06,2026-07-06T11:24:33+08:00,688429,时创能源,9.84,-2.86,-0.29,19675.0,19760673.0,本地最近行情CSV
2026-07-06,2026-07-06T11:24:33+08:00,300147,*ST香雪,9.84,4.68,0.44,162301.0,164062595.58,本地最近行情CSV
2026-07-06,2026-07-06T11:24:33+08:00,000957,中通客车,9.84,-0.2,-0.02,45130.0,44187998.54,本地最近行情CSV
2026-07-06,2026-07-06T11:24:33+08:00,300608,思特奇,9.82,-5.12,-0.53,105201.0,105200313.73,本地最近行情CSV
2026-07-06,2026-07-06T11:24:33+08:00,603998,方盛制药,9.8,0.72,0.07,59400.0,58314718.0,本地最近行情CSV
2026-07-06,2026-07-06T11:24:33+08:00,300565,科信技术,9.8,-2.68,-0.27,95887.0,95909783.05,本地最近行情CSV
2026-07-06,2026-07-06T11:24:33+08:00,002941,新疆交建,9.8,-1.01,-0.1,65322.0,64868355.0,本地最近行情CSV
2026-07-06,2026-07-06T11:24:33+08:00,300129,泰胜风能,9.79,-7.9,-0.84,590057.0,595153762.32,本地最近行情CSV
2026-07-06,2026-07-06T11:24:33+08:00,600615,鑫源智造,9.78,-0.81,-0.08,19225.0,18907397.0,本地最近行情CSV
2026-07-06,2026-07-06T11:24:33+08:00,000045,深纺织Ａ,9.78,-2.59,-0.26,36186.0,35856363.0,本地最近行情CSV
2026-07-06,2026-07-06T11:24:33+08:00,603017,中衡设计,9.77,-5.15,-0.53,70805.0,70669168.0,本地最近行情CSV
2026-07-06,2026-07-06T11:24:33+08:00,300637,扬帆新材,9.76,-2.4,-0.24,64624.0,63647403.9,本地最近行情CSV
2026-07-06,2026-07-06T11:24:33+08:00,300615,欣天科技,9.76,-3.65,-0.37,39910.0,39792984.0,本地最近行情CSV
2026-07-06,2026-07-06T11:24:33+08:00,688609,九联科技,9.75,-3.27,-0.33,107584.0,106326042.0,本地最近行情CSV
2026-07-06,2026-07-06T11:24:33+08:00,688565,力源科技,9.75,-0.81,-0.08,25309.0,24845492.0,本地最近行情CSV
2026-07-06,2026-07-06T11:24:33+08:00,002399,海普瑞,9.75,2.09,0.2,57754.0,55992191.6,本地最近行情CSV
2026-07-06,2026-07-06T11:24:33+08:00,688096,京源环保,9.74,-1.91,-0.19,222115.0,223424738.0,本地最近行情CSV
2026-07-06,2026-07-06T11:24:33+08:00,601878,浙商证券,9.74,-0.1,-0.01,251382.0,246213010.0,本地最近行情CSV
2026-07-06,2026-07-06T11:24:33+08:00,600833,第一医药,9.74,-0.31,-0.03,20700.0,20203616.0,本地最近行情CSV
2026-07-06,2026-07-06T11:24:33+08:00,300334,津膜科技,9.74,-5.44,-0.56,138376.0,137463088.0,本地最近行情CSV
2026-07-06,2026-07-06T11:24:33+08:00,002987,京北方,9.74,-2.21,-0.22,67163.0,66068029.98,本地最近行情CSV
2026-07-06,2026-07-06T11:24:33+08:00,300800,力合科技,9.73,-2.11,-0.21,19257.0,18922093.0,本地最近行情CSV
2026-07-06,2026-07-06T11:24:33+08:00,300004,南风股份,9.71,-2.8,-0.28,96690.0,95603093.0,本地最近行情CSV
2026-07-06,2026-07-06T11:24:33+08:00,600479,千金药业,9.7,0.94,0.09,33173.0,32147477.0,本地最近行情CSV
2026-07-06,2026-07-06T11:24:33+08:00,603488,展鹏科技,9.69,-5.92,-0.61,135276.0,133241238.0,本地最近行情CSV
2026-07-06,2026-07-06T11:24:33+08:00,601918,新集能源,9.69,5.56,0.51,545986.0,516831498.0,本地最近行情CSV
2026-07-06,2026-07-06T11:24:33+08:00,301277,新天地,9.69,0.83,0.08,32729.0,31670058.2,本地最近行情CSV
2026-07-06,2026-07-06T11:24:33+08:00,000697,炼石航空,9.68,-3.68,-0.37,99737.0,98238933.6,本地最近行情CSV
2026-07-06,2026-07-06T11:24:33+08:00,600081,东风科技,9.67,-0.82,-0.08,19981.0,19365392.0,本地最近行情CSV
2026-07-06,2026-07-06T11:24:33+08:00,300453,三鑫医疗,9.67,1.04,0.1,40266.0,38720007.2,本地最近行情CSV
2026-07-06,2026-07-06T11:24:33+08:00,600416,湘电股份,9.66,-2.91,-0.29,158899.0,156193611.0,本地最近行情CSV
2026-07-06,2026-07-06T11:24:33+08:00,002930,宏川智慧,9.66,-1.63,-0.16,112199.0,110617133.77,本地最近行情CSV
2026-07-06,2026-07-06T11:24:33+08:00,603787,新日股份,9.65,-0.1,-0.01,18163.0,17551227.0,本地最近行情CSV
2026-07-06,2026-07-06T11:24:33+08:00,002184,海得控制,9.65,-3.31,-0.33,82261.0,80917821.0,本地最近行情CSV
2026-07-06,2026-07-06T11:24:33+08:00,000828,东莞控股,9.65,-0.31,-0.03,25743.0,24886899.48,本地最近行情CSV
2026-07-06,2026-07-06T11:24:33+08:00,603577,汇金通,9.64,-2.23,-0.22,28603.0,28048804.0,本地最近行情CSV
2026-07-06,2026-07-06T11:24:33+08:00,600452,涪陵电力,9.64,-0.72,-0.07,206929.0,201403670.0,本地最近行情CSV
2026-07-06,2026-07-06T11:24:33+08:00,300149,睿智医药,9.64,1.37,0.13,311312.0,301484444.34,本地最近行情CSV
2026-07-06,2026-07-06T11:24:33+08:00,002836,新宏泽,9.64,-1.83,-0.18,14365.0,14084824.0,本地最近行情CSV
2026-07-06,2026-07-06T11:24:33+08:00,603918,金桥信息,9.63,-1.33,-0.13,36192.0,35145837.0,本地最近行情CSV
2026-07-06,2026-07-06T11:24:33+08:00,300141,和顺电气,9.63,-2.03,-0.2,39198.0,38595908.0,本地最近行情CSV
2026-07-06,2026-07-06T11:24:33+08:00,300665,飞鹿股份,9.62,-0.93,-0.09,92001.0,88823522.88,本地最近行情CSV
2026-07-06,2026-07-06T11:24:33+08:00,600859,王府井,9.61,1.37,0.13,111311.0,106862224.0,本地最近行情CSV
2026-07-06,2026-07-06T11:24:33+08:00,002053,云南能投,9.61,0.42,0.04,109442.0,107179903.0,本地最近行情CSV
2026-07-06,2026-07-06T11:24:33+08:00,605377,华旺科技,9.6,8.84,0.78,144732.0,134205940.0,本地最近行情CSV
2026-07-06,2026-07-06T11:24:33+08:00,300154,瑞凌股份,9.6,-3.9,-0.39,130181.0,126642543.0,本地最近行情CSV
2026-07-06,2026-07-06T11:24:33+08:00,603809,豪能股份,9.59,-2.34,-0.23,152071.0,147648696.0,本地最近行情CSV
2026-07-06,2026-07-06T11:24:33+08:00,603628,清源股份,9.59,-0.42,-0.04,21626.0,20907810.0,本地最近行情CSV
2026-07-06,2026-07-06T11:24:33+08:00,601939,建设银行,9.59,1.05,0.1,563609.0,534725504.0,本地最近行情CSV
2026-07-06,2026-07-06T11:24:33+08:00,300541,先进数通,9.58,-1.74,-0.17,39748.0,38538386.7,本地最近行情CSV
2026-07-06,2026-07-06T11:24:33+08:00,000783,长江证券,9.58,-4.01,-0.4,1670166.0,1631090873.24,本地最近行情CSV
2026-07-06,2026-07-06T11:24:33+08:00,000411,英特集团,9.57,0.31,0.03,22684.0,21749076.6,本地最近行情CSV
2026-07-06,2026-07-06T11:24:33+08:00,300701,森霸传感,9.55,-2.45,-0.24,38356.0,36751403.75,本地最近行情CSV
2026-07-06,2026-07-06T11:24:33+08:00,002488,金固股份,9.55,-0.73,-0.07,120499.0,115394784.78,本地最近行情CSV
2026-07-06,2026-07-06T11:24:33+08:00,603600,永艺股份,9.54,1.38,0.13,31903.0,30386818.0,本地最近行情CSV
2026-07-06,2026-07-06T11:24:33+08:00,600958,东方证券,9.54,-0.21,-0.02,392110.0,375809358.0,本地最近行情CSV
2026-07-06,2026-07-06T11:24:33+08:00,300306,远方信息,9.53,-3.64,-0.36,24327.0,23588673.0,本地最近行情CSV
2026-07-06,2026-07-06T11:24:33+08:00,603968,醋化股份,9.52,-1.65,-0.16,13009.0,12530552.0,本地最近行情CSV
2026-07-06,2026-07-06T11:24:33+08:00,002950,奥美医疗,9.52,0.95,0.09,74218.0,70692698.0,本地最近行情CSV
2026-07-06,2026-07-06T11:24:33+08:00,002072,凯瑞德,9.52,-1.24,-0.12,543841.0,525456061.13,本地最近行情CSV
2026-07-06,2026-07-06T11:24:33+08:00,000065,北方国际,9.52,-2.56,-0.25,98320.0,94275446.19,本地最近行情CSV
2026-07-06,2026-07-06T11:24:33+08:00,603329,上海雅仕,9.51,-0.42,-0.04,14259.0,13624502.0,本地最近行情CSV
2026-07-06,2026-07-06T11:24:33+08:00,300659,中孚信息,9.51,-3.26,-0.32,45073.0,43478183.2,本地最近行情CSV
2026-07-06,2026-07-06T11:24:33+08:00,300551,古鳌科技,9.51,-4.04,-0.4,50792.0,49766299.0,本地最近行情CSV
2026-07-06,2026-07-06T11:24:33+08:00,688098,申联生物,9.5,-3.85,-0.38,74529.0,72255886.0,本地最近行情CSV
2026-07-06,2026-07-06T11:24:33+08:00,600476,*ST湘邮,9.5,1.17,0.11,22374.0,21703313.0,本地最近行情CSV
2026-07-06,2026-07-06T11:24:33+08:00,300188,国投智能,9.5,-3.75,-0.37,61706.0,59848452.08,本地最近行情CSV
2026-07-06,2026-07-06T11:24:33+08:00,002584,西陇科学,9.5,-4.52,-0.45,536323.0,518291843.0,本地最近行情CSV
2026-07-06,2026-07-06T11:24:33+08:00,603551,奥普科技,9.49,-0.11,-0.01,10745.0,10207302.0,本地最近行情CSV
2026-07-06,2026-07-06T11:24:33+08:00,600826,兰生股份,9.49,-0.32,-0.03,59328.0,57099300.0,本地最近行情CSV
2026-07-06,2026-07-06T11:24:33+08:00,300212,*ST易录,9.48,4.52,0.41,168282.0,162751823.33,本地最近行情CSV
2026-07-06,2026-07-06T11:24:33+08:00,300096,ST易联众,9.48,-1.25,-0.12,15559.0,14899713.0,本地最近行情CSV
2026-07-06,2026-07-06T11:24:33+08:00,300654,世纪天鸿,9.46,0.0,0.0,59785.0,56963385.41,本地最近行情CSV
2026-07-06,2026-07-06T11:24:33+08:00,002893,京能热力,9.46,-1.25,-0.12,30922.0,29439762.0,本地最近行情CSV
2026-07-06,2026-07-06T11:24:33+08:00,605169,洪通燃气,9.45,-0.42,-0.04,14024.0,13306356.0,本地最近行情CSV
2026-07-06,2026-07-06T11:24:33+08:00,002255,海陆重工,9.44,-0.11,-0.01,133421.0,127240078.1,本地最近行情CSV
2026-07-06,2026-07-06T11:24:33+08:00,000888,峨眉山Ａ,9.44,1.29,0.12,43885.0,41434899.2,本地最近行情CSV
2026-07-06,2026-07-06T11:24:33+08:00,605268,王力安防,9.43,-0.11,-0.01,13674.0,12944165.0,本地最近行情CSV
2026-07-06,2026-07-06T11:24:33+08:00,600639,浦东金桥,9.42,-0.11,-0.01,22796.0,21474304.0,本地最近行情CSV
2026-07-06,2026-07-06T11:24:33+08:00,600236,桂冠电力,9.42,-1.26,-0.12,63085.0,59864284.0,本地最近行情CSV
2026-07-06,2026-07-06T11:24:33+08:00,300517,海波重科,9.42,-0.42,-0.04,32267.0,30588596.0,本地最近行情CSV
2026-07-06,2026-07-06T11:24:33+08:00,002413,雷科防务,9.42,-5.52,-0.55,516191.0,502958973.9,本地最近行情CSV
2026-07-06,2026-07-06T11:24:33+08:00,300404,博济医药,9.41,1.51,0.14,134231.0,126564983.07,本地最近行情CSV
2026-07-06,2026-07-06T11:24:33+08:00,300125,*ST聆达,9.41,-1.98,-0.19,23420.0,22193370.0,本地最近行情CSV
2026-07-06,2026-07-06T11:24:33+08:00,002892,科力尔,9.41,-5.52,-0.55,111327.0,106610964.4,本地最近行情CSV
2026-07-06,2026-07-06T11:24:33+08:00,001965,招商公路,9.41,0.64,0.06,51141.0,48106853.44,本地最近行情CSV
2026-07-06,2026-07-06T11:24:33+08:00,002201,九鼎新材,9.4,-8.83,-0.91,318983.0,312099273.4,本地最近行情CSV
2026-07-06,2026-07-06T11:24:33+08:00,002855,捷荣技术,9.39,-2.9,-0.28,23682.0,22677571.0,本地最近行情CSV
2026-07-06,2026-07-06T11:24:33+08:00,603887,城地香江,9.38,-0.11,-0.01,99576.0,93702812.0,本地最近行情CSV
2026-07-06,2026-07-06T11:24:33+08:00,300320,海达股份,9.38,-1.88,-0.18,76672.0,72324780.4,本地最近行情CSV
2026-07-06,2026-07-06T11:24:33+08:00,600775,南京熊猫,9.37,-3.0,-0.29,82525.0,78502280.0,本地最近行情CSV
2026-07-06,2026-07-06T11:24:33+08:00,300146,汤臣倍健,9.37,0.21,0.02,76334.0,71393319.31,本地最近行情CSV
2026-07-06,2026-07-06T11:24:33+08:00,002728,特一药业,9.37,0.0,0.0,236090.0,222380193.92,本地最近行情CSV
2026-07-06,2026-07-06T11:24:33+08:00,002090,金智科技,9.37,-2.29,-0.22,124117.0,118562669.65,本地最近行情CSV
2026-07-06,2026-07-06T11:24:33+08:00,603108,润达医疗,9.36,-1.47,-0.14,85296.0,80465812.0,本地最近行情CSV
2026-07-06,2026-07-06T11:24:33+08:00,600817,宇通重工,9.36,0.54,0.05,12240.0,11450981.0,本地最近行情CSV
2026-07-06,2026-07-06T11:24:33+08:00,002152,广电运通,9.36,-1.58,-0.15,115317.0,108601399.25,本地最近行情CSV
2026-07-06,2026-07-06T11:24:33+08:00,002111,威海广泰,9.36,-0.32,-0.03,52386.0,49171770.68,本地最近行情CSV
2026-07-06,2026-07-06T11:24:33+08:00,688247,宣泰医药,9.34,-0.74,-0.07,100847.0,94816106.0,本地最近行情CSV
2026-07-06,2026-07-06T11:24:33+08:00,002351,漫步者,9.33,-1.89,-0.18,48114.0,45086757.0,本地最近行情CSV
2026-07-06,2026-07-06T11:24:33+08:00,000795,英洛华,9.33,-4.11,-0.4,227671.0,216432472.0,本地最近行情CSV
2026-07-06,2026-07-06T11:24:33+08:00,600573,惠泉啤酒,9.32,-0.75,-0.07,48838.0,45662691.0,本地最近行情CSV
2026-07-06,2026-07-06T11:24:33+08:00,300088,长信科技,9.32,-5.67,-0.56,1632985.0,1558311185.72,本地最近行情CSV
2026-07-06,2026-07-06T11:24:33+08:00,300605,恒锋信息,9.31,-2.51,-0.24,33654.0,31952244.0,本地最近行情CSV
2026-07-06,2026-07-06T11:24:33+08:00,300514,友讯达,9.31,-3.02,-0.29,21135.0,20056468.8,本地最近行情CSV
2026-07-06,2026-07-06T11:24:33+08:00,002312,川发龙蟒,9.31,1.2,0.11,197455.0,184630335.78,本地最近行情CSV
2026-07-06,2026-07-06T11:24:33+08:00,002101,广东鸿图,9.31,0.22,0.02,36613.0,34144395.4,本地最近行情CSV
2026-07-06,2026-07-06T11:24:33+08:00,603559,中通国脉,9.3,-6.16,-0.61,199480.0,190319963.0,本地最近行情CSV
2026-07-06,2026-07-06T11:24:33+08:00,002458,益生股份,9.3,2.65,0.24,1013561.0,934416510.67,本地最近行情CSV
2026-07-06,2026-07-06T11:24:33+08:00,605577,龙版传媒,9.29,1.09,0.1,17251.0,16093959.0,本地最近行情CSV
2026-07-06,2026-07-06T11:24:33+08:00,002181,粤 传 媒,9.29,-0.75,-0.07,404290.0,385295682.4,本地最近行情CSV
2026-07-06,2026-07-06T11:24:33+08:00,002140,东华科技,9.29,0.0,0.0,38156.0,35647282.16,本地最近行情CSV
2026-07-06,2026-07-06T11:24:33+08:00,688575,亚辉龙,9.28,-0.11,-0.01,42204.0,39327039.0,本地最近行情CSV
2026-07-06,2026-07-06T11:24:33+08:00,600589,大位科技,9.28,-3.33,-0.32,496131.0,462674940.0,本地最近行情CSV
2026-07-06,2026-07-06T11:24:33+08:00,600577,精达股份,9.28,-4.23,-0.41,459992.0,437936117.0,本地最近行情CSV
2026-07-06,2026-07-06T11:24:33+08:00,301116,益客食品,9.28,2.88,0.26,30062.0,27830115.0,本地最近行情CSV
2026-07-06,2026-07-06T11:24:33+08:00,000859,国风新材,9.28,-2.42,-0.23,251169.0,234507103.74,本地最近行情CSV
2026-07-06,2026-07-06T11:24:33+08:00,600588,用友网络,9.27,-0.43,-0.04,190769.0,175999171.0,本地最近行情CSV
2026-07-06,2026-07-06T11:24:33+08:00,600056,中国医药,9.27,1.64,0.15,136348.0,125957348.0,本地最近行情CSV
2026-07-06,2026-07-06T11:24:33+08:00,000925,众合科技,9.26,-5.12,-0.5,457039.0,430626419.45,本地最近行情CSV
2026-07-06,2026-07-06T11:24:33+08:00,000533,顺钠股份,9.26,-2.11,-0.2,149704.0,142703782.44,本地最近行情CSV
2026-07-06,2026-07-06T11:24:33+08:00,300968,格林精密,9.25,-3.34,-0.32,33156.0,31218110.7,本地最近行情CSV
2026-07-06,2026-07-06T11:24:33+08:00,002235,安妮股份,9.25,-0.64,-0.06,272919.0,250111632.6,本地最近行情CSV
2026-07-06,2026-07-06T11:24:33+08:00,002248,华东数控,9.23,-3.05,-0.29,102004.0,96244773.0,本地最近行情CSV
2026-07-06,2026-07-06T11:24:33+08:00,600025,华能水电,9.22,0.33,0.03,158011.0,144504936.0,本地最近行情CSV
2026-07-06,2026-07-06T11:24:33+08:00,605166,聚合顺,9.21,-2.13,-0.2,53519.0,49879706.0,本地最近行情CSV
2026-07-06,2026-07-06T11:24:33+08:00,301126,达嘉维康,9.21,-0.22,-0.02,25116.0,23329058.0,本地最近行情CSV
2026-07-06,2026-07-06T11:24:33+08:00,300625,三雄极光,9.21,-1.29,-0.12,10688.0,9944937.0,本地最近行情CSV
2026-07-06,2026-07-06T11:24:33+08:00,688588,凌志软件,9.2,-2.23,-0.21,17125.0,15962348.0,本地最近行情CSV
2026-07-06,2026-07-06T11:24:33+08:00,000014,沙河股份,9.18,-3.37,-0.32,34408.0,32217215.8,本地最近行情CSV
2026-07-06,2026-07-06T11:24:33+08:00,300420,五洋自控,9.17,-7.19,-0.71,1214846.0,1155977868.25,本地最近行情CSV
2026-07-06,2026-07-06T11:24:33+08:00,603230,内蒙新华,9.16,0.55,0.05,10637.0,9759813.0,本地最近行情CSV
2026-07-06,2026-07-06T11:24:33+08:00,688469,芯联集成-U,9.15,-2.14,-0.2,1801490.0,1647550991.0,本地最近行情CSV
2026-07-06,2026-07-06T11:24:33+08:00,605300,佳禾食品,9.12,1.0,0.09,40676.0,37152247.0,本地最近行情CSV
2026-07-06,2026-07-06T11:24:33+08:00,603708,家家悦,9.12,1.79,0.16,21494.0,19532240.0,本地最近行情CSV
2026-07-06,2026-07-06T11:24:33+08:00,603648,畅联股份,9.12,-0.33,-0.03,18754.0,17178819.0,本地最近行情CSV
2026-07-06,2026-07-06T11:24:33+08:00,300410,正业科技,9.12,-6.84,-0.67,195290.0,183499103.1,本地最近行情CSV
2026-07-06,2026-07-06T11:24:33+08:00,603719,良品铺子,9.11,1.11,0.1,25987.0,23673162.0,本地最近行情CSV
2026-07-06,2026-07-06T11:24:33+08:00,600851,海欣股份,9.11,-0.44,-0.04,236763.0,217565986.0,本地最近行情CSV
2026-07-06,2026-07-06T11:24:33+08:00,002582,好想你,9.11,1.56,0.14,107498.0,97705848.0,本地最近行情CSV
2026-07-06,2026-07-06T11:24:33+08:00,600480,凌云股份,9.1,-1.09,-0.1,167192.0,152941529.0,本地最近行情CSV
2026-07-06,2026-07-06T11:24:33+08:00,600152,维科技术,9.1,-2.57,-0.24,181114.0,168945631.0,本地最近行情CSV
2026-07-06,2026-07-06T11:24:33+08:00,300500,启迪设计,9.1,-1.19,-0.11,19418.0,17909780.0,本地最近行情CSV
2026-07-06,2026-07-06T11:24:33+08:00,300288,朗玛信息,9.1,-0.87,-0.08,26608.0,24447408.0,本地最近行情CSV
2026-07-06,2026-07-06T11:24:33+08:00,603299,苏盐井神,9.09,0.78,0.07,25058.0,22833376.0,本地最近行情CSV
2026-07-06,2026-07-06T11:24:33+08:00,603081,大丰实业,9.08,-1.09,-0.1,20744.0,19029120.0,本地最近行情CSV
2026-07-06,2026-07-06T11:24:33+08:00,601108,XD财通证,9.08,0.11,0.01,555663.0,503891219.0,本地最近行情CSV
2026-07-06,2026-07-06T11:24:33+08:00,600156,华升股份,9.08,-4.62,-0.44,161154.0,148601885.0,本地最近行情CSV
2026-07-06,2026-07-06T11:24:33+08:00,002194,武汉凡谷,9.08,-4.92,-0.47,173682.0,160855983.78,本地最近行情CSV
2026-07-06,2026-07-06T11:24:33+08:00,688528,秦川物联,9.07,-3.3,-0.31,14058.0,12947791.0,本地最近行情CSV
2026-07-06,2026-07-06T11:24:33+08:00,603838,*ST四通,9.07,-1.63,-0.15,12410.0,11292884.0,本地最近行情CSV
2026-07-06,2026-07-06T11:24:33+08:00,601928,凤凰传媒,9.07,1.8,0.16,52872.0,47665656.0,本地最近行情CSV
2026-07-06,2026-07-06T11:24:33+08:00,002953,日丰股份,9.06,-0.98,-0.09,29526.0,27013068.29,本地最近行情CSV
2026-07-06,2026-07-06T11:24:33+08:00,601857,中国石油,9.05,0.89,0.08,721350.0,652421067.0,本地最近行情CSV
2026-07-06,2026-07-06T11:24:33+08:00,300471,厚普股份,9.05,-0.98,-0.09,42263.0,38862055.75,本地最近行情CSV
2026-07-06,2026-07-06T11:24:33+08:00,002617,露笑科技,9.05,-1.09,-0.1,1077974.0,985277148.78,本地最近行情CSV
2026-07-06,2026-07-06T11:24:33+08:00,001217,华尔泰,9.05,0.56,0.05,28382.0,25868180.0,本地最近行情CSV
2026-07-06,2026-07-06T11:24:33+08:00,603676,卫信康,9.03,2.5,0.22,22617.0,20360746.0,本地最近行情CSV
2026-07-06,2026-07-06T11:24:33+08:00,603167,渤海轮渡,9.03,0.33,0.03,22890.0,20627397.0,本地最近行情CSV
2026-07-06,2026-07-06T11:24:33+08:00,600679,上海凤凰,9.03,-1.85,-0.17,10584.0,9658676.0,本地最近行情CSV
2026-07-06,2026-07-06T11:24:33+08:00,600420,国药现代,9.03,1.23,0.11,114048.0,102223503.0,本地最近行情CSV
2026-07-06,2026-07-06T11:24:33+08:00,002723,小崧股份,9.03,-5.64,-0.54,109185.0,101572316.0,本地最近行情CSV
2026-07-06,2026-07-06T11:24:33+08:00,002515,金字火腿,9.03,-5.64,-0.54,473970.0,435461836.65,本地最近行情CSV
2026-07-06,2026-07-06T11:24:33+08:00,002357,富临运业,9.03,-0.88,-0.08,47259.0,42320737.0,本地最近行情CSV
2026-07-06,2026-07-06T11:24:33+08:00,000678,襄阳轴承,9.03,-5.84,-0.56,158903.0,146748426.05,本地最近行情CSV
2026-07-06,2026-07-06T11:24:33+08:00,688148,芳源股份,9.02,-1.1,-0.1,189566.0,175744651.0,本地最近行情CSV
2026-07-06,2026-07-06T11:24:33+08:00,002456,欧菲光,9.02,-2.59,-0.24,668655.0,605953781.86,本地最近行情CSV
2026-07-06,2026-07-06T11:24:33+08:00,301048,金鹰重工,9.01,0.22,0.02,30956.0,28004800.39,本地最近行情CSV
2026-07-06,2026-07-06T11:24:33+08:00,600843,上工申贝,9.0,2.51,0.22,148302.0,132561173.0,本地最近行情CSV
2026-07-06,2026-07-06T11:24:33+08:00,600251,XD冠农股,9.0,1.58,0.14,53087.0,47608739.0,本地最近行情CSV
2026-07-06,2026-07-06T11:24:33+08:00,601229,上海银行,8.99,0.78,0.07,282207.0,251280560.0,本地最近行情CSV
2026-07-06,2026-07-06T11:24:33+08:00,600191,华资实业,8.99,-2.18,-0.2,30601.0,27820174.0,本地最近行情CSV
2026-07-06,2026-07-06T11:24:33+08:00,002296,辉煌科技,8.99,-2.71,-0.25,67554.0,61376584.0,本地最近行情CSV
2026-07-06,2026-07-06T11:24:33+08:00,603053,成都燃气,8.98,1.24,0.11,15239.0,13611803.0,本地最近行情CSV
2026-07-06,2026-07-06T11:24:33+08:00,002416,爱施德,8.98,-1.21,-0.11,101349.0,91382182.36,本地最近行情CSV
2026-07-06,2026-07-06T11:24:33+08:00,002096,易普力,8.98,-1.1,-0.1,40567.0,36836966.0,本地最近行情CSV
2026-07-06,2026-07-06T11:24:33+08:00,300787,海能实业,8.97,-4.37,-0.41,46967.0,42926942.6,本地最近行情CSV
2026-07-06,2026-07-06T11:24:33+08:00,601456,国联民生,8.96,-0.67,-0.06,178725.0,161179128.0,本地最近行情CSV
2026-07-06,2026-07-06T11:24:33+08:00,600461,洪城环境,8.96,0.45,0.04,72350.0,64584420.0,本地最近行情CSV
2026-07-06,2026-07-06T11:24:33+08:00,000929,兰州黄河,8.96,-0.99,-0.09,19246.0,17349626.0,本地最近行情CSV
2026-07-06,2026-07-06T11:24:33+08:00,600109,国金证券,8.94,0.34,0.03,240320.0,214513887.0,本地最近行情CSV
2026-07-06,2026-07-06T11:24:33+08:00,002423,中粮资本,8.94,-0.67,-0.06,105760.0,95672060.19,本地最近行情CSV
2026-07-06,2026-07-06T11:24:33+08:00,000712,锦龙股份,8.94,-1.22,-0.11,98900.0,89307812.57,本地最近行情CSV
2026-07-06,2026-07-06T11:24:33+08:00,603089,正裕工业,8.93,0.0,0.0,19724.0,17617592.0,本地最近行情CSV
2026-07-06,2026-07-06T11:24:33+08:00,600642,申能股份,8.92,-0.45,-0.04,119474.0,106544034.0,本地最近行情CSV
2026-07-06,2026-07-06T11:24:33+08:00,301102,兆讯传媒,8.92,-1.44,-0.13,8403.0,7559230.8,本地最近行情CSV
2026-07-06,2026-07-06T11:24:33+08:00,300097,智云股份,8.92,-2.41,-0.22,47463.0,42579484.0,本地最近行情CSV
2026-07-06,2026-07-06T11:24:33+08:00,600992,贵绳股份,8.91,-5.21,-0.49,56795.0,52256901.0,本地最近行情CSV
2026-07-06,2026-07-06T11:24:33+08:00,300095,华伍股份,8.91,-3.26,-0.3,87156.0,79284044.2,本地最近行情CSV
2026-07-06,2026-07-06T11:24:33+08:00,300047,天源迪科,8.91,-1.76,-0.16,73101.0,65786259.6,本地最近行情CSV
2026-07-06,2026-07-06T11:24:33+08:00,002820,桂发祥,8.91,0.0,0.0,28453.0,25630950.0,本地最近行情CSV
2026-07-06,2026-07-06T11:24:33+08:00,603909,建发合诚,8.9,-1.44,-0.13,12583.0,11348706.0,本地最近行情CSV
2026-07-06,2026-07-06T11:24:33+08:00,300463,迈克生物,8.89,1.6,0.14,52804.0,46830508.29,本地最近行情CSV
2026-07-06,2026-07-06T11:24:33+08:00,000990,诚志股份,8.89,0.45,0.04,258972.0,233606579.95,本地最近行情CSV
2026-07-06,2026-07-06T11:24:33+08:00,301082,久盛电气,8.88,-2.74,-0.25,43426.0,39368845.07,本地最近行情CSV
2026-07-06,2026-07-06T11:24:33+08:00,601985,中国核电,8.87,0.11,0.01,582345.0,514508528.0,本地最近行情CSV
2026-07-06,2026-07-06T11:24:33+08:00,600226,亨通股份,8.86,-3.7,-0.34,1583233.0,1431432576.0,本地最近行情CSV
2026-07-06,2026-07-06T11:24:33+08:00,300303,聚飞光电,8.86,-2.1,-0.19,511320.0,455873431.19,本地最近行情CSV
2026-07-06,2026-07-06T11:24:33+08:00,300082,奥克股份,8.86,-2.1,-0.19,63172.0,56550512.15,本地最近行情CSV
2026-07-06,2026-07-06T11:24:33+08:00,002003,伟星股份,8.86,0.91,0.08,45562.0,40045435.2,本地最近行情CSV
2026-07-06,2026-07-06T11:24:33+08:00,002215,诺 普 信,8.85,0.23,0.02,92403.0,81928017.0,本地最近行情CSV
2026-07-06,2026-07-06T11:24:33+08:00,301060,兰卫医学,8.84,-0.79,-0.07,39705.0,35394906.0,本地最近行情CSV
2026-07-06,2026-07-06T11:24:33+08:00,300313,天山生物,8.84,-1.01,-0.09,53796.0,48049065.0,本地最近行情CSV
2026-07-06,2026-07-06T11:24:33+08:00,603136,天目湖,8.83,0.68,0.06,13075.0,11554544.0,本地最近行情CSV
2026-07-06,2026-07-06T11:24:33+08:00,601577,长沙银行,8.83,1.15,0.1,132254.0,116104275.0,本地最近行情CSV
2026-07-06,2026-07-06T11:24:33+08:00,301301,川宁生物,8.83,3.4,0.29,164674.0,143507390.0,本地最近行情CSV
2026-07-06,2026-07-06T11:24:33+08:00,605337,李子园,8.81,1.26,0.11,21719.0,19074028.0,本地最近行情CSV
2026-07-06,2026-07-06T11:24:33+08:00,600000,浦发银行,8.81,1.38,0.12,451092.0,394906510.0,本地最近行情CSV
2026-07-06,2026-07-06T11:24:33+08:00,002186,全 聚 德,8.8,1.15,0.1,22157.0,19519606.21,本地最近行情CSV
2026-07-06,2026-07-06T11:24:33+08:00,001338,永顺泰,8.8,-0.56,-0.05,28413.0,25125997.0,本地最近行情CSV
2026-07-06,2026-07-06T11:24:33+08:00,603055,台华新材,8.79,1.03,0.09,65512.0,57997075.0,本地最近行情CSV
2026-07-06,2026-07-06T11:24:33+08:00,600548,深高速,8.79,1.27,0.11,18945.0,16525557.0,本地最近行情CSV
2026-07-06,2026-07-06T11:24:33+08:00,000037,深南电A,8.79,-2.44,-0.22,88995.0,78848729.49,本地最近行情CSV
2026-07-06,2026-07-06T11:24:33+08:00,300057,万顺新材,8.77,4.28,0.36,545595.0,471235784.14,本地最近行情CSV
2026-07-06,2026-07-06T11:24:33+08:00,002632,道明光学,8.77,-1.79,-0.16,72029.0,63784756.0,本地最近行情CSV
2026-07-06,2026-07-06T11:24:33+08:00,301098,金埔园林,8.76,6.31,0.52,109484.0,95327970.32,本地最近行情CSV
2026-07-06,2026-07-06T11:24:33+08:00,300348,长亮科技,8.76,-2.23,-0.2,71123.0,63087154.3,本地最近行情CSV
2026-07-06,2026-07-06T11:24:33+08:00,601566,九牧王,8.74,0.46,0.04,43364.0,37926649.0,本地最近行情CSV
2026-07-06,2026-07-06T11:24:33+08:00,001356,富岭股份,8.74,0.92,0.08,13095.0,11436553.18,本地最近行情CSV
2026-07-06,2026-07-06T11:24:33+08:00,300795,米奥会展,8.73,-0.91,-0.08,24443.0,21527606.0,本地最近行情CSV
2026-07-06,2026-07-06T11:24:33+08:00,603318,水发燃气,8.72,-6.03,-0.56,223601.0,200457895.0,本地最近行情CSV
2026-07-06,2026-07-06T11:24:33+08:00,603966,法兰泰克,8.7,0.23,0.02,60896.0,53483830.0,本地最近行情CSV
2026-07-06,2026-07-06T11:24:33+08:00,601519,大智慧,8.7,-1.92,-0.17,269624.0,238070053.0,本地最近行情CSV
2026-07-06,2026-07-06T11:24:33+08:00,300439,美康生物,8.7,1.99,0.17,30730.0,26633123.0,本地最近行情CSV
2026-07-06,2026-07-06T11:24:33+08:00,002883,*ST中设,8.7,-2.47,-0.22,13483.0,11801624.0,本地最近行情CSV
2026-07-06,2026-07-06T11:24:33+08:00,300254,仟源医药,8.68,0.12,0.01,77845.0,67959396.69,本地最近行情CSV
2026-07-06,2026-07-06T11:24:33+08:00,600072,中船科技,8.67,-2.14,-0.19,165503.0,145850110.0,本地最近行情CSV
2026-07-06,2026-07-06T11:24:33+08:00,002286,保龄宝,8.67,-1.59,-0.14,41273.0,35825213.0,本地最近行情CSV
2026-07-06,2026-07-06T11:24:33+08:00,600630,龙头股份,8.66,-9.98,-0.96,189211.0,164520939.0,本地最近行情CSV
2026-07-06,2026-07-06T11:24:33+08:00,300509,新美星,8.66,-2.81,-0.25,35274.0,31022611.0,本地最近行情CSV
2026-07-06,2026-07-06T11:24:33+08:00,300051,琏升科技,8.65,-4.42,-0.4,59760.0,53118133.0,本地最近行情CSV
2026-07-06,2026-07-06T11:24:33+08:00,000050,深天马Ａ,8.65,-4.42,-0.4,527594.0,464493588.91,本地最近行情CSV
2026-07-06,2026-07-06T11:24:33+08:00,002716,湖南白银,8.64,2.37,0.2,2124921.0,1902169393.22,本地最近行情CSV
2026-07-06,2026-07-06T11:24:33+08:00,603330,天洋新材,8.62,-1.49,-0.13,207160.0,181749687.0,本地最近行情CSV
2026-07-06,2026-07-06T11:24:33+08:00,603058,永吉股份,8.62,-1.49,-0.13,29529.0,25652737.0,本地最近行情CSV
2026-07-06,2026-07-06T11:24:33+08:00,000686,东北证券,8.62,0.12,0.01,199335.0,172011718.6,本地最近行情CSV
2026-07-06,2026-07-06T11:24:33+08:00,000600,建投能源,8.62,-4.33,-0.39,238303.0,209922654.25,本地最近行情CSV
2026-07-06,2026-07-06T11:24:33+08:00,601360,三六零,8.61,-1.15,-0.1,410067.0,356257350.0,本地最近行情CSV
2026-07-06,2026-07-06T11:24:33+08:00,600428,中远海特,8.61,-0.23,-0.02,161682.0,139604694.0,本地最近行情CSV
2026-07-06,2026-07-06T11:24:33+08:00,002968,新大正,8.61,-2.16,-0.19,20796.0,18166546.42,本地最近行情CSV
2026-07-06,2026-07-06T11:24:33+08:00,002588,史丹利,8.61,3.11,0.26,165267.0,142075551.7,本地最近行情CSV
2026-07-06,2026-07-06T11:24:33+08:00,002372,伟星新材,8.61,0.7,0.06,41568.0,35742735.81,本地最近行情CSV
2026-07-06,2026-07-06T11:24:33+08:00,002295,精艺股份,8.61,-2.05,-0.18,23048.0,20353422.0,本地最近行情CSV
2026-07-06,2026-07-06T11:24:33+08:00,000779,甘咨询,8.61,2.5,0.21,110987.0,95063029.32,本地最近行情CSV
2026-07-06,2026-07-06T11:24:33+08:00,002354,天娱数科,8.6,-8.22,-0.77,3543690.0,3241395168.55,本地最近行情CSV
2026-07-06,2026-07-06T11:24:33+08:00,601969,海南矿业,8.59,-0.81,-0.07,144847.0,126768184.0,本地最近行情CSV
2026-07-06,2026-07-06T11:24:33+08:00,000590,古汉医药,8.59,-0.69,-0.06,22295.0,19349756.0,本地最近行情CSV
2026-07-06,2026-07-06T11:24:33+08:00,603229,奥翔药业,8.58,1.42,0.12,84679.0,72292898.0,本地最近行情CSV
2026-07-06,2026-07-06T11:24:33+08:00,601890,亚星锚链,8.58,-0.35,-0.03,131502.0,113775301.0,本地最近行情CSV
2026-07-06,2026-07-06T11:24:33+08:00,002249,大洋电机,8.56,2.76,0.23,1283293.0,1102271298.24,本地最近行情CSV
2026-07-06,2026-07-06T11:24:33+08:00,001914,招商积余,8.56,0.82,0.07,48717.0,41725501.08,本地最近行情CSV
2026-07-06,2026-07-06T11:24:33+08:00,603291,联合水务,8.55,0.94,0.08,29077.0,24911938.0,本地最近行情CSV
2026-07-06,2026-07-06T11:24:33+08:00,603012,创力集团,8.55,-3.06,-0.27,197595.0,171042315.0,本地最近行情CSV
2026-07-06,2026-07-06T11:24:33+08:00,301370,国科恒泰,8.55,0.71,0.06,19433.0,16654334.0,本地最近行情CSV
2026-07-06,2026-07-06T11:24:33+08:00,301009,可靠股份,8.55,-0.47,-0.04,14453.0,12444686.0,本地最近行情CSV
2026-07-06,2026-07-06T11:24:33+08:00,600648,外高桥,8.52,0.59,0.05,10670.0,9068990.0,本地最近行情CSV
2026-07-06,2026-07-06T11:24:33+08:00,600422,昆药集团,8.52,3.02,0.25,102948.0,87057324.0,本地最近行情CSV
2026-07-06,2026-07-06T11:24:33+08:00,600198,大唐电信,8.52,-6.06,-0.55,373293.0,325166489.0,本地最近行情CSV
2026-07-06,2026-07-06T11:24:33+08:00,002762,金发拉比,8.52,-1.05,-0.09,32646.0,27845967.0,本地最近行情CSV
2026-07-06,2026-07-06T11:24:33+08:00,300022,吉峰科技,8.51,3.65,0.3,79268.0,65958441.8,本地最近行情CSV
2026-07-06,2026-07-06T11:24:33+08:00,002033,丽江股份,8.51,0.0,0.0,73236.0,62458877.64,本地最近行情CSV
2026-07-06,2026-07-06T11:24:33+08:00,605567,春雪食品,8.5,-0.47,-0.04,22987.0,19694388.0,本地最近行情CSV
2026-07-06,2026-07-06T11:24:33+08:00,600153,建发股份,8.5,3.41,0.28,166894.0,141182190.0,本地最近行情CSV
2026-07-06,2026-07-06T11:24:33+08:00,300978,东箭科技,8.5,-2.07,-0.18,28030.0,24134116.0,本地最近行情CSV
2026-07-06,2026-07-06T11:24:33+08:00,300015,爱尔眼科,8.5,-0.58,-0.05,713148.0,608326134.59,本地最近行情CSV
2026-07-06,2026-07-06T11:24:33+08:00,601600,中国铝业,8.49,1.92,0.16,2281111.0,1955947214.0,本地最近行情CSV
2026-07-06,2026-07-06T11:24:33+08:00,600791,京能置业,8.49,4.69,0.38,187688.0,158945076.0,本地最近行情CSV
2026-07-06,2026-07-06T11:24:33+08:00,002960,青鸟智控,8.49,-3.08,-0.27,91034.0,77977174.46,本地最近行情CSV
2026-07-06,2026-07-06T11:24:33+08:00,603836,海程邦达,8.48,1.56,0.13,34122.0,28871314.0,本地最近行情CSV
2026-07-06,2026-07-06T11:24:33+08:00,002332,仙琚制药,8.47,1.07,0.09,112893.0,95415966.1,本地最近行情CSV
2026-07-06,2026-07-06T11:24:33+08:00,000989,九芝堂,8.47,1.93,0.16,103495.0,87528154.08,本地最近行情CSV
2026-07-06,2026-07-06T11:24:33+08:00,600099,林海股份,8.46,-1.74,-0.15,20813.0,17841567.0,本地最近行情CSV
2026-07-06,2026-07-06T11:24:33+08:00,000425,徐工机械,8.46,0.48,0.04,675832.0,576819494.78,本地最近行情CSV
2026-07-06,2026-07-06T11:24:33+08:00,600299,安迪苏,8.45,-0.24,-0.02,164259.0,140487295.0,本地最近行情CSV
2026-07-06,2026-07-06T11:24:33+08:00,603177,德创环保,8.44,0.72,0.06,32663.0,27831825.0,本地最近行情CSV
2026-07-06,2026-07-06T11:24:33+08:00,600860,京城股份,8.44,-3.1,-0.27,39042.0,33499482.0,本地最近行情CSV
2026-07-06,2026-07-06T11:24:33+08:00,600039,四川路桥,8.44,-0.12,-0.01,111851.0,93485768.0,本地最近行情CSV
2026-07-06,2026-07-06T11:24:33+08:00,300340,科恒股份,8.44,-2.65,-0.23,36005.0,31055759.4,本地最近行情CSV
2026-07-06,2026-07-06T11:24:33+08:00,603327,福蓉科技,8.43,-4.85,-0.43,372298.0,323709664.0,本地最近行情CSV
2026-07-06,2026-07-06T11:24:33+08:00,600865,百大集团,8.43,-1.75,-0.15,30648.0,26147243.0,本地最近行情CSV
2026-07-06,2026-07-06T11:24:33+08:00,002939,长城证券,8.43,-0.59,-0.05,170245.0,144169304.6,本地最近行情CSV
2026-07-06,2026-07-06T11:24:33+08:00,002926,华西证券,8.43,0.6,0.05,107243.0,90302011.91,本地最近行情CSV
2026-07-06,2026-07-06T11:24:33+08:00,002392,北京利尔,8.43,-3.21,-0.28,275444.0,236603622.0,本地最近行情CSV
2026-07-06,2026-07-06T11:24:33+08:00,601777,千里科技,8.41,3.19,0.26,303689.0,254862370.0,本地最近行情CSV
2026-07-06,2026-07-06T11:24:33+08:00,300016,北陆药业,8.41,1.33,0.11,227619.0,191835487.0,本地最近行情CSV
2026-07-06,2026-07-06T11:24:33+08:00,002163,海南发展,8.41,-3.0,-0.26,141968.0,121631195.84,本地最近行情CSV
2026-07-06,2026-07-06T11:24:33+08:00,603869,ST智知,8.4,-2.1,-0.18,7277.0,6172873.0,本地最近行情CSV
2026-07-06,2026-07-06T11:24:33+08:00,300210,森远股份,8.4,-5.62,-0.5,105337.0,90349132.36,本地最近行情CSV
2026-07-06,2026-07-06T11:24:33+08:00,300009,安科生物,8.38,2.7,0.22,246460.0,205752588.14,本地最近行情CSV
2026-07-06,2026-07-06T11:24:33+08:00,002029,七 匹 狼,8.38,-2.78,-0.24,172899.0,146085474.46,本地最近行情CSV
2026-07-06,2026-07-06T11:24:33+08:00,603387,基蛋生物,8.37,1.21,0.1,71134.0,59500249.0,本地最近行情CSV
2026-07-06,2026-07-06T11:24:33+08:00,600623,华谊集团,8.37,-1.76,-0.15,211481.0,179713930.0,本地最近行情CSV
2026-07-06,2026-07-06T11:24:33+08:00,603335,迪生力,8.36,-3.46,-0.3,251077.0,210867202.0,本地最近行情CSV
2026-07-06,2026-07-06T11:24:33+08:00,603008,ST喜临门,8.36,-0.59,-0.05,36595.0,31059371.0,本地最近行情CSV
2026-07-06,2026-07-06T11:24:33+08:00,600829,人民同泰,8.36,-0.48,-0.04,42303.0,35421984.0,本地最近行情CSV
2026-07-06,2026-07-06T11:24:33+08:00,600348,华阳股份,8.36,2.2,0.18,219763.0,183999232.0,本地最近行情CSV
2026-07-06,2026-07-06T11:24:33+08:00,300358,楚天科技,8.36,-1.07,-0.09,148491.0,125454724.64,本地最近行情CSV
2026-07-06,2026-07-06T11:24:33+08:00,002301,齐心集团,8.36,3.34,0.27,186227.0,155467553.79,本地最近行情CSV
2026-07-06,2026-07-06T11:24:33+08:00,688022,ST瀚川,8.35,-1.65,-0.14,20198.0,17051113.0,本地最近行情CSV
2026-07-06,2026-07-06T11:24:33+08:00,300494,盛天网络,8.35,-0.95,-0.08,48041.0,40549429.0,本地最近行情CSV
2026-07-06,2026-07-06T11:24:33+08:00,603022,新通联,8.34,0.0,0.0,25502.0,21453441.0,本地最近行情CSV
2026-07-06,2026-07-06T11:24:33+08:00,000409,云鼎科技,8.34,-1.3,-0.11,31045.0,26231231.0,本地最近行情CSV
2026-07-06,2026-07-06T11:24:33+08:00,688660,电气风电,8.33,-2.91,-0.25,91496.0,77400644.0,本地最近行情CSV
2026-07-06,2026-07-06T11:24:33+08:00,600867,通化东宝,8.33,1.22,0.1,319079.0,265643101.0,本地最近行情CSV
2026-07-06,2026-07-06T11:24:33+08:00,603222,济民健康,8.32,1.96,0.16,155887.0,129383892.0,本地最近行情CSV
2026-07-06,2026-07-06T11:24:33+08:00,000404,长虹华意,8.32,2.34,0.19,200116.0,164176807.5,本地最近行情CSV
2026-07-06,2026-07-06T11:24:33+08:00,002825,纳尔股份,8.31,-0.95,-0.08,20321.0,17076264.38,本地最近行情CSV
2026-07-06,2026-07-06T11:24:33+08:00,603969,银龙股份,8.3,2.85,0.23,126962.0,105167882.0,本地最近行情CSV
2026-07-06,2026-07-06T11:24:33+08:00,600644,乐山电力,8.3,-2.01,-0.17,99083.0,83379559.0,本地最近行情CSV
2026-07-06,2026-07-06T11:24:33+08:00,300063,天龙集团,8.29,-1.78,-0.15,220169.0,186018801.45,本地最近行情CSV
2026-07-06,2026-07-06T11:24:33+08:00,002679,福建金森,8.29,0.12,0.01,19146.0,15974601.0,本地最近行情CSV
2026-07-06,2026-07-06T11:24:33+08:00,002410,广联达,8.29,-1.07,-0.09,116579.0,97127516.24,本地最近行情CSV
2026-07-06,2026-07-06T11:24:33+08:00,603429,*ST集友,8.28,-4.28,-0.37,23628.0,20082693.0,本地最近行情CSV
2026-07-06,2026-07-06T11:24:33+08:00,002242,九阳股份,8.28,-0.36,-0.03,28627.0,23733824.4,本地最近行情CSV
2026-07-06,2026-07-06T11:24:33+08:00,300692,中赋科技,8.27,-2.25,-0.19,92153.0,76831580.31,本地最近行情CSV
2026-07-06,2026-07-06T11:24:33+08:00,002749,国光股份,8.26,1.23,0.1,14132.0,11655849.2,本地最近行情CSV
2026-07-06,2026-07-06T11:24:33+08:00,600283,钱江水利,8.25,1.1,0.09,15877.0,13098838.0,本地最近行情CSV
2026-07-06,2026-07-06T11:24:33+08:00,300163,先锋新材,8.25,10.0,0.75,709916.0,580341235.0,本地最近行情CSV
2026-07-06,2026-07-06T11:24:33+08:00,600097,开创国际,8.23,0.24,0.02,14990.0,12427799.0,本地最近行情CSV
2026-07-06,2026-07-06T11:24:33+08:00,600509,天富能源,8.22,0.0,0.0,355758.0,295779735.0,本地最近行情CSV
2026-07-06,2026-07-06T11:24:33+08:00,300056,中创环保,8.22,0.24,0.02,73546.0,60124312.64,本地最近行情CSV
2026-07-06,2026-07-06T11:24:33+08:00,688459,哈铁科技,8.21,-1.68,-0.14,5727.0,4735913.0,本地最近行情CSV
2026-07-06,2026-07-06T11:24:33+08:00,603536,惠发食品,8.21,0.49,0.04,25338.0,20977382.0,本地最近行情CSV
2026-07-06,2026-07-06T11:24:33+08:00,600722,金牛化工,8.21,-1.2,-0.1,119899.0,100137250.0,本地最近行情CSV
2026-07-06,2026-07-06T11:24:33+08:00,603518,锦泓集团,8.2,0.12,0.01,57073.0,46372453.0,本地最近行情CSV
2026-07-06,2026-07-06T11:24:33+08:00,301025,读客文化,8.2,-1.91,-0.16,34731.0,28963555.0,本地最近行情CSV
2026-07-06,2026-07-06T11:24:33+08:00,300219,鸿利智汇,8.2,-4.43,-0.38,314569.0,263051452.08,本地最近行情CSV
2026-07-06,2026-07-06T11:24:33+08:00,603289,泰瑞机器,8.19,-3.65,-0.31,29925.0,24848766.0,本地最近行情CSV
2026-07-06,2026-07-06T11:24:33+08:00,603123,翠微股份,8.19,-0.61,-0.05,68048.0,56122794.0,本地最近行情CSV
2026-07-06,2026-07-06T11:24:33+08:00,300275,梅安森,8.19,-2.38,-0.2,37919.0,31557536.0,本地最近行情CSV
2026-07-06,2026-07-06T11:24:33+08:00,600356,恒丰纸业,8.18,2.38,0.19,38137.0,31226358.0,本地最近行情CSV
2026-07-06,2026-07-06T11:24:33+08:00,002649,博彦科技,8.18,-1.33,-0.11,49226.0,40678196.0,本地最近行情CSV
2026-07-06,2026-07-06T11:24:33+08:00,600222,太龙药业,8.17,3.29,0.26,253562.0,205314248.0,本地最近行情CSV
2026-07-06,2026-07-06T11:24:33+08:00,600101,明星电力,8.17,-0.73,-0.06,63769.0,52388945.0,本地最近行情CSV
2026-07-06,2026-07-06T11:24:33+08:00,300134,大富科技,8.17,-6.2,-0.54,123846.0,104214511.71,本地最近行情CSV
2026-07-06,2026-07-06T11:24:33+08:00,002041,登海种业,8.17,0.37,0.03,83983.0,68776140.38,本地最近行情CSV
2026-07-06,2026-07-06T11:24:33+08:00,000504,南华生物,8.17,2.38,0.19,44802.0,36611963.32,本地最近行情CSV
2026-07-06,2026-07-06T11:24:33+08:00,600302,ST标准,8.15,-3.21,-0.27,33863.0,27977844.0,本地最近行情CSV
2026-07-06,2026-07-06T11:24:33+08:00,601636,旗滨集团,8.13,-3.44,-0.29,1071002.0,887797498.0,本地最近行情CSV
2026-07-06,2026-07-06T11:24:33+08:00,600830,香溢融通,8.13,-0.61,-0.05,23618.0,19349949.0,本地最近行情CSV
2026-07-06,2026-07-06T11:24:33+08:00,000821,ST京机,8.13,-3.33,-0.28,94128.0,77436309.0,本地最近行情CSV
2026-07-06,2026-07-06T11:24:33+08:00,000528,柳    工,8.13,-0.37,-0.03,197186.0,161370379.05,本地最近行情CSV
2026-07-06,2026-07-06T11:24:33+08:00,600508,上海能源,8.12,0.12,0.01,48187.0,39151936.0,本地最近行情CSV
2026-07-06,2026-07-06T11:24:33+08:00,002758,浙农股份,8.12,0.37,0.03,31855.0,25885486.0,本地最近行情CSV
2026-07-06,2026-07-06T11:24:33+08:00,000039,中集集团,8.12,-1.69,-0.14,203705.0,168691954.9,本地最近行情CSV
2026-07-06,2026-07-06T11:24:33+08:00,601555,东吴证券,8.11,-0.49,-0.04,242040.0,197491279.0,本地最近行情CSV
2026-07-06,2026-07-06T11:24:33+08:00,002117,东港股份,8.11,-2.17,-0.18,57591.0,47316715.0,本地最近行情CSV
2026-07-06,2026-07-06T11:24:33+08:00,300345,华民股份,8.1,3.98,0.31,471839.0,387419004.62,本地最近行情CSV
2026-07-06,2026-07-06T11:24:33+08:00,002459,晶澳科技,8.1,-2.06,-0.17,476175.0,394954846.6,本地最近行情CSV
2026-07-06,2026-07-06T11:24:33+08:00,000848,承德露露,8.1,1.38,0.11,86975.0,69906355.6,本地最近行情CSV
2026-07-06,2026-07-06T11:24:33+08:00,002244,滨江集团,8.09,1.0,0.08,225998.0,183598363.55,本地最近行情CSV
2026-07-06,2026-07-06T11:24:33+08:00,000710,贝瑞基因,8.09,0.75,0.06,182132.0,150776372.14,本地最近行情CSV
2026-07-06,2026-07-06T11:24:33+08:00,601298,青岛港,8.08,0.12,0.01,85877.0,69251808.0,本地最近行情CSV
2026-07-06,2026-07-06T11:24:33+08:00,002840,华统股份,8.08,2.02,0.16,204779.0,166708270.94,本地最近行情CSV
2026-07-06,2026-07-06T11:24:33+08:00,000905,厦门港务,8.08,-0.12,-0.01,61643.0,50190633.91,本地最近行情CSV
2026-07-06,2026-07-06T11:24:33+08:00,603682,锦和商管,8.07,-10.03,-0.9,170748.0,141126326.0,本地最近行情CSV
2026-07-06,2026-07-06T11:24:33+08:00,601512,中新集团,8.07,0.0,0.0,9341.0,7566727.0,本地最近行情CSV
2026-07-06,2026-07-06T11:24:33+08:00,600894,广日股份,8.07,1.64,0.13,37241.0,30116323.0,本地最近行情CSV
2026-07-06,2026-07-06T11:24:33+08:00,600637,东方明珠,8.07,-0.25,-0.02,227296.0,184984364.0,本地最近行情CSV
2026-07-06,2026-07-06T11:24:33+08:00,301058,中粮科工,8.07,-0.12,-0.01,17654.0,14281719.0,本地最近行情CSV
2026-07-06,2026-07-06T11:24:33+08:00,002658,雪迪龙,8.07,-2.89,-0.24,56648.0,46306678.0,本地最近行情CSV
2026-07-06,2026-07-06T11:24:33+08:00,601886,江河集团,8.06,0.0,0.0,23786.0,19189818.0,本地最近行情CSV
2026-07-06,2026-07-06T11:24:33+08:00,300333,兆日科技,8.06,-1.71,-0.14,61417.0,50063133.79,本地最近行情CSV
2026-07-06,2026-07-06T11:24:33+08:00,000417,合百集团,8.06,-3.13,-0.26,363505.0,295685075.74,本地最近行情CSV
2026-07-06,2026-07-06T11:24:33+08:00,688779,五矿新能,8.05,1.26,0.1,258971.0,211190332.0,本地最近行情CSV
2026-07-06,2026-07-06T11:24:33+08:00,000987,越秀资本,8.05,-0.98,-0.08,283321.0,229773185.6,本地最近行情CSV
2026-07-06,2026-07-06T11:24:33+08:00,600693,东百集团,8.04,-1.59,-0.13,118764.0,96437788.0,本地最近行情CSV
2026-07-06,2026-07-06T11:24:33+08:00,301332,德尔玛,8.04,-0.12,-0.01,7204.0,5814120.0,本地最近行情CSV
2026-07-06,2026-07-06T11:24:33+08:00,002387,维信诺,8.04,-2.55,-0.21,275402.0,223753270.5,本地最近行情CSV
2026-07-06,2026-07-06T11:24:33+08:00,603843,*ST正平,8.03,-2.07,-0.17,123029.0,99132666.0,本地最近行情CSV
2026-07-06,2026-07-06T11:24:33+08:00,600848,上海临港,8.03,3.61,0.28,105711.0,84470969.0,本地最近行情CSV
2026-07-06,2026-07-06T11:24:33+08:00,300264,佳创视讯,8.03,-0.37,-0.03,97066.0,77987800.0,本地最近行情CSV
2026-07-06,2026-07-06T11:24:33+08:00,002531,天顺风能,8.02,-5.87,-0.5,354182.0,291571429.88,本地最近行情CSV
2026-07-06,2026-07-06T11:24:33+08:00,002123,梦网科技,8.02,0.88,0.07,164341.0,133435623.38,本地最近行情CSV
2026-07-06,2026-07-06T11:24:33+08:00,600419,天润乳业,8.01,0.13,0.01,21489.0,17211593.0,本地最近行情CSV
2026-07-06,2026-07-06T11:24:33+08:00,002583,海能达,8.01,0.13,0.01,114979.0,92645215.08,本地最近行情CSV
2026-07-06,2026-07-06T11:24:33+08:00,600873,梅花生物,8.0,1.14,0.09,156974.0,126293220.0,本地最近行情CSV
2026-07-06,2026-07-06T11:24:33+08:00,600250,南京商旅,8.0,-1.23,-0.1,35506.0,28704627.0,本地最近行情CSV
2026-07-06,2026-07-06T11:24:33+08:00,600053,*ST九鼎,8.0,-6.32,-0.54,25260.0,20706833.0,本地最近行情CSV
2026-07-06,2026-07-06T11:24:33+08:00,300368,汇金股份,8.0,-3.38,-0.28,89121.0,72465057.0,本地最近行情CSV
2026-07-06,2026-07-06T11:24:33+08:00,002765,蓝黛科技,8.0,1.14,0.09,281255.0,226392068.95,本地最近行情CSV
2026-07-06,2026-07-06T11:24:33+08:00,603808,歌力思,7.98,-0.5,-0.04,18868.0,15164565.0,本地最近行情CSV
2026-07-06,2026-07-06T11:24:33+08:00,600822,上海物贸,7.98,-0.62,-0.05,19155.0,15397094.0,本地最近行情CSV
2026-07-06,2026-07-06T11:24:33+08:00,600128,苏豪弘业,7.98,0.38,0.03,23707.0,19014282.0,本地最近行情CSV
2026-07-06,2026-07-06T11:24:33+08:00,300708,聚灿光电,7.98,-1.6,-0.13,106385.0,85231728.64,本地最近行情CSV
2026-07-06,2026-07-06T11:24:33+08:00,000725,京东方Ａ,7.98,-4.77,-0.4,25827634.0,20902324732.85,本地最近行情CSV
2026-07-06,2026-07-06T11:24:33+08:00,002052,同洲电子,7.96,-4.56,-0.38,146369.0,120484960.0,本地最近行情CSV
2026-07-06,2026-07-06T11:24:33+08:00,002441,众业达,7.92,-2.22,-0.18,34986.0,28017405.58,本地最近行情CSV
2026-07-06,2026-07-06T11:24:33+08:00,603333,福华尚纬,7.91,-0.63,-0.05,101616.0,80486667.0,本地最近行情CSV
2026-07-06,2026-07-06T11:24:33+08:00,688505,复旦张江,7.9,1.54,0.12,79007.0,62377959.0,本地最近行情CSV
2026-07-06,2026-07-06T11:24:33+08:00,603779,威龙股份,7.9,-4.24,-0.35,128599.0,103892079.0,本地最近行情CSV
2026-07-06,2026-07-06T11:24:33+08:00,601022,宁波远洋,7.9,-0.13,-0.01,23932.0,18925158.0,本地最近行情CSV
2026-07-06,2026-07-06T11:24:33+08:00,601666,平煤股份,7.89,0.77,0.06,176841.0,139367845.0,本地最近行情CSV
2026-07-06,2026-07-06T11:24:33+08:00,300193,佳士科技,7.89,-2.23,-0.18,50992.0,40722662.74,本地最近行情CSV
2026-07-06,2026-07-06T11:24:33+08:00,002873,新天药业,7.89,-0.13,-0.01,51090.0,40577877.0,本地最近行情CSV
2026-07-06,2026-07-06T11:24:33+08:00,002572,索菲亚,7.89,-0.13,-0.01,57478.0,45349040.0,本地最近行情CSV
2026-07-06,2026-07-06T11:24:33+08:00,000782,恒申新材,7.89,0.9,0.07,178123.0,142218377.0,本地最近行情CSV
2026-07-06,2026-07-06T11:24:33+08:00,002088,鲁阳节能,7.88,-1.38,-0.11,15357.0,12215045.0,本地最近行情CSV
2026-07-06,2026-07-06T11:24:33+08:00,603912,佳力图,7.87,2.21,0.17,139806.0,109808320.0,本地最近行情CSV
2026-07-06,2026-07-06T11:24:33+08:00,002461,珠江啤酒,7.86,-0.51,-0.04,51715.0,40587594.62,本地最近行情CSV
2026-07-06,2026-07-06T11:24:33+08:00,001313,粤海饲料,7.85,1.03,0.08,180862.0,143087430.0,本地最近行情CSV
2026-07-06,2026-07-06T11:24:33+08:00,300164,通源石油,7.84,-2.12,-0.17,246938.0,197319466.0,本地最近行情CSV
2026-07-06,2026-07-06T11:24:33+08:00,603880,南卫股份,7.83,2.62,0.2,89278.0,68938300.0,本地最近行情CSV
2026-07-06,2026-07-06T11:24:33+08:00,600463,空港股份,7.82,-3.1,-0.25,22766.0,18153192.0,本地最近行情CSV
2026-07-06,2026-07-06T11:24:33+08:00,000998,隆平高科,7.82,0.9,0.07,99235.0,77657027.0,本地最近行情CSV
2026-07-06,2026-07-06T11:24:33+08:00,603336,XD宏辉果,7.81,-1.39,-0.11,77655.0,61757776.0,本地最近行情CSV
2026-07-06,2026-07-06T11:24:33+08:00,300231,银信科技,7.81,-2.01,-0.16,47264.0,37447560.0,本地最近行情CSV
2026-07-06,2026-07-06T11:24:33+08:00,002040,南 京 港,7.81,-0.26,-0.02,31385.0,24676360.0,本地最近行情CSV
2026-07-06,2026-07-06T11:24:33+08:00,600969,郴电国际,7.8,-2.99,-0.24,60073.0,48162537.0,本地最近行情CSV
2026-07-06,2026-07-06T11:24:33+08:00,600135,乐凯胶片,7.79,-2.63,-0.21,62955.0,49774089.0,本地最近行情CSV
2026-07-06,2026-07-06T11:24:33+08:00,002786,银宝山新,7.79,-4.42,-0.36,106384.0,84307757.0,本地最近行情CSV
2026-07-06,2026-07-06T11:24:33+08:00,000543,皖能电力,7.79,-0.38,-0.03,153868.0,119822974.9,本地最近行情CSV
2026-07-06,2026-07-06T11:24:33+08:00,000042,中洲控股,7.79,2.37,0.18,40145.0,31266799.08,本地最近行情CSV
2026-07-06,2026-07-06T11:24:33+08:00,688579,地纬智能,7.78,-0.89,-0.07,17306.0,13543934.0,本地最近行情CSV
2026-07-06,2026-07-06T11:24:33+08:00,605162,新中港,7.78,-2.75,-0.22,65365.0,51870516.0,本地最近行情CSV
2026-07-06,2026-07-06T11:24:33+08:00,603636,南威软件,7.78,-2.75,-0.22,63471.0,49883488.0,本地最近行情CSV
2026-07-06,2026-07-06T11:24:33+08:00,600668,尖峰集团,7.77,2.51,0.19,58858.0,45575865.0,本地最近行情CSV
2026-07-06,2026-07-06T11:24:33+08:00,601825,沪农商行,7.76,2.92,0.22,143809.0,110100422.0,本地最近行情CSV
2026-07-06,2026-07-06T11:24:33+08:00,300225,金力泰,7.76,-4.67,-0.38,127072.0,99777916.0,本地最近行情CSV
2026-07-06,2026-07-06T11:24:33+08:00,002278,神开股份,7.76,-2.39,-0.19,57054.0,44843417.0,本地最近行情CSV
2026-07-06,2026-07-06T11:24:33+08:00,000752,*ST西发,7.76,-2.39,-0.19,17031.0,13405182.0,本地最近行情CSV
2026-07-06,2026-07-06T11:24:33+08:00,688602,康鹏科技,7.75,-3.13,-0.25,89050.0,70173159.0,本地最近行情CSV
2026-07-06,2026-07-06T11:24:33+08:00,600827,百联股份,7.75,1.84,0.14,71954.0,55390674.0,本地最近行情CSV
2026-07-06,2026-07-06T11:24:33+08:00,002651,利君股份,7.75,-2.15,-0.17,53465.0,41907481.0,本地最近行情CSV
2026-07-06,2026-07-06T11:24:33+08:00,600177,雅戈尔,7.74,-1.15,-0.09,174157.0,134272585.0,本地最近行情CSV
2026-07-06,2026-07-06T11:24:33+08:00,300248,新开普,7.74,-2.64,-0.21,38625.0,30343813.0,本地最近行情CSV
2026-07-06,2026-07-06T11:24:33+08:00,002809,红墙股份,7.74,-0.77,-0.06,36901.0,29066946.0,本地最近行情CSV
2026-07-06,2026-07-06T11:24:33+08:00,600095,湘财股份,7.73,-0.77,-0.06,133077.0,103847761.0,本地最近行情CSV
2026-07-06,2026-07-06T11:24:33+08:00,300830,金现代,7.73,-2.77,-0.22,63195.0,49629381.0,本地最近行情CSV
2026-07-06,2026-07-06T11:24:33+08:00,603811,诚意药业,7.72,1.58,0.12,65916.0,50751831.0,本地最近行情CSV
2026-07-06,2026-07-06T11:24:33+08:00,600133,东湖高新,7.72,-2.15,-0.17,114848.0,89064805.0,本地最近行情CSV
2026-07-06,2026-07-06T11:24:33+08:00,600059,古越龙山,7.72,1.58,0.12,46993.0,36034226.0,本地最近行情CSV
2026-07-06,2026-07-06T11:24:33+08:00,300211,*ST亿通,7.72,-3.02,-0.24,25974.0,20167097.0,本地最近行情CSV
2026-07-06,2026-07-06T11:24:33+08:00,002520,日发精机,7.72,0.0,0.0,1403586.0,1113909480.82,本地最近行情CSV
2026-07-06,2026-07-06T11:24:33+08:00,002328,新朋股份,7.72,0.26,0.02,203446.0,158367197.66,本地最近行情CSV
2026-07-06,2026-07-06T11:24:33+08:00,002045,国光电器,7.71,-3.5,-0.28,105646.0,82751666.0,本地最近行情CSV
2026-07-06,2026-07-06T11:24:33+08:00,601952,苏垦农发,7.7,-0.65,-0.05,60681.0,47010040.0,本地最近行情CSV
2026-07-06,2026-07-06T11:24:33+08:00,601311,XD骆驼股,7.7,-1.41,-0.11,90909.0,70800080.0,本地最近行情CSV
2026-07-06,2026-07-06T11:24:33+08:00,002233,塔牌集团,7.69,2.26,0.17,67532.0,51106970.78,本地最近行情CSV
2026-07-06,2026-07-06T11:24:33+08:00,603707,健友股份,7.68,0.52,0.04,93017.0,71444846.0,本地最近行情CSV
2026-07-06,2026-07-06T11:24:33+08:00,600579,中化装备,7.68,-2.91,-0.23,66206.0,50948553.0,本地最近行情CSV
2026-07-06,2026-07-06T11:24:33+08:00,601827,三峰环境,7.67,2.4,0.18,40396.0,30732806.0,本地最近行情CSV
2026-07-06,2026-07-06T11:24:33+08:00,600906,财达证券,7.66,-1.67,-0.13,698309.0,536966654.0,本地最近行情CSV
2026-07-06,2026-07-06T11:24:33+08:00,600784,鲁银投资,7.65,-1.92,-0.15,97651.0,74483716.0,本地最近行情CSV
2026-07-06,2026-07-06T11:24:33+08:00,002313,日海智能,7.65,-5.79,-0.47,135557.0,106228353.0,本地最近行情CSV
2026-07-06,2026-07-06T11:24:33+08:00,600189,泉阳泉,7.64,-1.93,-0.15,55326.0,42565317.0,本地最近行情CSV
2026-07-06,2026-07-06T11:24:33+08:00,300534,陇神戎发,7.64,0.53,0.04,57267.0,43822773.0,本地最近行情CSV
2026-07-06,2026-07-06T11:24:33+08:00,300002,神州泰岳,7.64,-0.13,-0.01,269691.0,207001133.16,本地最近行情CSV
2026-07-06,2026-07-06T11:24:33+08:00,601117,中国化学,7.6,0.66,0.05,684015.0,523774007.0,本地最近行情CSV
2026-07-06,2026-07-06T11:24:33+08:00,000791,甘肃能源,7.59,-2.06,-0.16,160710.0,123352520.48,本地最近行情CSV
2026-07-06,2026-07-06T11:24:33+08:00,600719,大连热电,7.58,-2.07,-0.16,82934.0,63549669.0,本地最近行情CSV
2026-07-06,2026-07-06T11:24:33+08:00,601991,大唐发电,7.57,-1.3,-0.1,4039965.0,3118070481.0,本地最近行情CSV
2026-07-06,2026-07-06T11:24:33+08:00,600004,白云机场,7.57,0.8,0.06,70366.0,53175490.0,本地最近行情CSV
2026-07-06,2026-07-06T11:24:33+08:00,300824,北鼎股份,7.57,-1.17,-0.09,20946.0,16024196.0,本地最近行情CSV
2026-07-06,2026-07-06T11:24:33+08:00,000856,冀东装备,7.57,-1.43,-0.11,33826.0,25976339.0,本地最近行情CSV
2026-07-06,2026-07-06T11:24:33+08:00,300105,龙源技术,7.56,2.86,0.21,186092.0,139696170.0,本地最近行情CSV
2026-07-06,2026-07-06T11:24:33+08:00,000576,甘化科工,7.56,-7.13,-0.58,257627.0,199324123.27,本地最近行情CSV
2026-07-06,2026-07-06T11:24:33+08:00,688201,ST信安,7.54,-1.18,-0.09,18937.0,14433269.0,本地最近行情CSV
2026-07-06,2026-07-06T11:24:33+08:00,002615,哈尔斯,7.54,-3.08,-0.24,222942.0,175214493.0,本地最近行情CSV
2026-07-06,2026-07-06T11:24:33+08:00,300300,海峡创新,7.53,-3.21,-0.25,446053.0,347340776.7,本地最近行情CSV
2026-07-06,2026-07-06T11:24:33+08:00,002852,道道全,7.53,0.27,0.02,22332.0,16907416.0,本地最近行情CSV
2026-07-06,2026-07-06T11:24:33+08:00,000829,天音控股,7.53,-0.66,-0.05,96850.0,73672223.64,本地最近行情CSV
2026-07-06,2026-07-06T11:24:33+08:00,600757,长江传媒,7.52,2.87,0.21,120202.0,89711869.0,本地最近行情CSV
2026-07-06,2026-07-06T11:24:33+08:00,600661,昂立教育,7.52,-0.27,-0.02,117458.0,90958037.0,本地最近行情CSV
2026-07-06,2026-07-06T11:24:33+08:00,600742,富维股份,7.51,0.0,0.0,29216.0,21981187.0,本地最近行情CSV
2026-07-06,2026-07-06T11:24:33+08:00,000728,国元证券,7.51,-0.27,-0.02,218193.0,164292159.44,本地最近行情CSV
2026-07-06,2026-07-06T11:24:33+08:00,000537,绿发电力,7.51,0.94,0.07,170946.0,128533034.96,本地最近行情CSV
2026-07-06,2026-07-06T11:24:33+08:00,600218,全柴动力,7.5,-0.13,-0.01,38670.0,29103974.0,本地最近行情CSV
2026-07-06,2026-07-06T11:24:33+08:00,300228,富瑞特装,7.5,-2.98,-0.23,99812.0,76021726.0,本地最近行情CSV
2026-07-06,2026-07-06T11:24:33+08:00,600983,惠而浦,7.49,1.35,0.1,13469.0,10015588.0,本地最近行情CSV
2026-07-06,2026-07-06T11:24:33+08:00,300603,立昂技术,7.48,-3.11,-0.24,58035.0,44260956.5,本地最近行情CSV
2026-07-06,2026-07-06T11:24:33+08:00,002153,石基信息,7.48,-1.19,-0.09,86053.0,64817500.13,本地最近行情CSV
2026-07-06,2026-07-06T11:24:33+08:00,000890,法尔胜,7.48,-7.88,-0.64,317721.0,245391232.72,本地最近行情CSV
2026-07-06,2026-07-06T11:24:33+08:00,603759,海天股份,7.47,-2.99,-0.23,67706.0,51549883.0,本地最近行情CSV
2026-07-06,2026-07-06T11:24:33+08:00,300805,电声股份,7.46,-1.32,-0.1,34897.0,26371421.0,本地最近行情CSV
2026-07-06,2026-07-06T11:24:33+08:00,300525,博思软件,7.46,-2.23,-0.17,72334.0,54620048.0,本地最近行情CSV
2026-07-06,2026-07-06T11:24:33+08:00,002661,克明食品,7.45,1.09,0.08,14397.0,10693919.0,本地最近行情CSV
2026-07-06,2026-07-06T11:24:33+08:00,002644,佛慈制药,7.45,1.64,0.12,27392.0,20345414.0,本地最近行情CSV
2026-07-06,2026-07-06T11:24:33+08:00,002292,奥飞娱乐,7.45,-3.62,-0.28,570527.0,424754835.28,本地最近行情CSV
2026-07-06,2026-07-06T11:24:33+08:00,000798,中水渔业,7.45,-0.93,-0.07,37075.0,27864539.0,本地最近行情CSV
2026-07-06,2026-07-06T11:24:33+08:00,002609,捷顺科技,7.44,-1.06,-0.08,31621.0,23663191.0,本地最近行情CSV
2026-07-06,2026-07-06T11:24:33+08:00,000060,中金岭南,7.44,2.9,0.21,3125376.0,2425486910.13,本地最近行情CSV
2026-07-06,2026-07-06T11:24:33+08:00,688701,卓锦股份,7.43,-3.63,-0.28,16790.0,12743040.0,本地最近行情CSV
2026-07-06,2026-07-06T11:24:33+08:00,002455,百川股份,7.43,-1.72,-0.13,228198.0,174232396.6,本地最近行情CSV
2026-07-06,2026-07-06T11:24:33+08:00,002062,宏润建设,7.43,-1.72,-0.13,120872.0,91554412.0,本地最近行情CSV
2026-07-06,2026-07-06T11:24:33+08:00,000561,烽火电子,7.42,-2.88,-0.22,91587.0,69014625.0,本地最近行情CSV
2026-07-06,2026-07-06T11:24:33+08:00,002091,江苏国泰,7.41,-0.67,-0.05,68336.0,50867967.26,本地最近行情CSV
2026-07-06,2026-07-06T11:24:33+08:00,603987,康德莱,7.4,0.27,0.02,20271.0,15008089.0,本地最近行情CSV
2026-07-06,2026-07-06T11:24:33+08:00,002783,凯龙股份,7.4,-0.94,-0.07,41770.0,31149371.84,本地最近行情CSV
2026-07-06,2026-07-06T11:24:33+08:00,600064,南京高科,7.39,0.68,0.05,84532.0,62430673.0,本地最近行情CSV
2026-07-06,2026-07-06T11:24:33+08:00,002298,中电鑫龙,7.39,-1.86,-0.14,118685.0,89359439.59,本地最近行情CSV
2026-07-06,2026-07-06T11:24:33+08:00,603689,皖天然气,7.38,0.68,0.05,15687.0,11516759.0,本地最近行情CSV
2026-07-06,2026-07-06T11:24:33+08:00,603021,*ST华鹏,7.38,-1.2,-0.09,57403.0,42836680.0,本地最近行情CSV
2026-07-06,2026-07-06T11:24:33+08:00,688285,高铁电气,7.37,-1.99,-0.15,17138.0,12754511.0,本地最近行情CSV
2026-07-06,2026-07-06T11:24:33+08:00,605136,丽人丽妆,7.35,-1.34,-0.1,39221.0,29167086.0,本地最近行情CSV
2026-07-06,2026-07-06T11:24:33+08:00,300466,赛摩智能,7.35,-3.16,-0.24,59974.0,44783057.92,本地最近行情CSV
2026-07-06,2026-07-06T11:24:33+08:00,300543,朗科智能,7.33,-6.39,-0.5,116515.0,87244996.76,本地最近行情CSV
2026-07-06,2026-07-06T11:24:33+08:00,300507,苏奥传感,7.33,-2.53,-0.19,73790.0,54644036.9,本地最近行情CSV
2026-07-06,2026-07-06T11:24:33+08:00,002998,优彩资源,7.33,-1.74,-0.13,169235.0,126715481.48,本地最近行情CSV
2026-07-06,2026-07-06T11:24:33+08:00,002097,山河智能,7.33,-2.01,-0.15,128671.0,95239338.0,本地最近行情CSV
2026-07-06,2026-07-06T11:24:33+08:00,601339,百隆东方,7.32,1.1,0.08,94202.0,67045974.0,本地最近行情CSV
2026-07-06,2026-07-06T11:24:33+08:00,600718,东软集团,7.32,-0.27,-0.02,58638.0,42930819.0,本地最近行情CSV
2026-07-06,2026-07-06T11:24:33+08:00,002521,齐峰新材,7.32,0.97,0.07,28066.0,20505662.0,本地最近行情CSV
2026-07-06,2026-07-06T11:24:33+08:00,600838,上海九百,7.31,-0.81,-0.06,32759.0,24033202.0,本地最近行情CSV
2026-07-06,2026-07-06T11:24:33+08:00,601319,中国人保,7.3,0.69,0.05,637386.0,464497572.0,本地最近行情CSV
2026-07-06,2026-07-06T11:24:33+08:00,002763,汇洁股份,7.3,0.0,0.0,29202.0,21418183.0,本地最近行情CSV
2026-07-06,2026-07-06T11:24:33+08:00,000670,盈方微,7.3,-0.68,-0.05,224563.0,165571342.0,本地最近行情CSV
2026-07-06,2026-07-06T11:24:33+08:00,000430,张家界,7.3,-1.48,-0.11,60369.0,44656897.0,本地最近行情CSV
2026-07-06,2026-07-06T11:24:33+08:00,600970,中材国际,7.29,-0.27,-0.02,108674.0,79331389.0,本地最近行情CSV
2026-07-06,2026-07-06T11:24:33+08:00,002966,苏州银行,7.29,1.96,0.14,280834.0,203235696.77,本地最近行情CSV
2026-07-06,2026-07-06T11:24:33+08:00,000908,石药景峰,7.29,5.96,0.41,685228.0,482993678.1,本地最近行情CSV
2026-07-06,2026-07-06T11:24:33+08:00,300133,华策影视,7.28,-1.49,-0.11,325282.0,239336444.01,本地最近行情CSV
2026-07-06,2026-07-06T11:24:33+08:00,002560,通达股份,7.28,-3.96,-0.3,222044.0,165483590.01,本地最近行情CSV
2026-07-06,2026-07-06T11:24:33+08:00,600883,博闻科技,7.27,-0.95,-0.07,23127.0,17004221.0,本地最近行情CSV
2026-07-06,2026-07-06T11:24:33+08:00,000096,广聚能源,7.26,-0.82,-0.06,23740.0,17365921.0,本地最近行情CSV
2026-07-06,2026-07-06T11:24:33+08:00,601798,蓝科高新,7.25,-2.03,-0.15,64892.0,47610823.0,本地最近行情CSV
2026-07-06,2026-07-06T11:24:33+08:00,300103,达刚控股,7.25,-4.98,-0.38,46545.0,34679244.0,本地最近行情CSV
2026-07-06,2026-07-06T11:24:33+08:00,601901,方正证券,7.24,-1.09,-0.08,595009.0,434598568.0,本地最近行情CSV
2026-07-06,2026-07-06T11:24:33+08:00,600916,中国黄金,7.24,-1.9,-0.14,337579.0,248983274.0,本地最近行情CSV
2026-07-06,2026-07-06T11:24:33+08:00,300307,慈星股份,7.24,-2.69,-0.2,281647.0,212889047.0,本地最近行情CSV
2026-07-06,2026-07-06T11:24:33+08:00,002905,金逸影视,7.24,0.84,0.06,36708.0,26715768.48,本地最近行情CSV
2026-07-06,2026-07-06T11:24:33+08:00,600971,恒源煤电,7.23,-0.28,-0.02,81314.0,58784580.0,本地最近行情CSV
2026-07-06,2026-07-06T11:24:33+08:00,002877,智能自控,7.23,-2.69,-0.2,35295.0,25862013.0,本地最近行情CSV
2026-07-06,2026-07-06T11:24:33+08:00,002449,国星光电,7.23,-3.73,-0.28,133367.0,97670951.39,本地最近行情CSV
2026-07-06,2026-07-06T11:24:33+08:00,001236,弘业期货,7.23,-1.5,-0.11,52752.0,38517032.0,本地最近行情CSV
2026-07-06,2026-07-06T11:24:33+08:00,300887,谱尼测试,7.22,-2.3,-0.17,52512.0,38566605.0,本地最近行情CSV
2026-07-06,2026-07-06T11:24:33+08:00,300387,富邦科技,7.22,1.55,0.11,43864.0,31775652.0,本地最近行情CSV
2026-07-06,2026-07-06T11:24:33+08:00,000157,中联重科,7.22,0.7,0.05,432202.0,313346787.86,本地最近行情CSV
2026-07-06,2026-07-06T11:24:33+08:00,603227,雪峰科技,7.21,0.28,0.02,41005.0,29630145.0,本地最近行情CSV
2026-07-06,2026-07-06T11:24:33+08:00,002234,民和股份,7.21,1.69,0.12,59240.0,42551137.0,本地最近行情CSV
2026-07-06,2026-07-06T11:24:33+08:00,300527,ST应急,7.2,0.42,0.03,53841.0,38826997.31,本地最近行情CSV
2026-07-06,2026-07-06T11:24:33+08:00,000625,长安汽车,7.2,-0.55,-0.04,419332.0,302725632.24,本地最近行情CSV
2026-07-06,2026-07-06T11:24:33+08:00,603366,日出东方,7.18,1.7,0.12,186592.0,132447708.0,本地最近行情CSV
2026-07-06,2026-07-06T11:24:33+08:00,600510,XD黑牡丹,7.17,-1.92,-0.14,50484.0,36858457.0,本地最近行情CSV
2026-07-06,2026-07-06T11:24:33+08:00,600876,凯盛新能,7.16,-1.24,-0.09,45760.0,33425772.0,本地最近行情CSV
2026-07-06,2026-07-06T11:24:33+08:00,000876,新 希 望,7.16,5.6,0.38,692706.0,487692373.64,本地最近行情CSV
2026-07-06,2026-07-06T11:24:33+08:00,000544,中原环保,7.16,0.14,0.01,30840.0,22125376.43,本地最近行情CSV
2026-07-06,2026-07-06T11:24:33+08:00,301039,中集车辆,7.15,0.28,0.02,121121.0,86702928.5,本地最近行情CSV
2026-07-06,2026-07-06T11:24:33+08:00,300419,ST浩丰,7.15,-0.42,-0.03,28611.0,20676427.0,本地最近行情CSV
2026-07-06,2026-07-06T11:24:33+08:00,000006,深振业Ａ,7.14,-3.64,-0.27,138807.0,100564493.08,本地最近行情CSV
2026-07-06,2026-07-06T11:24:33+08:00,603106,恒银科技,7.13,-0.56,-0.04,52311.0,37777815.0,本地最近行情CSV
2026-07-06,2026-07-06T11:24:33+08:00,603027,千禾味业,7.12,0.42,0.03,92378.0,65917691.0,本地最近行情CSV
2026-07-06,2026-07-06T11:24:33+08:00,600063,皖维高新,7.12,-6.68,-0.51,1254658.0,941970281.0,本地最近行情CSV
2026-07-06,2026-07-06T11:24:33+08:00,300276,三丰智能,7.12,-7.41,-0.57,586005.0,429808655.05,本地最近行情CSV
2026-07-06,2026-07-06T11:24:33+08:00,688033,*ST天宜,7.1,2.9,0.2,55470.0,39272003.0,本地最近行情CSV
2026-07-06,2026-07-06T11:24:33+08:00,601330,绿色动力,7.1,-0.7,-0.05,69513.0,49861536.0,本地最近行情CSV
2026-07-06,2026-07-06T11:24:33+08:00,300143,盈康生命,7.1,-0.14,-0.01,58937.0,41999172.6,本地最近行情CSV
2026-07-06,2026-07-06T11:24:33+08:00,300597,吉大通信,7.09,-2.34,-0.17,46941.0,33703347.26,本地最近行情CSV
2026-07-06,2026-07-06T11:24:33+08:00,002928,华夏航空,7.09,1.72,0.12,278863.0,197670667.0,本地最近行情CSV
2026-07-06,2026-07-06T11:24:33+08:00,002267,陕天然气,7.09,2.9,0.2,75353.0,52936455.5,本地最近行情CSV
2026-07-06,2026-07-06T11:24:33+08:00,002373,千方科技,7.08,-1.67,-0.12,111847.0,79878012.73,本地最近行情CSV
2026-07-06,2026-07-06T11:24:33+08:00,002334,英威腾,7.08,-2.48,-0.18,130925.0,93752720.84,本地最近行情CSV
2026-07-06,2026-07-06T11:24:33+08:00,601998,中信银行,7.07,1.14,0.08,404377.0,283897226.0,本地最近行情CSV
2026-07-06,2026-07-06T11:24:33+08:00,601065,江盐集团,7.07,1.0,0.07,20272.0,14335419.0,本地最近行情CSV
2026-07-06,2026-07-06T11:24:33+08:00,000501,武商集团,7.07,-0.14,-0.01,25095.0,17778909.0,本地最近行情CSV
2026-07-06,2026-07-06T11:24:33+08:00,600721,百花医药,7.06,1.44,0.1,91048.0,64244789.0,本地最近行情CSV
2026-07-06,2026-07-06T11:24:33+08:00,002451,摩恩电气,7.06,-2.62,-0.19,55131.0,39576698.51,本地最近行情CSV
2026-07-06,2026-07-06T11:24:33+08:00,601398,工商银行,7.05,0.14,0.01,2352619.0,1647927965.0,本地最近行情CSV
2026-07-06,2026-07-06T11:24:33+08:00,600706,曲江文旅,7.03,-0.57,-0.04,31504.0,22410877.0,本地最近行情CSV
2026-07-06,2026-07-06T11:24:33+08:00,002036,联创电子,7.03,-5.26,-0.39,263358.0,189721548.27,本地最近行情CSV
2026-07-06,2026-07-06T11:24:33+08:00,603825,ST华扬,7.02,-3.04,-0.22,23952.0,16993187.0,本地最近行情CSV
2026-07-06,2026-07-06T11:24:33+08:00,601921,浙版传媒,7.02,1.74,0.12,41584.0,29063541.0,本地最近行情CSV
2026-07-06,2026-07-06T11:24:33+08:00,600834,申通地铁,7.02,1.59,0.11,37054.0,26106440.0,本地最近行情CSV
2026-07-06,2026-07-06T11:24:33+08:00,601019,山东出版,7.0,1.16,0.08,69483.0,48597610.0,本地最近行情CSV
2026-07-06,2026-07-06T11:24:33+08:00,600500,中化国际,7.0,-4.89,-0.36,857659.0,615952939.0,本地最近行情CSV
2026-07-06,2026-07-06T11:24:33+08:00,600011,华能国际,7.0,-1.41,-0.1,731668.0,513764249.0,本地最近行情CSV
2026-07-06,2026-07-06T11:24:33+08:00,002055,ST得润,7.0,3.55,0.24,197710.0,138814036.54,本地最近行情CSV
2026-07-06,2026-07-06T11:24:33+08:00,603789,ST星农,6.99,10.08,0.64,23630.0,16517160.0,本地最近行情CSV
2026-07-06,2026-07-06T11:24:33+08:00,601236,红塔证券,6.99,0.0,0.0,90613.0,63533979.0,本地最近行情CSV
2026-07-06,2026-07-06T11:24:33+08:00,600789,鲁抗医药,6.99,0.43,0.03,192581.0,135086641.0,本地最近行情CSV
2026-07-06,2026-07-06T11:24:33+08:00,300513,恒实科技,6.99,-2.78,-0.2,34819.0,24752123.2,本地最近行情CSV
2026-07-06,2026-07-06T11:24:33+08:00,000601,韶能股份,6.99,5.91,0.39,1311269.0,912891313.11,本地最近行情CSV
2026-07-06,2026-07-06T11:24:33+08:00,603717,天域生物,6.98,-4.77,-0.35,293394.0,206514680.0,本地最近行情CSV
2026-07-06,2026-07-06T11:24:33+08:00,600956,新天绿能,6.98,-0.57,-0.04,49275.0,34588293.0,本地最近行情CSV
2026-07-06,2026-07-06T11:24:33+08:00,600228,返利科技,6.98,-3.19,-0.23,280406.0,197769508.0,本地最近行情CSV
2026-07-06,2026-07-06T11:24:33+08:00,300449,汉邦高科,6.98,-2.92,-0.21,73949.0,52431125.4,本地最近行情CSV
2026-07-06,2026-07-06T11:24:33+08:00,002511,中顺洁柔,6.98,0.29,0.02,64816.0,45198318.0,本地最近行情CSV
2026-07-06,2026-07-06T11:24:33+08:00,001258,立新能源,6.98,-1.69,-0.12,97188.0,68891264.0,本地最近行情CSV
2026-07-06,2026-07-06T11:24:33+08:00,300512,中亚股份,6.97,-1.13,-0.08,25464.0,17975904.5,本地最近行情CSV
2026-07-06,2026-07-06T11:24:33+08:00,002546,新联电子,6.97,-3.99,-0.29,137117.0,97377385.0,本地最近行情CSV
2026-07-06,2026-07-06T11:24:33+08:00,002054,德美化工,6.97,-0.71,-0.05,57044.0,40078019.0,本地最近行情CSV
2026-07-06,2026-07-06T11:24:33+08:00,002406,远东传动,6.96,0.14,0.01,124790.0,87067291.0,本地最近行情CSV
2026-07-06,2026-07-06T11:24:33+08:00,002114,罗平锌电,6.96,-1.42,-0.1,88956.0,63621959.99,本地最近行情CSV
2026-07-06,2026-07-06T11:24:33+08:00,600727,鲁北化工,6.95,-0.29,-0.02,106554.0,75159702.0,本地最近行情CSV
2026-07-06,2026-07-06T11:24:33+08:00,300636,同和药业,6.95,0.87,0.06,42249.0,29282236.0,本地最近行情CSV
2026-07-06,2026-07-06T11:24:33+08:00,002116,中国海诚,6.95,-0.43,-0.03,13284.0,9284575.6,本地最近行情CSV
2026-07-06,2026-07-06T11:24:33+08:00,601200,上海环境,6.94,1.02,0.07,51558.0,35718332.0,本地最近行情CSV
2026-07-06,2026-07-06T11:24:33+08:00,002529,海源复材,6.94,-4.67,-0.34,44000.0,31150038.0,本地最近行情CSV
2026-07-06,2026-07-06T11:24:33+08:00,000803,山高环能,6.94,0.0,0.0,57025.0,40086284.0,本地最近行情CSV
2026-07-06,2026-07-06T11:24:33+08:00,688597,煜邦电力,6.93,-1.98,-0.14,30243.0,21400728.0,本地最近行情CSV
2026-07-06,2026-07-06T11:24:33+08:00,300411,金盾股份,6.93,-3.08,-0.22,70912.0,50074212.0,本地最近行情CSV
2026-07-06,2026-07-06T11:24:33+08:00,002608,江苏国信,6.93,-1.56,-0.11,194601.0,135889975.0,本地最近行情CSV
2026-07-06,2026-07-06T11:24:33+08:00,002383,合众思壮,6.93,-3.88,-0.28,132219.0,93159913.0,本地最近行情CSV
2026-07-06,2026-07-06T11:24:33+08:00,002065,东华软件,6.93,-2.12,-0.15,200925.0,140364823.0,本地最近行情CSV
2026-07-06,2026-07-06T11:24:33+08:00,601727,上海电气,6.92,-0.57,-0.04,439775.0,306060859.0,本地最近行情CSV
2026-07-06,2026-07-06T11:24:33+08:00,300281,金明精机,6.92,2.22,0.15,92756.0,64757841.0,本地最近行情CSV
2026-07-06,2026-07-06T11:24:33+08:00,002761,浙江建投,6.92,-0.43,-0.03,47150.0,32727917.99,本地最近行情CSV
2026-07-06,2026-07-06T11:24:33+08:00,002550,千红制药,6.92,1.17,0.08,342839.0,237907646.12,本地最近行情CSV
2026-07-06,2026-07-06T11:24:33+08:00,002331,皖通科技,6.92,-4.16,-0.3,84523.0,59641529.12,本地最近行情CSV
2026-07-06,2026-07-06T11:24:33+08:00,002120,韵达股份,6.92,1.62,0.11,237561.0,164788793.0,本地最近行情CSV
2026-07-06,2026-07-06T11:24:33+08:00,603105,芯能科技,6.91,-2.54,-0.18,53621.0,37660726.0,本地最近行情CSV
2026-07-06,2026-07-06T11:24:33+08:00,600032,浙江新能,6.9,-2.95,-0.21,174351.0,122561309.0,本地最近行情CSV
2026-07-06,2026-07-06T11:24:33+08:00,601086,国芳集团,6.88,-0.58,-0.04,32897.0,22751212.0,本地最近行情CSV
2026-07-06,2026-07-06T11:24:33+08:00,600678,ST金顶,6.88,-3.1,-0.22,128641.0,90135846.0,本地最近行情CSV
2026-07-06,2026-07-06T11:24:33+08:00,600528,中铁工业,6.88,0.29,0.02,68959.0,47515458.0,本地最近行情CSV
2026-07-06,2026-07-06T11:24:33+08:00,002598,ST章鼓,6.88,-1.57,-0.11,41093.0,28645903.0,本地最近行情CSV
2026-07-06,2026-07-06T11:24:33+08:00,002367,康力电梯,6.87,-2.0,-0.14,121813.0,84299657.97,本地最近行情CSV
2026-07-06,2026-07-06T11:24:33+08:00,002339,积成电子,6.87,-3.38,-0.24,99666.0,70105472.8,本地最近行情CSV
2026-07-06,2026-07-06T11:24:33+08:00,002148,北纬科技,6.87,4.73,0.31,567298.0,387814009.66,本地最近行情CSV
2026-07-06,2026-07-06T11:24:33+08:00,300393,中来股份,6.86,-3.24,-0.23,152917.0,106989815.0,本地最近行情CSV
2026-07-06,2026-07-06T11:24:33+08:00,300253,卫宁健康,6.86,-1.01,-0.07,250273.0,173005855.61,本地最近行情CSV
2026-07-06,2026-07-06T11:24:33+08:00,002227,*ST特迅,6.86,-0.29,-0.02,17947.0,12521222.0,本地最近行情CSV
2026-07-06,2026-07-06T11:24:33+08:00,600241,时代万恒,6.85,1.63,0.11,77339.0,54225463.0,本地最近行情CSV
2026-07-06,2026-07-06T11:24:33+08:00,002340,格林美,6.85,2.39,0.16,1564940.0,1089656673.75,本地最近行情CSV
2026-07-06,2026-07-06T11:24:33+08:00,600551,时代出版,6.84,0.88,0.06,18845.0,12859159.0,本地最近行情CSV
2026-07-06,2026-07-06T11:24:33+08:00,300670,大烨智能,6.84,-0.15,-0.01,72877.0,50389347.0,本地最近行情CSV
2026-07-06,2026-07-06T11:24:33+08:00,300472,*ST新元,6.84,-5.39,-0.39,32793.0,23143957.0,本地最近行情CSV
2026-07-06,2026-07-06T11:24:33+08:00,300464,星徽股份,6.83,-2.43,-0.17,57534.0,40162320.0,本地最近行情CSV
2026-07-06,2026-07-06T11:24:33+08:00,600138,中青旅,6.82,0.44,0.03,50888.0,34902681.0,本地最近行情CSV
2026-07-06,2026-07-06T11:24:33+08:00,002530,金财互联,6.82,-3.4,-0.24,89702.0,62294914.81,本地最近行情CSV
2026-07-06,2026-07-06T11:24:33+08:00,000571,新大洲A,6.82,-0.29,-0.02,251688.0,175249244.82,本地最近行情CSV
2026-07-06,2026-07-06T11:24:33+08:00,600273,嘉化能源,6.81,1.64,0.11,123022.0,83881942.0,本地最近行情CSV
2026-07-06,2026-07-06T11:24:33+08:00,300388,节能国祯,6.81,3.34,0.22,38839.0,26257644.0,本地最近行情CSV
2026-07-06,2026-07-06T11:24:33+08:00,002795,永和智控,6.8,-0.87,-0.06,90193.0,62019824.0,本地最近行情CSV
2026-07-06,2026-07-06T11:24:33+08:00,605066,天正电气,6.79,-2.3,-0.16,76520.0,52910763.0,本地最近行情CSV
2026-07-06,2026-07-06T11:24:33+08:00,601187,厦门银行,6.79,0.44,0.03,106768.0,71821091.0,本地最近行情CSV
2026-07-06,2026-07-06T11:24:33+08:00,000617,中油资本,6.79,-0.88,-0.06,323420.0,220938909.12,本地最近行情CSV
2026-07-06,2026-07-06T11:24:33+08:00,603101,汇嘉时代,6.78,-1.88,-0.13,39197.0,26692864.0,本地最近行情CSV
2026-07-06,2026-07-06T11:24:33+08:00,301296,新巨丰,6.78,8.65,0.54,99186.0,66981514.48,本地最近行情CSV
2026-07-06,2026-07-06T11:24:33+08:00,603028,赛福天,6.76,-2.59,-0.18,37282.0,25876356.0,本地最近行情CSV
2026-07-06,2026-07-06T11:24:33+08:00,601990,南京证券,6.76,0.45,0.03,147099.0,99419665.0,本地最近行情CSV
2026-07-06,2026-07-06T11:24:33+08:00,600676,交运股份,6.76,0.15,0.01,53852.0,36261051.0,本地最近行情CSV
2026-07-06,2026-07-06T11:24:33+08:00,600373,中文传媒,6.76,0.45,0.03,69670.0,47157718.0,本地最近行情CSV
2026-07-06,2026-07-06T11:24:33+08:00,002098,浔兴股份,6.76,0.0,0.0,14629.0,9943255.0,本地最近行情CSV
2026-07-06,2026-07-06T11:24:33+08:00,600903,贵州燃气,6.75,-0.74,-0.05,132673.0,90632015.0,本地最近行情CSV
2026-07-06,2026-07-06T11:24:33+08:00,600841,动力新科,6.75,0.6,0.04,192458.0,130121362.0,本地最近行情CSV
2026-07-06,2026-07-06T11:24:33+08:00,600839,四川长虹,6.75,-1.46,-0.1,401711.0,272820354.0,本地最近行情CSV
2026-07-06,2026-07-06T11:24:33+08:00,600774,汉商集团,6.75,-0.15,-0.01,32011.0,21792124.0,本地最近行情CSV
2026-07-06,2026-07-06T11:24:33+08:00,600215,派斯林,6.75,8.0,0.5,263129.0,177437497.0,本地最近行情CSV
2026-07-06,2026-07-06T11:24:33+08:00,002592,ST八菱,6.74,0.6,0.04,29138.0,19654647.0,本地最近行情CSV
2026-07-06,2026-07-06T11:24:33+08:00,600371,万向德农,6.73,0.3,0.02,24718.0,16723149.0,本地最近行情CSV
2026-07-06,2026-07-06T11:24:33+08:00,603633,徕木股份,6.72,-5.75,-0.41,88688.0,61182040.0,本地最近行情CSV
2026-07-06,2026-07-06T11:24:33+08:00,600158,中体产业,6.72,-1.18,-0.08,322772.0,219557652.0,本地最近行情CSV
2026-07-06,2026-07-06T11:24:33+08:00,002797,第一创业,6.72,-0.3,-0.02,348619.0,234890600.07,本地最近行情CSV
2026-07-06,2026-07-06T11:24:33+08:00,605158,华达新材,6.71,-0.89,-0.06,29335.0,19932820.0,本地最近行情CSV
2026-07-06,2026-07-06T11:24:33+08:00,301078,孩子王,6.71,-2.89,-0.2,139936.0,95244143.0,本地最近行情CSV
2026-07-06,2026-07-06T11:24:33+08:00,600199,金种子酒,6.7,1.52,0.1,124997.0,83514874.0,本地最近行情CSV
2026-07-06,2026-07-06T11:24:33+08:00,600100,同方股份,6.7,-1.33,-0.09,123444.0,83002800.0,本地最近行情CSV
2026-07-06,2026-07-06T11:24:33+08:00,600015,华夏银行,6.7,0.6,0.04,352706.0,235002772.0,本地最近行情CSV
2026-07-06,2026-07-06T11:24:33+08:00,600470,六国化工,6.69,10.03,0.61,576767.0,375872113.0,本地最近行情CSV
2026-07-06,2026-07-06T11:24:33+08:00,300591,万里马,6.69,-3.32,-0.23,121017.0,83741657.6,本地最近行情CSV
2026-07-06,2026-07-06T11:24:33+08:00,002673,西部证券,6.69,-0.15,-0.01,206527.0,138883247.13,本地最近行情CSV
2026-07-06,2026-07-06T11:24:33+08:00,002135,东南网架,6.69,0.45,0.03,108708.0,73086985.86,本地最近行情CSV
2026-07-06,2026-07-06T11:24:33+08:00,600986,浙文互联,6.68,-2.34,-0.16,288543.0,196579080.0,本地最近行情CSV
2026-07-06,2026-07-06T11:24:33+08:00,002200,交投生态,6.68,1.52,0.1,41811.0,28163219.68,本地最近行情CSV
2026-07-06,2026-07-06T11:24:33+08:00,001979,招商蛇口,6.68,0.45,0.03,405290.0,271453534.92,本地最近行情CSV
2026-07-06,2026-07-06T11:24:33+08:00,002349,精华制药,6.67,1.83,0.12,99437.0,66234097.18,本地最近行情CSV
2026-07-06,2026-07-06T11:24:33+08:00,300396,ST迪瑞,6.66,-0.89,-0.06,17968.0,12197476.12,本地最近行情CSV
2026-07-06,2026-07-06T11:24:33+08:00,002100,天康生物,6.66,2.78,0.18,200388.0,132941930.43,本地最近行情CSV
2026-07-06,2026-07-06T11:24:33+08:00,301090,华润材料,6.65,0.45,0.03,40875.0,27383221.0,本地最近行情CSV
2026-07-06,2026-07-06T11:24:33+08:00,002300,太阳电缆,6.65,-2.64,-0.18,110410.0,75028186.4,本地最近行情CSV
2026-07-06,2026-07-06T11:24:33+08:00,600305,恒顺醋业,6.64,1.84,0.12,61676.0,40687167.0,本地最近行情CSV
2026-07-06,2026-07-06T11:24:33+08:00,002243,力合科创,6.64,-1.92,-0.13,69158.0,46402643.34,本地最近行情CSV
2026-07-06,2026-07-06T11:24:33+08:00,600271,航天信息,6.63,-1.92,-0.13,75706.0,50543005.0,本地最近行情CSV
2026-07-06,2026-07-06T11:24:33+08:00,300891,惠云钛业,6.63,0.91,0.06,112265.0,76952629.8,本地最近行情CSV
2026-07-06,2026-07-06T11:24:33+08:00,002769,普路通,6.63,-2.93,-0.2,44436.0,29986557.0,本地最近行情CSV
2026-07-06,2026-07-06T11:24:33+08:00,000598,兴蓉环境,6.63,1.38,0.09,181052.0,119326065.28,本地最近行情CSV
2026-07-06,2026-07-06T11:24:33+08:00,603617,君禾股份,6.62,-4.61,-0.32,83848.0,56777417.0,本地最近行情CSV
2026-07-06,2026-07-06T11:24:33+08:00,603169,兰石重装,6.62,-2.36,-0.16,90097.0,60208397.0,本地最近行情CSV
2026-07-06,2026-07-06T11:24:33+08:00,600610,中毅达,6.62,-0.45,-0.03,111837.0,75463177.0,本地最近行情CSV
2026-07-06,2026-07-06T11:24:33+08:00,600326,西藏天路,6.62,-1.78,-0.12,95791.0,64160982.0,本地最近行情CSV
2026-07-06,2026-07-06T11:24:33+08:00,300621,维业股份,6.62,-2.36,-0.16,31042.0,20895935.0,本地最近行情CSV
2026-07-06,2026-07-06T11:24:33+08:00,002543,万和电气,6.62,2.48,0.16,57894.0,38096506.27,本地最近行情CSV
2026-07-06,2026-07-06T11:24:33+08:00,600736,苏州高新,6.61,-0.6,-0.04,163135.0,109162316.0,本地最近行情CSV
2026-07-06,2026-07-06T11:24:33+08:00,002434,万里扬,6.61,-0.9,-0.06,393282.0,264996863.72,本地最近行情CSV
2026-07-06,2026-07-06T11:24:33+08:00,600107,*ST尔雅,6.6,6.28,0.39,44526.0,29507483.0,本地最近行情CSV
2026-07-06,2026-07-06T11:24:33+08:00,600061,国投资本,6.6,0.46,0.03,267083.0,176602890.0,本地最近行情CSV
2026-07-06,2026-07-06T11:24:33+08:00,002646,天佑德酒,6.6,-0.15,-0.01,30368.0,20103143.0,本地最近行情CSV
2026-07-06,2026-07-06T11:24:33+08:00,002207,*ST准油,6.6,-2.94,-0.2,75584.0,50488206.0,本地最近行情CSV
2026-07-06,2026-07-06T11:24:33+08:00,002166,莱茵生物,6.6,0.61,0.04,61212.0,40426009.0,本地最近行情CSV
2026-07-06,2026-07-06T11:24:33+08:00,300086,康芝药业,6.59,0.0,0.0,277641.0,184594200.4,本地最近行情CSV
2026-07-06,2026-07-06T11:24:33+08:00,000917,电广传媒,6.59,-1.93,-0.13,151019.0,100754868.0,本地最近行情CSV
2026-07-06,2026-07-06T11:24:33+08:00,000592,平潭发展,6.59,-5.59,-0.39,1441239.0,986154931.66,本地最近行情CSV
2026-07-06,2026-07-06T11:24:33+08:00,601328,交通银行,6.58,1.08,0.07,1298296.0,850181731.0,本地最近行情CSV
2026-07-06,2026-07-06T11:24:33+08:00,000156,华数传媒,6.58,1.54,0.1,69305.0,45826016.0,本地最近行情CSV
2026-07-06,2026-07-06T11:24:33+08:00,300737,科顺股份,6.57,-2.23,-0.15,211070.0,141099583.26,本地最近行情CSV
2026-07-06,2026-07-06T11:24:33+08:00,300663,科蓝软件,6.57,-2.23,-0.15,89180.0,59824607.0,本地最近行情CSV
2026-07-06,2026-07-06T11:24:33+08:00,002038,双鹭药业,6.57,2.82,0.18,661901.0,425725374.06,本地最近行情CSV
2026-07-06,2026-07-06T11:24:33+08:00,300532,今天国际,6.56,-1.5,-0.1,42514.0,28115973.3,本地最近行情CSV
2026-07-06,2026-07-06T11:24:33+08:00,002320,海峡股份,6.56,0.15,0.01,96913.0,64015892.8,本地最近行情CSV
2026-07-06,2026-07-06T11:24:33+08:00,000655,金岭矿业,6.56,0.31,0.02,42027.0,27950770.04,本地最近行情CSV
2026-07-06,2026-07-06T11:24:33+08:00,000011,深物业A,6.56,-1.06,-0.07,17556.0,11593512.0,本地最近行情CSV
2026-07-06,2026-07-06T11:24:33+08:00,002107,沃华医药,6.55,-1.36,-0.09,125958.0,82553615.4,本地最近行情CSV
2026-07-06,2026-07-06T11:24:33+08:00,688238,和元生物,6.53,12.2,0.71,399800.0,259148296.0,本地最近行情CSV
2026-07-06,2026-07-06T11:24:33+08:00,002908,德生科技,6.53,-1.8,-0.12,34315.0,22650457.34,本地最近行情CSV
2026-07-06,2026-07-06T11:24:33+08:00,600987,航民股份,6.52,0.77,0.05,47097.0,30625355.0,本地最近行情CSV
2026-07-06,2026-07-06T11:24:33+08:00,300796,贝斯美,6.52,-1.51,-0.1,21455.0,14190789.92,本地最近行情CSV
2026-07-06,2026-07-06T11:24:33+08:00,688189,ST南新,6.51,1.72,0.11,45973.0,29935964.0,本地最近行情CSV
2026-07-06,2026-07-06T11:24:33+08:00,002660,茂硕电源,6.51,-2.25,-0.15,36352.0,24031037.0,本地最近行情CSV
2026-07-06,2026-07-06T11:24:33+08:00,605500,森林包装,6.5,-1.22,-0.08,29576.0,19460692.0,本地最近行情CSV
2026-07-06,2026-07-06T11:24:33+08:00,600735,ST新华锦,6.5,-1.52,-0.1,41102.0,27283091.0,本地最近行情CSV
2026-07-06,2026-07-06T11:24:33+08:00,300798,锦鸡股份,6.49,-2.41,-0.16,67552.0,44667807.72,本地最近行情CSV
2026-07-06,2026-07-06T11:24:33+08:00,002327,富安娜,6.48,0.47,0.03,35610.0,23177977.0,本地最近行情CSV
2026-07-06,2026-07-06T11:24:33+08:00,000089,深圳机场,6.48,1.89,0.12,83712.0,53835066.46,本地最近行情CSV
2026-07-06,2026-07-06T11:24:33+08:00,600192,长城电工,6.47,-2.12,-0.14,41375.0,27150645.0,本地最近行情CSV
2026-07-06,2026-07-06T11:24:33+08:00,300441,鲍斯股份,6.45,-1.68,-0.11,53596.0,34728846.6,本地最近行情CSV
2026-07-06,2026-07-06T11:24:33+08:00,300215,电科院,6.45,-2.86,-0.19,71351.0,46894785.0,本地最近行情CSV
2026-07-06,2026-07-06T11:24:33+08:00,003016,欣贺股份,6.45,-0.46,-0.03,23910.0,15590023.0,本地最近行情CSV
2026-07-06,2026-07-06T11:24:33+08:00,000626,远大控股,6.45,0.31,0.02,52719.0,34420535.0,本地最近行情CSV
2026-07-06,2026-07-06T11:24:33+08:00,600996,贵广网络,6.44,-4.31,-0.29,235608.0,155477125.0,本地最近行情CSV
2026-07-06,2026-07-06T11:24:33+08:00,300055,万邦达,6.44,0.31,0.02,195634.0,129209066.65,本地最近行情CSV
2026-07-06,2026-07-06T11:24:33+08:00,002561,徐家汇,6.44,0.16,0.01,24560.0,15840429.0,本地最近行情CSV
2026-07-06,2026-07-06T11:24:33+08:00,002405,四维图新,6.44,-1.83,-0.12,290118.0,188592883.5,本地最近行情CSV
2026-07-06,2026-07-06T11:24:33+08:00,000758,中色股份,6.44,-1.38,-0.09,412914.0,271304699.84,本地最近行情CSV
2026-07-06,2026-07-06T11:24:33+08:00,605368,蓝天燃气,6.43,0.63,0.04,18522.0,11853415.0,本地最近行情CSV
2026-07-06,2026-07-06T11:24:33+08:00,000566,海南海药,6.43,4.72,0.29,2871980.0,1779200637.91,本地最近行情CSV
2026-07-06,2026-07-06T11:24:33+08:00,603609,禾丰股份,6.42,1.42,0.09,23876.0,15247756.0,本地最近行情CSV
2026-07-06,2026-07-06T11:24:33+08:00,603326,我乐家居,6.42,-1.23,-0.08,13820.0,8972438.0,本地最近行情CSV
2026-07-06,2026-07-06T11:24:33+08:00,600336,澳柯玛,6.42,-1.98,-0.13,79150.0,51367657.0,本地最近行情CSV
2026-07-06,2026-07-06T11:24:33+08:00,002587,奥拓电子,6.42,-5.17,-0.35,365728.0,238542732.4,本地最近行情CSV
2026-07-06,2026-07-06T11:24:33+08:00,601226,华电科工,6.41,-2.29,-0.15,93321.0,60935113.0,本地最近行情CSV
2026-07-06,2026-07-06T11:24:33+08:00,600597,光明乳业,6.41,1.26,0.08,62330.0,39799320.0,本地最近行情CSV
2026-07-06,2026-07-06T11:24:33+08:00,002591,恒大高新,6.41,0.94,0.06,103414.0,67346658.0,本地最近行情CSV
2026-07-06,2026-07-06T11:24:33+08:00,600814,杭州解百,6.4,-0.16,-0.01,19699.0,12628223.0,本地最近行情CSV
2026-07-06,2026-07-06T11:24:33+08:00,300427,红相股份,6.4,-4.76,-0.32,137009.0,90773394.0,本地最近行情CSV
2026-07-06,2026-07-06T11:24:33+08:00,002490,山东墨龙,6.4,-3.9,-0.26,135179.0,87972596.0,本地最近行情CSV
2026-07-06,2026-07-06T11:24:33+08:00,603357,设计总院,6.39,0.31,0.02,12808.0,8192577.0,本地最近行情CSV
2026-07-06,2026-07-06T11:24:33+08:00,600319,亚星化学,6.39,-1.39,-0.09,19857.0,12811698.0,本地最近行情CSV
2026-07-06,2026-07-06T11:24:33+08:00,600037,歌华有线,6.39,0.95,0.06,77217.0,49202830.0,本地最近行情CSV
2026-07-06,2026-07-06T11:24:33+08:00,300061,旗天科技,6.39,-14.57,-1.09,458255.0,297560285.33,本地最近行情CSV
2026-07-06,2026-07-06T11:24:33+08:00,002498,汉缆股份,6.38,-4.2,-0.28,394072.0,258660904.0,本地最近行情CSV
2026-07-06,2026-07-06T11:24:33+08:00,000009,中国宝安,6.38,-0.16,-0.01,163747.0,105351762.19,本地最近行情CSV
2026-07-06,2026-07-06T11:24:33+08:00,600973,宝胜股份,6.37,-3.78,-0.25,199599.0,128968029.0,本地最近行情CSV
2026-07-06,2026-07-06T11:24:33+08:00,002195,岩山科技,6.37,-2.45,-0.16,837288.0,543352582.7,本地最近行情CSV
2026-07-06,2026-07-06T11:24:33+08:00,002093,国脉科技,6.37,-1.39,-0.09,75613.0,48826796.0,本地最近行情CSV
2026-07-06,2026-07-06T11:24:33+08:00,000881,中广核技,6.37,-0.93,-0.06,43762.0,28052062.0,本地最近行情CSV
2026-07-06,2026-07-06T11:24:33+08:00,601077,渝农商行,6.36,0.47,0.03,288377.0,182704779.0,本地最近行情CSV
2026-07-06,2026-07-06T11:24:33+08:00,600663,陆家嘴,6.36,-0.63,-0.04,76915.0,49256544.0,本地最近行情CSV
2026-07-06,2026-07-06T11:24:33+08:00,002566,益盛药业,6.36,-1.4,-0.09,75511.0,47703479.16,本地最近行情CSV
2026-07-06,2026-07-06T11:24:33+08:00,000630,铜陵有色,6.36,-1.7,-0.11,2683461.0,1747849890.24,本地最近行情CSV
2026-07-06,2026-07-06T11:24:33+08:00,300942,易瑞生物,6.35,-3.35,-0.22,110682.0,71597158.0,本地最近行情CSV
2026-07-06,2026-07-06T11:24:33+08:00,300030,阳普医疗,6.35,0.95,0.06,70185.0,44586380.14,本地最近行情CSV
2026-07-06,2026-07-06T11:24:33+08:00,600797,浙大网新,6.34,-2.46,-0.16,101421.0,65078309.0,本地最近行情CSV
2026-07-06,2026-07-06T11:24:33+08:00,600382,广东明珠,6.34,-5.09,-0.34,134228.0,86834404.0,本地最近行情CSV
2026-07-06,2026-07-06T11:24:33+08:00,002538,ST司特,6.34,3.59,0.22,97867.0,61532284.0,本地最近行情CSV
2026-07-06,2026-07-06T11:24:33+08:00,001322,箭牌家居,6.34,0.48,0.03,27781.0,17653845.0,本地最近行情CSV
2026-07-06,2026-07-06T11:24:33+08:00,000800,一汽解放,6.34,2.42,0.15,159749.0,101044013.23,本地最近行情CSV
2026-07-06,2026-07-06T11:24:33+08:00,601007,金陵饭店,6.33,0.32,0.02,19752.0,12522681.0,本地最近行情CSV
2026-07-06,2026-07-06T11:24:33+08:00,600210,紫江企业,6.33,0.64,0.04,90682.0,57394548.0,本地最近行情CSV
2026-07-06,2026-07-06T11:24:33+08:00,600409,三友化工,6.32,0.32,0.02,299385.0,191273583.0,本地最近行情CSV
2026-07-06,2026-07-06T11:24:33+08:00,300343,联创股份,6.32,-5.39,-0.36,388390.0,252206958.92,本地最近行情CSV
2026-07-06,2026-07-06T11:24:33+08:00,600351,亚宝药业,6.31,1.77,0.11,122234.0,76688726.0,本地最近行情CSV
2026-07-06,2026-07-06T11:24:33+08:00,600195,中牧股份,6.31,0.96,0.06,43082.0,27125261.0,本地最近行情CSV
2026-07-06,2026-07-06T11:24:33+08:00,300241,瑞丰光电,6.31,-4.25,-0.28,279184.0,178272295.34,本地最近行情CSV
2026-07-06,2026-07-06T11:24:33+08:00,002363,隆基机械,6.31,-0.47,-0.03,34471.0,21943782.2,本地最近行情CSV
2026-07-06,2026-07-06T11:24:33+08:00,000949,新乡化纤,6.31,-0.63,-0.04,380149.0,242772411.1,本地最近行情CSV
2026-07-06,2026-07-06T11:24:33+08:00,600726,华电能源,6.3,-2.02,-0.13,764323.0,490822358.0,本地最近行情CSV
2026-07-06,2026-07-06T11:24:33+08:00,002165,红 宝 丽,6.3,1.29,0.08,417787.0,267331960.6,本地最近行情CSV
2026-07-06,2026-07-06T11:24:33+08:00,000705,浙江震元,6.3,0.32,0.02,33929.0,21446899.0,本地最近行情CSV
2026-07-06,2026-07-06T11:24:33+08:00,603535,嘉诚国际,6.29,-1.1,-0.07,23537.0,14949901.0,本地最近行情CSV
2026-07-06,2026-07-06T11:24:33+08:00,000983,山西焦煤,6.29,0.96,0.06,563238.0,355856643.56,本地最近行情CSV
2026-07-06,2026-07-06T11:24:33+08:00,600232,金鹰股份,6.28,-2.64,-0.17,44177.0,28293868.0,本地最近行情CSV
2026-07-06,2026-07-06T11:24:33+08:00,301558,三态股份,6.27,-1.26,-0.08,35156.0,22202869.64,本地最近行情CSV
2026-07-06,2026-07-06T11:24:33+08:00,300326,ST凯利,6.27,-2.03,-0.13,40120.0,25509061.0,本地最近行情CSV
2026-07-06,2026-07-06T11:24:33+08:00,300008,天海防务,6.27,-0.63,-0.04,403058.0,256501152.5,本地最近行情CSV
2026-07-06,2026-07-06T11:24:33+08:00,002650,ST加加,6.27,-1.26,-0.08,58141.0,36714577.0,本地最近行情CSV
2026-07-06,2026-07-06T11:24:33+08:00,000503,国新健康,6.26,-0.95,-0.06,59421.0,37540678.0,本地最近行情CSV
2026-07-06,2026-07-06T11:24:33+08:00,603980,吉华集团,6.25,-2.5,-0.16,149646.0,94552510.0,本地最近行情CSV
2026-07-06,2026-07-06T11:24:33+08:00,002719,ST麦趣,6.25,-0.16,-0.01,32142.0,20258143.0,本地最近行情CSV
2026-07-06,2026-07-06T11:24:33+08:00,002478,常宝股份,6.25,-2.04,-0.13,100473.0,64089688.12,本地最近行情CSV
2026-07-06,2026-07-06T11:24:33+08:00,002037,保利联合,6.25,-2.5,-0.16,36194.0,23060306.0,本地最近行情CSV
2026-07-06,2026-07-06T11:24:33+08:00,002012,凯恩股份,6.25,-2.34,-0.15,75901.0,47952536.78,本地最近行情CSV
2026-07-06,2026-07-06T11:24:33+08:00,000968,蓝焰控股,6.25,0.0,0.0,90736.0,56976500.94,本地最近行情CSV
2026-07-06,2026-07-06T11:24:33+08:00,000027,深圳能源,6.25,-0.32,-0.02,231925.0,146284959.58,本地最近行情CSV
2026-07-06,2026-07-06T11:24:33+08:00,601678,滨化股份,6.24,-9.96,-0.69,2312335.0,1494030010.0,本地最近行情CSV
2026-07-06,2026-07-06T11:24:33+08:00,600328,中盐化工,6.24,0.97,0.06,97241.0,60738421.0,本地最近行情CSV
2026-07-06,2026-07-06T11:24:33+08:00,002799,环球印务,6.23,0.0,0.0,28684.0,18014754.0,本地最近行情CSV
2026-07-06,2026-07-06T11:24:33+08:00,000759,中百集团,6.23,-1.11,-0.07,441056.0,276542981.92,本地最近行情CSV
2026-07-06,2026-07-06T11:24:33+08:00,000058,深 赛 格,6.23,-0.95,-0.06,37509.0,23576314.0,本地最近行情CSV
2026-07-06,2026-07-06T11:24:33+08:00,600490,鹏欣资源,6.22,-0.96,-0.06,550853.0,354037907.0,本地最近行情CSV
2026-07-06,2026-07-06T11:24:33+08:00,002685,华东重机,6.22,-1.27,-0.08,174489.0,109976811.7,本地最近行情CSV
2026-07-06,2026-07-06T11:24:33+08:00,300883,龙利得,6.21,-1.11,-0.07,126696.0,79387687.2,本地最近行情CSV
2026-07-06,2026-07-06T11:24:33+08:00,300112,万讯自控,6.21,-3.12,-0.2,49118.0,31001634.98,本地最近行情CSV
2026-07-06,2026-07-06T11:24:33+08:00,002996,顺博合金,6.21,-0.16,-0.01,55059.0,34676179.1,本地最近行情CSV
2026-07-06,2026-07-06T11:24:33+08:00,002817,黄山胶囊,6.21,-0.32,-0.02,44639.0,28009681.44,本地最近行情CSV
2026-07-06,2026-07-06T11:24:33+08:00,000919,金陵药业,6.21,0.49,0.03,109375.0,67921232.0,本地最近行情CSV
2026-07-06,2026-07-06T11:24:33+08:00,601111,中国国航,6.2,1.64,0.1,578874.0,358012598.0,本地最近行情CSV
2026-07-06,2026-07-06T11:24:33+08:00,600318,新力金融,6.2,-2.52,-0.16,64697.0,40652002.0,本地最近行情CSV
2026-07-06,2026-07-06T11:24:33+08:00,002485,ST雪发,6.2,5.98,0.35,63493.0,38970612.0,本地最近行情CSV
2026-07-06,2026-07-06T11:24:33+08:00,000595,宝塔实业,6.2,-0.64,-0.04,468010.0,287962173.86,本地最近行情CSV
2026-07-06,2026-07-06T11:24:33+08:00,300177,中海达,6.19,-3.13,-0.2,73234.0,45979771.08,本地最近行情CSV
2026-07-06,2026-07-06T11:24:33+08:00,000567,海德股份,6.19,0.49,0.03,165768.0,103152775.98,本地最近行情CSV
2026-07-06,2026-07-06T11:24:33+08:00,603126,中材节能,6.18,-1.75,-0.11,49847.0,31197661.0,本地最近行情CSV
2026-07-06,2026-07-06T11:24:33+08:00,002642,荣联科技,6.18,-1.9,-0.12,92259.0,58101063.0,本地最近行情CSV
2026-07-06,2026-07-06T11:24:33+08:00,601377,兴业证券,6.17,0.0,0.0,564205.0,348964937.0,本地最近行情CSV
2026-07-06,2026-07-06T11:24:33+08:00,600278,东方创业,6.17,-0.16,-0.01,17101.0,10597378.0,本地最近行情CSV
2026-07-06,2026-07-06T11:24:33+08:00,300011,鼎汉技术,6.17,-1.12,-0.07,43946.0,27502029.0,本地最近行情CSV
2026-07-06,2026-07-06T11:24:33+08:00,000635,英 力 特,6.17,-0.32,-0.02,35728.0,22354068.0,本地最近行情CSV
2026-07-06,2026-07-06T11:24:33+08:00,600810,神马股份,6.16,-1.6,-0.1,74381.0,46358258.0,本地最近行情CSV
2026-07-06,2026-07-06T11:24:33+08:00,300050,世纪鼎利,6.16,5.84,0.34,270227.0,163965190.0,本地最近行情CSV
2026-07-06,2026-07-06T11:24:33+08:00,002700,万憬能源,6.16,-7.78,-0.52,163574.0,102472577.0,本地最近行情CSV
2026-07-06,2026-07-06T11:24:33+08:00,688468,科美诊断,6.15,-0.49,-0.03,17798.0,10987539.0,本地最近行情CSV
2026-07-06,2026-07-06T11:24:33+08:00,600576,祥源文旅,6.14,-1.76,-0.11,81940.0,51009116.0,本地最近行情CSV
2026-07-06,2026-07-06T11:24:33+08:00,002412,汉森制药,6.14,1.49,0.09,67148.0,41058768.54,本地最近行情CSV
2026-07-06,2026-07-06T11:24:33+08:00,002277,友阿股份,6.14,-3.31,-0.21,192384.0,120078027.0,本地最近行情CSV
2026-07-06,2026-07-06T11:24:33+08:00,601186,中国铁建,6.13,0.16,0.01,206653.0,126610338.0,本地最近行情CSV
2026-07-06,2026-07-06T11:24:33+08:00,002752,昇兴股份,6.13,4.07,0.24,137867.0,84179277.85,本地最近行情CSV
2026-07-06,2026-07-06T11:24:33+08:00,603116,红蜻蜓,6.12,0.66,0.04,48387.0,29748707.0,本地最近行情CSV
2026-07-06,2026-07-06T11:24:33+08:00,600901,江苏金租,6.12,-0.33,-0.02,158005.0,97039191.0,本地最近行情CSV
2026-07-06,2026-07-06T11:24:33+08:00,600098,广州发展,6.12,0.33,0.02,128461.0,78658935.0,本地最近行情CSV
2026-07-06,2026-07-06T11:24:33+08:00,002103,广博股份,6.12,-0.65,-0.04,34982.0,21543858.0,本地最近行情CSV
2026-07-06,2026-07-06T11:24:33+08:00,000017,深中华A,6.11,0.33,0.02,75409.0,45661922.5,本地最近行情CSV
2026-07-06,2026-07-06T11:24:33+08:00,002400,省广集团,6.1,-1.93,-0.12,371429.0,229750043.54,本地最近行情CSV
2026-07-06,2026-07-06T11:24:33+08:00,000683,博源化工,6.1,1.33,0.08,727344.0,448130927.0,本地最近行情CSV
2026-07-06,2026-07-06T11:24:33+08:00,000539,粤电力Ａ,6.1,-6.3,-0.41,760316.0,477945645.72,本地最近行情CSV
2026-07-06,2026-07-06T11:24:33+08:00,000521,长虹美菱,6.1,3.74,0.22,412615.0,245397898.26,本地最近行情CSV
2026-07-06,2026-07-06T11:24:33+08:00,603669,灵康药业,6.09,-0.49,-0.03,248258.0,152390021.0,本地最近行情CSV
2026-07-06,2026-07-06T11:24:33+08:00,300099,尤洛卡,6.09,-4.25,-0.27,111180.0,69216004.2,本地最近行情CSV
2026-07-06,2026-07-06T11:24:33+08:00,300506,名家汇,6.08,-2.72,-0.17,163865.0,101012876.83,本地最近行情CSV
2026-07-06,2026-07-06T11:24:33+08:00,000679,大连友谊,6.08,-2.72,-0.17,86256.0,53699994.0,本地最近行情CSV
2026-07-06,2026-07-06T11:24:33+08:00,603839,安正时尚,6.07,-1.14,-0.07,22737.0,13978725.0,本地最近行情CSV
2026-07-06,2026-07-06T11:24:33+08:00,603111,康尼机电,6.07,2.02,0.12,50268.0,30271578.0,本地最近行情CSV
2026-07-06,2026-07-06T11:24:33+08:00,300933,中辰股份,6.07,-2.57,-0.16,63439.0,39232115.88,本地最近行情CSV
2026-07-06,2026-07-06T11:24:33+08:00,300145,南方泵业,6.07,9.37,0.52,2051952.0,1221014291.55,本地最近行情CSV
2026-07-06,2026-07-06T11:24:33+08:00,000608,阳光股份,6.06,1.68,0.1,261478.0,161905378.5,本地最近行情CSV
2026-07-06,2026-07-06T11:24:33+08:00,000565,渝三峡Ａ,6.06,-1.62,-0.1,60876.0,37313214.24,本地最近行情CSV
2026-07-06,2026-07-06T11:24:33+08:00,601128,常熟银行,6.05,1.51,0.09,270497.0,163182355.0,本地最近行情CSV
2026-07-06,2026-07-06T11:24:33+08:00,600698,湖南天雁,6.05,-0.98,-0.06,48694.0,29759341.0,本地最近行情CSV
2026-07-06,2026-07-06T11:24:33+08:00,300213,佳讯飞鸿,6.05,-1.79,-0.11,85652.0,52462406.0,本地最近行情CSV
2026-07-06,2026-07-06T11:24:33+08:00,600818,ST中路,6.04,-0.17,-0.01,61715.0,38277121.0,本地最近行情CSV
2026-07-06,2026-07-06T11:24:33+08:00,002471,中超控股,6.04,-7.22,-0.47,927168.0,580613529.13,本地最近行情CSV
2026-07-06,2026-07-06T11:24:33+08:00,605199,ST葫芦娃,6.03,0.33,0.02,27294.0,16564190.0,本地最近行情CSV
2026-07-06,2026-07-06T11:24:33+08:00,605138,盛泰集团,6.03,0.67,0.04,31080.0,18714208.0,本地最近行情CSV
2026-07-06,2026-07-06T11:24:33+08:00,603321,梅轮电梯,6.03,-0.82,-0.05,24254.0,14728319.0,本地最近行情CSV
2026-07-06,2026-07-06T11:24:33+08:00,600780,通宝能源,6.03,-1.47,-0.09,71834.0,43709398.0,本地最近行情CSV
2026-07-06,2026-07-06T11:24:33+08:00,002386,天原股份,6.03,-3.05,-0.19,237554.0,145851380.28,本地最近行情CSV
2026-07-06,2026-07-06T11:24:33+08:00,603956,威派格,6.02,-2.9,-0.18,351210.0,214466012.0,本地最近行情CSV
2026-07-06,2026-07-06T11:24:33+08:00,300381,溢多利,6.02,1.52,0.09,61062.0,36773705.0,本地最近行情CSV
2026-07-06,2026-07-06T11:24:33+08:00,002264,新 华 都,6.02,-0.33,-0.02,83018.0,50048337.0,本地最近行情CSV
2026-07-06,2026-07-06T11:24:33+08:00,600770,综艺股份,6.01,-1.31,-0.08,326369.0,196490511.0,本地最近行情CSV
2026-07-06,2026-07-06T11:24:33+08:00,600545,卓郎智能,6.0,-4.15,-0.26,740041.0,455740612.0,本地最近行情CSV
2026-07-06,2026-07-06T11:24:33+08:00,300132,青松股份,6.0,-0.83,-0.05,103478.0,62468458.94,本地最近行情CSV
2026-07-06,2026-07-06T11:24:33+08:00,603900,莱绅通灵,5.99,-0.99,-0.06,37863.0,22928223.0,本地最近行情CSV
2026-07-06,2026-07-06T11:24:33+08:00,601139,深圳燃气,5.99,1.53,0.09,119793.0,71319510.0,本地最近行情CSV
2026-07-06,2026-07-06T11:24:33+08:00,600578,京能电力,5.99,-3.07,-0.19,587667.0,359328502.0,本地最近行情CSV
2026-07-06,2026-07-06T11:24:33+08:00,600116,三峡水利,5.99,4.72,0.27,306442.0,182252498.0,本地最近行情CSV
2026-07-06,2026-07-06T11:24:33+08:00,000610,*ST西旅,5.99,-1.16,-0.07,24697.0,14972414.0,本地最近行情CSV
2026-07-06,2026-07-06T11:24:33+08:00,601665,齐鲁银行,5.98,2.05,0.12,290534.0,172253260.0,本地最近行情CSV
2026-07-06,2026-07-06T11:24:33+08:00,600173,卧龙新能,5.98,-2.92,-0.18,35701.0,21717747.0,本地最近行情CSV
2026-07-06,2026-07-06T11:24:33+08:00,603421,鼎信通讯,5.97,-2.77,-0.17,45025.0,27210631.0,本地最近行情CSV
2026-07-06,2026-07-06T11:24:33+08:00,300259,新天科技,5.97,1.19,0.07,393021.0,236944844.48,本地最近行情CSV
2026-07-06,2026-07-06T11:24:33+08:00,603313,梦百合,5.96,1.71,0.1,106704.0,62782421.0,本地最近行情CSV
2026-07-06,2026-07-06T11:24:33+08:00,600051,宁波联合,5.96,-1.16,-0.07,22196.0,13327304.0,本地最近行情CSV
2026-07-06,2026-07-06T11:24:33+08:00,000019,深粮控股,5.96,0.68,0.04,31946.0,19044989.0,本地最近行情CSV
2026-07-06,2026-07-06T11:24:33+08:00,600821,金开新能,5.95,-1.49,-0.09,338253.0,203987127.0,本地最近行情CSV
2026-07-06,2026-07-06T11:24:33+08:00,300144,宋城演艺,5.95,0.51,0.03,229237.0,137018355.2,本地最近行情CSV
2026-07-06,2026-07-06T11:24:33+08:00,603528,多伦科技,5.94,-2.14,-0.13,171641.0,105907593.0,本地最近行情CSV
2026-07-06,2026-07-06T11:24:33+08:00,600595,中孚实业,5.94,0.51,0.03,592126.0,358822789.0,本地最近行情CSV
2026-07-06,2026-07-06T11:24:33+08:00,002753,永东股份,5.94,-1.66,-0.1,30248.0,18192482.0,本地最近行情CSV
2026-07-06,2026-07-06T11:24:33+08:00,600744,华银电力,5.93,-6.61,-0.42,670346.0,404975902.0,本地最近行情CSV
2026-07-06,2026-07-06T11:24:33+08:00,300640,德艺文创,5.93,-0.17,-0.01,68651.0,40831695.0,本地最近行情CSV
2026-07-06,2026-07-06T11:24:33+08:00,601800,中国交建,5.92,-0.17,-0.01,186804.0,110605386.0,本地最近行情CSV
2026-07-06,2026-07-06T11:24:33+08:00,600126,杭钢股份,5.92,-2.15,-0.13,279790.0,167760591.0,本地最近行情CSV
2026-07-06,2026-07-06T11:24:33+08:00,002677,浙江美大,5.92,-4.98,-0.31,127409.0,77071850.0,本地最近行情CSV
2026-07-06,2026-07-06T11:24:33+08:00,601288,农业银行,5.91,0.17,0.01,2262285.0,1324204491.0,本地最近行情CSV
2026-07-06,2026-07-06T11:24:33+08:00,002347,泰尔股份,5.91,-4.52,-0.28,124168.0,74763054.0,本地最近行情CSV
2026-07-06,2026-07-06T11:24:33+08:00,300126,锐奇股份,5.9,-2.48,-0.15,35852.0,21509277.0,本地最近行情CSV
2026-07-06,2026-07-06T11:24:33+08:00,002376,新北洋,5.9,-0.34,-0.02,56924.0,33751505.76,本地最近行情CSV
2026-07-06,2026-07-06T11:24:33+08:00,000553,安道麦A,5.9,0.17,0.01,41337.0,24515248.3,本地最近行情CSV
2026-07-06,2026-07-06T11:24:33+08:00,002404,嘉欣丝绸,5.89,0.0,0.0,50058.0,29603940.0,本地最近行情CSV
2026-07-06,2026-07-06T11:24:33+08:00,600057,厦门象屿,5.88,4.07,0.23,160170.0,93490569.0,本地最近行情CSV
2026-07-06,2026-07-06T11:24:33+08:00,600538,国发股份,5.87,-2.0,-0.12,48376.0,28801521.0,本地最近行情CSV
2026-07-06,2026-07-06T11:24:33+08:00,002469,三维化学,5.87,0.17,0.01,37272.0,22014406.0,本地最近行情CSV
2026-07-06,2026-07-06T11:24:33+08:00,601121,宝地矿业,5.86,0.17,0.01,72970.0,43254480.0,本地最近行情CSV
2026-07-06,2026-07-06T11:24:33+08:00,600123,兰花科创,5.86,2.09,0.12,147356.0,86072771.0,本地最近行情CSV
2026-07-06,2026-07-06T11:24:33+08:00,002627,三峡旅游,5.86,-1.01,-0.06,51362.0,30309387.0,本地最近行情CSV
2026-07-06,2026-07-06T11:24:33+08:00,000531,穗恒运Ａ,5.86,-1.84,-0.11,75811.0,44752916.0,本地最近行情CSV
2026-07-06,2026-07-06T11:24:33+08:00,600628,新世界,5.85,0.52,0.03,48834.0,28649539.0,本地最近行情CSV
2026-07-06,2026-07-06T11:24:33+08:00,600493,凤竹纺织,5.85,-0.34,-0.02,84887.0,50779990.0,本地最近行情CSV
2026-07-06,2026-07-06T11:24:33+08:00,600289,ST信通,5.85,0.17,0.01,15757.0,9268629.0,本地最近行情CSV
2026-07-06,2026-07-06T11:24:33+08:00,002282,博深股份,5.85,0.17,0.01,25407.0,14938697.89,本地最近行情CSV
2026-07-06,2026-07-06T11:24:33+08:00,000554,泰山石油,5.84,-0.85,-0.05,54768.0,32318732.91,本地最近行情CSV
2026-07-06,2026-07-06T11:24:33+08:00,603982,泉峰汽车,5.83,-1.19,-0.07,34940.0,20624347.0,本地最近行情CSV
2026-07-06,2026-07-06T11:24:33+08:00,301062,上海艾录,5.83,-2.51,-0.15,48149.0,28723887.0,本地最近行情CSV
2026-07-06,2026-07-06T11:24:33+08:00,300732,设研院,5.8,-1.36,-0.08,26011.0,15266137.6,本地最近行情CSV
2026-07-06,2026-07-06T11:24:33+08:00,300040,九洲集团,5.8,-1.36,-0.08,190898.0,112678247.0,本地最近行情CSV
2026-07-06,2026-07-06T11:24:33+08:00,002197,证通电子,5.8,-2.85,-0.17,99578.0,58447393.96,本地最近行情CSV
2026-07-06,2026-07-06T11:24:33+08:00,600530,交大昂立,5.79,1.58,0.09,229490.0,135718738.0,本地最近行情CSV
2026-07-06,2026-07-06T11:24:33+08:00,300289,利德曼,5.79,-0.69,-0.04,49294.0,28725386.0,本地最近行情CSV
2026-07-06,2026-07-06T11:24:33+08:00,002522,浙江众成,5.79,-3.34,-0.2,390494.0,228669479.08,本地最近行情CSV
2026-07-06,2026-07-06T11:24:33+08:00,600167,联美控股,5.78,-0.52,-0.03,48262.0,27828638.0,本地最近行情CSV
2026-07-06,2026-07-06T11:24:33+08:00,300279,和晶科技,5.78,-5.71,-0.35,121782.0,71935626.0,本地最近行情CSV
2026-07-06,2026-07-06T11:24:33+08:00,000726,鲁  泰Ａ,5.78,1.4,0.08,34683.0,19989213.32,本地最近行情CSV
2026-07-06,2026-07-06T11:24:33+08:00,601999,出版传媒,5.77,0.0,0.0,20590.0,11926203.0,本地最近行情CSV
2026-07-06,2026-07-06T11:24:33+08:00,002370,亚太药业,5.77,0.87,0.05,344903.0,200219727.0,本地最近行情CSV
2026-07-06,2026-07-06T11:24:33+08:00,300245,ST天玑,5.76,-3.52,-0.21,51901.0,30576541.4,本地最近行情CSV
2026-07-06,2026-07-06T11:24:33+08:00,300107,建新股份,5.76,0.35,0.02,52614.0,30668644.0,本地最近行情CSV
2026-07-06,2026-07-06T11:24:33+08:00,002031,巨轮智能,5.76,-7.4,-0.46,1308308.0,770240197.25,本地最近行情CSV
2026-07-06,2026-07-06T11:24:33+08:00,000952,广济药业,5.76,0.0,0.0,38678.0,22447379.93,本地最近行情CSV
2026-07-06,2026-07-06T11:24:33+08:00,003037,三和管桩,5.75,0.35,0.02,27137.0,15694383.0,本地最近行情CSV
2026-07-06,2026-07-06T11:24:33+08:00,002132,恒星科技,5.75,3.42,0.19,831588.0,478171222.32,本地最近行情CSV
2026-07-06,2026-07-06T11:24:33+08:00,300423,昇辉科技,5.74,-2.55,-0.15,64615.0,37768665.0,本地最近行情CSV
2026-07-06,2026-07-06T11:24:33+08:00,300511,雪榕生物,5.73,1.78,0.1,178055.0,101369905.0,本地最近行情CSV
2026-07-06,2026-07-06T11:24:33+08:00,605001,威奥股份,5.71,-1.21,-0.07,26079.0,15105965.0,本地最近行情CSV
2026-07-06,2026-07-06T11:24:33+08:00,603007,顺景科技,5.71,-4.83,-0.29,280645.0,162607831.0,本地最近行情CSV
2026-07-06,2026-07-06T11:24:33+08:00,002999,天禾股份,5.71,1.78,0.1,61204.0,35206863.44,本地最近行情CSV
2026-07-06,2026-07-06T11:24:33+08:00,002474,榕基软件,5.71,-2.56,-0.15,90240.0,52191867.38,本地最近行情CSV
2026-07-06,2026-07-06T11:24:33+08:00,601199,江南水务,5.69,-1.22,-0.07,43029.0,24615485.0,本地最近行情CSV
2026-07-06,2026-07-06T11:24:33+08:00,002563,森马服饰,5.69,2.52,0.14,134208.0,75716065.4,本地最近行情CSV
2026-07-06,2026-07-06T11:24:33+08:00,002366,融发核电,5.69,-1.9,-0.11,187956.0,108166394.0,本地最近行情CSV
2026-07-06,2026-07-06T11:24:33+08:00,600359,新农开发,5.68,0.53,0.03,24476.0,13962631.0,本地最近行情CSV
2026-07-06,2026-07-06T11:24:33+08:00,003035,南网能源,5.68,-1.9,-0.11,178295.0,103300986.0,本地最近行情CSV
2026-07-06,2026-07-06T11:24:33+08:00,002620,*ST瑞和,5.68,0.0,0.0,130855.0,77002501.0,本地最近行情CSV
2026-07-06,2026-07-06T11:24:33+08:00,000721,西安饮食,5.68,0.0,0.0,44714.0,25550373.0,本地最近行情CSV
2026-07-06,2026-07-06T11:24:33+08:00,000061,农 产 品,5.68,0.35,0.02,97992.0,55867918.0,本地最近行情CSV
2026-07-06,2026-07-06T11:24:33+08:00,002790,瑞尔特,5.67,-0.87,-0.05,18844.0,10780042.0,本地最近行情CSV
2026-07-06,2026-07-06T11:24:33+08:00,603801,志邦家居,5.65,-0.7,-0.04,27029.0,15338311.0,本地最近行情CSV
2026-07-06,2026-07-06T11:24:33+08:00,600469,风神股份,5.65,3.48,0.19,70862.0,39893388.0,本地最近行情CSV
2026-07-06,2026-07-06T11:24:33+08:00,600155,华创云信,5.65,-0.35,-0.02,149080.0,84606017.0,本地最近行情CSV
2026-07-06,2026-07-06T11:24:33+08:00,300128,锦富技术,5.65,-5.2,-0.31,303508.0,175022802.49,本地最近行情CSV
2026-07-06,2026-07-06T11:24:33+08:00,002279,久其软件,5.65,-2.75,-0.16,107036.0,61500880.0,本地最近行情CSV
2026-07-06,2026-07-06T11:24:33+08:00,002141,贤丰控股,5.65,9.92,0.51,1754014.0,980202585.0,本地最近行情CSV
2026-07-06,2026-07-06T11:24:33+08:00,603060,国检集团,5.63,-1.05,-0.06,40321.0,22873796.0,本地最近行情CSV
2026-07-06,2026-07-06T11:24:33+08:00,600819,耀皮玻璃,5.63,-2.43,-0.14,54867.0,31181077.0,本地最近行情CSV
2026-07-06,2026-07-06T11:24:33+08:00,600682,南京新百,5.63,4.26,0.23,209831.0,118156964.0,本地最近行情CSV
2026-07-06,2026-07-06T11:24:33+08:00,600398,海澜之家,5.63,1.26,0.07,130273.0,72778251.0,本地最近行情CSV
2026-07-06,2026-07-06T11:24:33+08:00,300448,浩云科技,5.63,-4.58,-0.27,97358.0,55882877.0,本地最近行情CSV
2026-07-06,2026-07-06T11:24:33+08:00,002519,银河电子,5.63,-5.38,-0.32,287226.0,166587543.72,本地最近行情CSV
2026-07-06,2026-07-06T11:24:33+08:00,603086,先达股份,5.62,0.36,0.02,44087.0,24846367.0,本地最近行情CSV
2026-07-06,2026-07-06T11:24:33+08:00,000605,渤海股份,5.62,0.36,0.02,22547.0,12803205.4,本地最近行情CSV
2026-07-06,2026-07-06T11:24:33+08:00,600755,厦门国贸,5.61,0.72,0.04,52109.0,29139271.0,本地最近行情CSV
2026-07-06,2026-07-06T11:24:33+08:00,600019,宝钢股份,5.61,0.36,0.02,441432.0,247698654.0,本地最近行情CSV
2026-07-06,2026-07-06T11:24:33+08:00,300066,三川智慧,5.61,-4.27,-0.25,197983.0,112477919.22,本地最近行情CSV
2026-07-06,2026-07-06T11:24:33+08:00,600692,亚通股份,5.6,-1.06,-0.06,31845.0,18088416.0,本地最近行情CSV
2026-07-06,2026-07-06T11:24:33+08:00,000958,电投产融,5.6,-0.71,-0.04,110305.0,61762561.2,本地最近行情CSV
2026-07-06,2026-07-06T11:24:33+08:00,601988,中国银行,5.58,0.36,0.02,1232056.0,684894446.0,本地最近行情CSV
2026-07-06,2026-07-06T11:24:33+08:00,300272,开能健康,5.58,1.27,0.07,67319.0,37756784.48,本地最近行情CSV
2026-07-06,2026-07-06T11:24:33+08:00,002212,天融信,5.58,-2.79,-0.16,164532.0,92905878.8,本地最近行情CSV
2026-07-06,2026-07-06T11:24:33+08:00,600874,创业环保,5.57,1.09,0.06,48890.0,27198742.0,本地最近行情CSV
2026-07-06,2026-07-06T11:24:33+08:00,600516,方大炭素,5.57,-3.8,-0.22,1004627.0,578976508.0,本地最近行情CSV
2026-07-06,2026-07-06T11:24:33+08:00,300062,中能电气,5.57,-3.47,-0.2,96930.0,55163391.0,本地最近行情CSV
2026-07-06,2026-07-06T11:24:33+08:00,002420,毅昌科技,5.57,-3.8,-0.22,100775.0,57690253.94,本地最近行情CSV
2026-07-06,2026-07-06T11:24:33+08:00,603815,交建股份,5.56,0.18,0.01,47536.0,26076856.0,本地最近行情CSV
2026-07-06,2026-07-06T11:24:33+08:00,300647,超频三,5.56,-3.14,-0.18,89747.0,50672633.6,本地最近行情CSV
2026-07-06,2026-07-06T11:24:33+08:00,002687,乔治白,5.56,-1.59,-0.09,266020.0,152800451.51,本地最近行情CSV
2026-07-06,2026-07-06T11:24:33+08:00,002510,天汽模,5.56,-3.81,-0.22,165352.0,93370207.0,本地最近行情CSV
2026-07-06,2026-07-06T11:24:33+08:00,002516,旷达科技,5.53,-1.95,-0.11,112703.0,62987561.0,本地最近行情CSV
2026-07-06,2026-07-06T11:24:33+08:00,603569,长久物流,5.52,-0.18,-0.01,23811.0,13207454.0,本地最近行情CSV
2026-07-06,2026-07-06T11:24:33+08:00,000159,国际实业,5.52,-0.9,-0.05,70074.0,39187989.72,本地最近行情CSV
2026-07-06,2026-07-06T11:24:33+08:00,603616,韩建河山,5.51,-5.65,-0.33,192378.0,108926033.0,本地最近行情CSV
2026-07-06,2026-07-06T11:24:33+08:00,002238,天威视讯,5.51,-0.54,-0.03,37395.0,20839865.6,本地最近行情CSV
2026-07-06,2026-07-06T11:24:33+08:00,000713,国投丰乐,5.51,0.18,0.01,21435.0,11882142.74,本地最近行情CSV
2026-07-06,2026-07-06T11:24:33+08:00,601728,中国电信,5.5,1.29,0.07,712713.0,389662447.0,本地最近行情CSV
2026-07-06,2026-07-06T11:24:33+08:00,300305,裕兴股份,5.5,-7.41,-0.44,144865.0,82009132.0,本地最近行情CSV
2026-07-06,2026-07-06T11:24:33+08:00,002358,森源电气,5.5,-2.14,-0.12,110950.0,61902421.0,本地最近行情CSV
2026-07-06,2026-07-06T11:24:33+08:00,600468,百利电气,5.49,-4.69,-0.27,197662.0,110561767.0,本地最近行情CSV
2026-07-06,2026-07-06T11:24:33+08:00,300044,*ST赛为,5.49,-1.96,-0.11,140941.0,78193052.76,本地最近行情CSV
2026-07-06,2026-07-06T11:24:33+08:00,002746,仙坛股份,5.49,0.92,0.05,95088.0,52133377.0,本地最近行情CSV
2026-07-06,2026-07-06T11:24:33+08:00,002492,恒基达鑫,5.49,-2.66,-0.15,50859.0,28456073.0,本地最近行情CSV
2026-07-06,2026-07-06T11:24:33+08:00,600918,中泰证券,5.48,0.37,0.02,248617.0,136231315.0,本地最近行情CSV
2026-07-06,2026-07-06T11:24:33+08:00,600724,宁波富达,5.48,-0.36,-0.02,92128.0,51059070.0,本地最近行情CSV
2026-07-06,2026-07-06T11:24:33+08:00,300369,绿盟科技,5.48,-1.44,-0.08,118266.0,65757170.82,本地最近行情CSV
2026-07-06,2026-07-06T11:24:33+08:00,002161,远 望 谷,5.48,-2.49,-0.14,113613.0,63609033.0,本地最近行情CSV
2026-07-06,2026-07-06T11:24:33+08:00,000978,桂林旅游,5.48,-1.08,-0.06,53938.0,29794929.0,本地最近行情CSV
2026-07-06,2026-07-06T11:24:33+08:00,300232,洲明科技,5.47,-2.84,-0.16,128307.0,70937300.0,本地最近行情CSV
2026-07-06,2026-07-06T11:24:33+08:00,600333,长春燃气,5.46,-0.55,-0.03,74309.0,40718450.0,本地最近行情CSV
2026-07-06,2026-07-06T11:24:33+08:00,002948,青岛银行,5.46,3.61,0.19,338403.0,183075726.56,本地最近行情CSV
2026-07-06,2026-07-06T11:24:33+08:00,002537,海联金汇,5.46,-1.27,-0.07,112819.0,62213189.72,本地最近行情CSV
2026-07-06,2026-07-06T11:24:33+08:00,002099,海翔药业,5.46,-0.18,-0.01,160553.0,88020963.0,本地最近行情CSV
2026-07-06,2026-07-06T11:24:33+08:00,000153,丰原药业,5.46,0.55,0.03,45981.0,25125054.6,本地最近行情CSV
2026-07-06,2026-07-06T11:24:33+08:00,688280,精进电动-W,5.45,-4.89,-0.28,115011.0,64345274.0,本地最近行情CSV
2026-07-06,2026-07-06T11:24:33+08:00,600731,湖南海利,5.45,0.37,0.02,32763.0,17920389.0,本地最近行情CSV
2026-07-06,2026-07-06T11:24:33+08:00,002798,帝欧水华,5.45,-4.05,-0.23,127431.0,71736776.5,本地最近行情CSV
2026-07-06,2026-07-06T11:24:33+08:00,002599,盛通股份,5.45,-2.33,-0.13,113708.0,62874341.0,本地最近行情CSV
2026-07-06,2026-07-06T11:24:33+08:00,002177,御银股份,5.45,-2.5,-0.14,113937.0,63110934.0,本地最近行情CSV
2026-07-06,2026-07-06T11:24:33+08:00,601598,中国外运,5.44,2.06,0.11,89962.0,48777354.0,本地最近行情CSV
2026-07-06,2026-07-06T11:24:33+08:00,600746,江苏索普,5.44,0.0,0.0,74695.0,41075753.0,本地最近行情CSV
2026-07-06,2026-07-06T11:24:33+08:00,600651,飞乐音响,5.44,-2.33,-0.13,113268.0,62282333.0,本地最近行情CSV
2026-07-06,2026-07-06T11:24:33+08:00,600358,国旅联合,5.44,-0.18,-0.01,71041.0,39446397.0,本地最近行情CSV
2026-07-06,2026-07-06T11:24:33+08:00,002206,海 利 得,5.44,0.18,0.01,71217.0,39030735.0,本地最近行情CSV
2026-07-06,2026-07-06T11:24:33+08:00,603817,海峡环保,5.43,0.18,0.01,44986.0,24521508.0,本地最近行情CSV
2026-07-06,2026-07-06T11:24:33+08:00,603378,*ST亚士,5.43,0.37,0.02,90532.0,50688361.0,本地最近行情CSV
2026-07-06,2026-07-06T11:24:33+08:00,601766,中国中车,5.43,1.31,0.07,1385446.0,751135953.0,本地最近行情CSV
2026-07-06,2026-07-06T11:24:33+08:00,600488,津药药业,5.43,4.02,0.21,1142024.0,604963773.0,本地最近行情CSV
2026-07-06,2026-07-06T11:24:33+08:00,300175,朗源股份,5.43,-3.38,-0.19,92008.0,50600429.0,本地最近行情CSV
2026-07-06,2026-07-06T11:24:33+08:00,002381,双箭股份,5.43,-0.73,-0.04,22189.0,12146963.0,本地最近行情CSV
2026-07-06,2026-07-06T11:24:33+08:00,002221,东华能源,5.43,0.37,0.02,168365.0,92697328.0,本地最近行情CSV
2026-07-06,2026-07-06T11:24:33+08:00,002204,大连重工,5.43,-0.18,-0.01,169125.0,92542600.06,本地最近行情CSV
2026-07-06,2026-07-06T11:24:33+08:00,000953,中哲精化,5.43,-0.18,-0.01,33190.0,18246547.84,本地最近行情CSV
2026-07-06,2026-07-06T11:24:33+08:00,000650,仁和药业,5.43,1.12,0.06,166973.0,90356014.0,本地最近行情CSV
2026-07-06,2026-07-06T11:24:33+08:00,002686,亿利达,5.42,-1.09,-0.06,69114.0,37794512.32,本地最近行情CSV
2026-07-06,2026-07-06T11:24:33+08:00,000910,大亚圣象,5.42,0.93,0.05,16490.0,8935239.0,本地最近行情CSV
2026-07-06,2026-07-06T11:24:33+08:00,000906,浙商中拓,5.42,2.26,0.12,96597.0,53327055.0,本地最近行情CSV
2026-07-06,2026-07-06T11:24:33+08:00,300165,天瑞仪器,5.41,-4.75,-0.27,96884.0,53713426.0,本地最近行情CSV
2026-07-06,2026-07-06T11:24:33+08:00,600127,金健米业,5.4,0.19,0.01,61981.0,33560239.0,本地最近行情CSV
2026-07-06,2026-07-06T11:24:33+08:00,300296,利亚德,5.39,-4.43,-0.25,636825.0,348267322.68,本地最近行情CSV
2026-07-06,2026-07-06T11:24:33+08:00,002073,软控股份,5.39,-0.92,-0.05,81806.0,44366993.33,本地最近行情CSV
2026-07-06,2026-07-06T11:24:33+08:00,601222,林洋能源,5.38,-1.47,-0.08,100329.0,54386593.0,本地最近行情CSV
2026-07-06,2026-07-06T11:24:33+08:00,600023,浙能电力,5.38,-1.65,-0.09,206744.0,111601577.0,本地最近行情CSV
2026-07-06,2026-07-06T11:24:33+08:00,300195,长荣股份,5.38,-5.94,-0.34,183301.0,100890068.0,本地最近行情CSV
2026-07-06,2026-07-06T11:24:33+08:00,002696,百洋股份,5.38,0.37,0.02,105554.0,57676865.0,本地最近行情CSV
2026-07-06,2026-07-06T11:24:33+08:00,002575,群兴玩具,5.38,-3.93,-0.22,198943.0,108745284.65,本地最近行情CSV
2026-07-06,2026-07-06T11:24:33+08:00,002500,山西证券,5.38,0.0,0.0,164312.0,88382484.98,本地最近行情CSV
2026-07-06,2026-07-06T11:24:33+08:00,603018,华设集团,5.37,0.0,0.0,37282.0,20085426.0,本地最近行情CSV
2026-07-06,2026-07-06T11:24:33+08:00,601107,四川成渝,5.37,3.07,0.16,64326.0,34203763.0,本地最近行情CSV
2026-07-06,2026-07-06T11:24:33+08:00,600223,福瑞达,5.37,0.94,0.05,42869.0,22900625.0,本地最近行情CSV
2026-07-06,2026-07-06T11:24:33+08:00,000950,重药控股,5.37,0.94,0.05,264092.0,141454857.5,本地最近行情CSV
2026-07-06,2026-07-06T11:24:33+08:00,600864,哈投股份,5.36,-0.74,-0.04,145063.0,78250202.0,本地最近行情CSV
2026-07-06,2026-07-06T11:24:33+08:00,301215,中汽股份,5.36,-0.37,-0.02,54133.0,29138864.0,本地最近行情CSV
2026-07-06,2026-07-06T11:24:33+08:00,300311,ST任子行,5.36,-0.19,-0.01,46129.0,24772473.57,本地最近行情CSV
2026-07-06,2026-07-06T11:24:33+08:00,002382,蓝帆医疗,5.36,0.37,0.02,90777.0,48981694.0,本地最近行情CSV
2026-07-06,2026-07-06T11:24:33+08:00,001330,博纳影业,5.36,-2.37,-0.13,356653.0,194020878.0,本地最近行情CSV
2026-07-06,2026-07-06T11:24:33+08:00,000751,锌业股份,5.36,-4.8,-0.27,841026.0,468730593.58,本地最近行情CSV
2026-07-06,2026-07-06T11:24:33+08:00,000731,四川美丰,5.36,1.52,0.08,57391.0,30797237.0,本地最近行情CSV
2026-07-06,2026-07-06T11:24:33+08:00,300639,凯普生物,5.35,0.94,0.05,88383.0,47462578.4,本地最近行情CSV
2026-07-06,2026-07-06T11:24:33+08:00,000421,南京公用,5.35,0.38,0.02,43102.0,23007872.0,本地最近行情CSV
2026-07-06,2026-07-06T11:24:33+08:00,603128,华贸物流,5.34,1.14,0.06,50985.0,27130492.0,本地最近行情CSV
2026-07-06,2026-07-06T11:24:33+08:00,600820,隧道股份,5.34,0.0,0.0,95415.0,50958904.0,本地最近行情CSV
2026-07-06,2026-07-06T11:24:33+08:00,002360,ST同德,5.34,-2.02,-0.11,97398.0,53870509.22,本地最近行情CSV
2026-07-06,2026-07-06T11:24:33+08:00,600313,农发种业,5.33,-0.74,-0.04,96095.0,51676295.0,本地最近行情CSV
2026-07-06,2026-07-06T11:24:33+08:00,600125,铁龙物流,5.33,1.14,0.06,52986.0,28215519.0,本地最近行情CSV
2026-07-06,2026-07-06T11:24:33+08:00,600006,东风股份,5.33,0.38,0.02,77811.0,41491874.0,本地最近行情CSV
2026-07-06,2026-07-06T11:24:33+08:00,003032,传智教育,5.33,-1.48,-0.08,94150.0,51381552.0,本地最近行情CSV
2026-07-06,2026-07-06T11:24:33+08:00,002121,科陆电子,5.33,0.19,0.01,260514.0,140845117.79,本地最近行情CSV
2026-07-06,2026-07-06T11:24:33+08:00,600908,无锡银行,5.32,1.53,0.08,98338.0,51985029.0,本地最近行情CSV
2026-07-06,2026-07-06T11:24:33+08:00,600256,广汇能源,5.32,2.7,0.14,1007198.0,530301915.0,本地最近行情CSV
2026-07-06,2026-07-06T11:24:33+08:00,300269,联建光电,5.32,-3.1,-0.17,205993.0,111203068.0,本地最近行情CSV
2026-07-06,2026-07-06T11:24:33+08:00,000663,永安林业,5.32,-1.3,-0.07,31554.0,16978088.0,本地最近行情CSV
2026-07-06,2026-07-06T11:24:33+08:00,601238,广汽集团,5.31,1.14,0.06,221424.0,117370734.0,本地最近行情CSV
2026-07-06,2026-07-06T11:24:33+08:00,300240,飞力达,5.31,0.0,0.0,59948.0,32114397.0,本地最近行情CSV
2026-07-06,2026-07-06T11:24:33+08:00,300405,科隆股份,5.3,-0.75,-0.04,67259.0,36192317.0,本地最近行情CSV
2026-07-06,2026-07-06T11:24:33+08:00,300140,节能环境,5.3,2.51,0.13,185529.0,98525341.0,本地最近行情CSV
2026-07-06,2026-07-06T11:24:33+08:00,000702,正虹科技,5.3,0.0,0.0,55961.0,29899256.0,本地最近行情CSV
2026-07-06,2026-07-06T11:24:33+08:00,000505,京粮控股,5.29,-0.19,-0.01,33054.0,17622608.88,本地最近行情CSV
2026-07-06,2026-07-06T11:24:33+08:00,603889,新澳股份,5.28,-2.04,-0.11,62891.0,33440710.0,本地最近行情CSV
2026-07-06,2026-07-06T11:24:33+08:00,601212,白银有色,5.28,1.93,0.1,2702430.0,1479682411.0,本地最近行情CSV
2026-07-06,2026-07-06T11:24:33+08:00,600403,大有能源,5.28,-1.12,-0.06,273949.0,147196974.0,本地最近行情CSV
2026-07-06,2026-07-06T11:24:33+08:00,600235,民丰特纸,5.28,0.19,0.01,28725.0,15287167.0,本地最近行情CSV
2026-07-06,2026-07-06T11:24:33+08:00,000788,北大医药,5.28,0.57,0.03,102836.0,54534308.0,本地最近行情CSV
2026-07-06,2026-07-06T11:24:33+08:00,002369,卓翼科技,5.27,-4.01,-0.22,126597.0,67942386.0,本地最近行情CSV
2026-07-06,2026-07-06T11:24:33+08:00,002628,成都路桥,5.26,-2.59,-0.14,234770.0,125243629.6,本地最近行情CSV
2026-07-06,2026-07-06T11:24:33+08:00,000711,ST京蓝,5.26,0.0,0.0,970850.0,515248535.93,本地最近行情CSV
2026-07-06,2026-07-06T11:24:33+08:00,000530,冰山冷热,5.26,-1.87,-0.1,104922.0,55604206.0,本地最近行情CSV
2026-07-06,2026-07-06T11:24:33+08:00,000100,TCL科技,5.26,-6.9,-0.39,11923289.0,6372904215.07,本地最近行情CSV
2026-07-06,2026-07-06T11:24:33+08:00,601997,贵阳银行,5.25,0.57,0.03,280366.0,146337240.0,本地最近行情CSV
2026-07-06,2026-07-06T11:24:33+08:00,300067,安诺其,5.25,-1.32,-0.07,211482.0,112329977.14,本地最近行情CSV
2026-07-06,2026-07-06T11:24:33+08:00,002391,长青股份,5.25,-0.38,-0.02,37684.0,19947241.0,本地最近行情CSV
2026-07-06,2026-07-06T11:24:33+08:00,000676,智度股份,5.25,-1.5,-0.08,155900.0,82564389.0,本地最近行情CSV
2026-07-06,2026-07-06T11:24:33+08:00,600966,博汇纸业,5.24,3.97,0.2,165805.0,87591681.0,本地最近行情CSV
2026-07-06,2026-07-06T11:24:33+08:00,600029,南方航空,5.24,0.58,0.03,618121.0,324352850.0,本地最近行情CSV
2026-07-06,2026-07-06T11:24:33+08:00,600997,开滦股份,5.23,1.36,0.07,54433.0,28299484.0,本地最近行情CSV
2026-07-06,2026-07-06T11:24:33+08:00,600561,江西长运,5.23,-1.13,-0.06,34562.0,18292571.0,本地最近行情CSV
2026-07-06,2026-07-06T11:24:33+08:00,002030,达安基因,5.23,0.19,0.01,136119.0,71932982.43,本地最近行情CSV
2026-07-06,2026-07-06T11:24:33+08:00,600212,绿能慧充,5.22,-5.61,-0.31,108293.0,57974262.0,本地最近行情CSV
2026-07-06,2026-07-06T11:24:33+08:00,002480,新筑股份,5.22,0.77,0.04,47705.0,24864846.0,本地最近行情CSV
2026-07-06,2026-07-06T11:24:33+08:00,000936,华西股份,5.22,-2.61,-0.14,97308.0,51514186.0,本地最近行情CSV
2026-07-06,2026-07-06T11:24:33+08:00,002442,龙星科技,5.21,-1.14,-0.06,139320.0,73963037.0,本地最近行情CSV
2026-07-06,2026-07-06T11:24:33+08:00,002266,浙富控股,5.21,-1.7,-0.09,1232432.0,649803678.46,本地最近行情CSV
2026-07-06,2026-07-06T11:24:33+08:00,603999,读者传媒,5.2,-0.57,-0.03,37166.0,19523012.0,本地最近行情CSV
2026-07-06,2026-07-06T11:24:33+08:00,002676,顺威股份,5.2,-2.44,-0.13,88266.0,46397140.0,本地最近行情CSV
2026-07-06,2026-07-06T11:24:33+08:00,000541,佛山照明,5.2,-0.76,-0.04,73368.0,38239266.68,本地最近行情CSV
2026-07-06,2026-07-06T11:24:33+08:00,688373,盟科药业-U,5.19,1.57,0.08,196617.0,102842589.0,本地最近行情CSV
2026-07-06,2026-07-06T11:24:33+08:00,300187,永清环保,5.18,-1.15,-0.06,84114.0,44245265.0,本地最近行情CSV
2026-07-06,2026-07-06T11:24:33+08:00,002483,润邦股份,5.18,0.58,0.03,44948.0,23269500.0,本地最近行情CSV
2026-07-06,2026-07-06T11:24:33+08:00,002388,新亚制程,5.18,-4.6,-0.25,316359.0,167863083.0,本地最近行情CSV
2026-07-06,2026-07-06T11:24:33+08:00,002105,信隆健康,5.17,-0.77,-0.04,48421.0,25464860.44,本地最近行情CSV
2026-07-06,2026-07-06T11:24:33+08:00,603385,惠达卫浴,5.16,0.0,0.0,34364.0,17808218.0,本地最近行情CSV
2026-07-06,2026-07-06T11:24:33+08:00,600778,友好集团,5.16,-0.39,-0.02,42641.0,22242752.0,本地最近行情CSV
2026-07-06,2026-07-06T11:24:33+08:00,600583,海油工程,5.16,0.0,0.0,199060.0,103030565.0,本地最近行情CSV
2026-07-06,2026-07-06T11:24:33+08:00,300575,中旗股份,5.16,0.39,0.02,72496.0,37663445.5,本地最近行情CSV
2026-07-06,2026-07-06T11:24:33+08:00,300239,东宝生物,5.14,-0.96,-0.05,58034.0,29985533.0,本地最近行情CSV
2026-07-06,2026-07-06T11:24:33+08:00,300087,ST荃银,5.14,-0.96,-0.05,84319.0,43688479.72,本地最近行情CSV
2026-07-06,2026-07-06T11:24:33+08:00,600525,ST长园,5.13,-2.29,-0.12,55336.0,28553884.0,本地最近行情CSV
2026-07-06,2026-07-06T11:24:33+08:00,300284,苏交科,5.13,-0.58,-0.03,65435.0,33899305.6,本地最近行情CSV
2026-07-06,2026-07-06T11:24:33+08:00,600713,南京医药,5.12,0.39,0.02,92621.0,47278269.0,本地最近行情CSV
2026-07-06,2026-07-06T11:24:33+08:00,300376,易事特,5.12,0.2,0.01,182735.0,93674430.0,本地最近行情CSV
2026-07-06,2026-07-06T11:24:33+08:00,002063,远光软件,5.12,-0.78,-0.04,118998.0,61072560.01,本地最近行情CSV
2026-07-06,2026-07-06T11:24:33+08:00,601169,北京银行,5.11,1.59,0.08,1040074.0,528476023.0,本地最近行情CSV
2026-07-06,2026-07-06T11:24:33+08:00,002454,松芝股份,5.11,-0.2,-0.01,83432.0,42692706.0,本地最近行情CSV
2026-07-06,2026-07-06T11:24:33+08:00,000875,电投绿能,5.11,-0.78,-0.04,407201.0,207792317.0,本地最近行情CSV
2026-07-06,2026-07-06T11:24:33+08:00,000735,罗 牛 山,5.11,1.39,0.07,186613.0,95627790.0,本地最近行情CSV
2026-07-06,2026-07-06T11:24:33+08:00,600381,*ST春天,5.1,-0.39,-0.02,33751.0,16729343.0,本地最近行情CSV
2026-07-06,2026-07-06T11:24:33+08:00,603168,莎普爱思,5.08,0.0,0.0,50758.0,25915699.0,本地最近行情CSV
2026-07-06,2026-07-06T11:24:33+08:00,600720,中交设计,5.08,0.79,0.04,60315.0,30704079.0,本地最近行情CSV
2026-07-06,2026-07-06T11:24:33+08:00,300176,鸿特科技,5.08,-1.93,-0.1,54775.0,28150711.99,本地最近行情CSV
2026-07-06,2026-07-06T11:24:33+08:00,300426,华智数媒,5.07,-2.12,-0.11,66765.0,34255529.0,本地最近行情CSV
2026-07-06,2026-07-06T11:24:33+08:00,002688,金河生物,5.07,0.6,0.03,52565.0,26736044.0,本地最近行情CSV
2026-07-06,2026-07-06T11:24:33+08:00,603878,武进不锈,5.06,-3.62,-0.19,95873.0,49320796.0,本地最近行情CSV
2026-07-06,2026-07-06T11:24:33+08:00,601801,XD皖新传,5.06,2.02,0.1,80858.0,40790700.0,本地最近行情CSV
2026-07-06,2026-07-06T11:24:33+08:00,600163,中闽能源,5.06,-1.36,-0.07,124361.0,63406028.0,本地最近行情CSV
2026-07-06,2026-07-06T11:24:33+08:00,600073,光明肉业,5.06,2.43,0.12,70908.0,35672588.0,本地最近行情CSV
2026-07-06,2026-07-06T11:24:33+08:00,301175,中科环保,5.06,-0.2,-0.01,102134.0,51920776.0,本地最近行情CSV
2026-07-06,2026-07-06T11:24:33+08:00,300158,振东制药,5.06,1.61,0.08,141530.0,71409684.0,本地最近行情CSV
2026-07-06,2026-07-06T11:24:33+08:00,002872,ST天圣,5.06,0.6,0.03,17650.0,8900510.5,本地最近行情CSV
2026-07-06,2026-07-06T11:24:33+08:00,600335,国机汽车,5.05,1.41,0.07,67372.0,33934745.0,本地最近行情CSV
2026-07-06,2026-07-06T11:24:33+08:00,600998,九州通,5.04,2.02,0.1,397218.0,199158319.0,本地最近行情CSV
2026-07-06,2026-07-06T11:24:33+08:00,300205,*ST天喻,5.04,-0.2,-0.01,12315.0,6223124.0,本地最近行情CSV
2026-07-06,2026-07-06T11:24:33+08:00,605388,均瑶健康,5.03,-0.59,-0.03,34727.0,17616311.0,本地最近行情CSV
2026-07-06,2026-07-06T11:24:33+08:00,300006,莱美药业,5.03,-2.33,-0.12,225053.0,114819101.1,本地最近行情CSV
2026-07-06,2026-07-06T11:24:33+08:00,002724,海洋王,5.03,-1.37,-0.07,41027.0,20837967.0,本地最近行情CSV
2026-07-06,2026-07-06T11:24:33+08:00,002188,中天服务,5.03,-2.14,-0.11,61541.0,31505181.0,本地最近行情CSV
2026-07-06,2026-07-06T11:24:33+08:00,601686,友发集团,5.01,-0.6,-0.03,33259.0,16711381.0,本地最近行情CSV
2026-07-06,2026-07-06T11:24:33+08:00,300335,迪森股份,5.01,-1.38,-0.07,65522.0,33194672.86,本地最近行情CSV
2026-07-06,2026-07-06T11:24:33+08:00,002027,分众传媒,5.01,2.24,0.11,1435865.0,713147414.72,本地最近行情CSV
2026-07-06,2026-07-06T11:24:33+08:00,000633,合金投资,5.01,0.4,0.02,66943.0,33930868.0,本地最近行情CSV
2026-07-06,2026-07-06T11:24:33+08:00,600478,科力远,5.0,-1.38,-0.07,161482.0,82107722.0,本地最近行情CSV
2026-07-06,2026-07-06T11:24:33+08:00,600354,敦煌种业,5.0,0.0,0.0,56127.0,28187787.0,本地最近行情CSV
2026-07-06,2026-07-06T11:24:33+08:00,002427,尤夫股份,5.0,1.01,0.05,244475.0,123660282.16,本地最近行情CSV
2026-07-06,2026-07-06T11:24:33+08:00,002408,齐翔腾达,5.0,1.01,0.05,192866.0,97175607.52,本地最近行情CSV
2026-07-06,2026-07-06T11:24:33+08:00,002274,华昌化工,5.0,1.83,0.09,92915.0,46833848.0,本地最近行情CSV
2026-07-06,2026-07-06T11:24:33+08:00,000852,石化机械,5.0,-1.96,-0.1,64866.0,32928388.62,本地最近行情CSV
2026-07-06,2026-07-06T11:24:33+08:00,002333,罗普斯金,4.99,0.81,0.04,28936.0,14428715.0,本地最近行情CSV
2026-07-06,2026-07-06T11:24:33+08:00,000928,中钢国际,4.99,-0.99,-0.05,77797.0,39012002.6,本地最近行情CSV
2026-07-06,2026-07-06T11:24:33+08:00,600712,南宁百货,4.98,-2.35,-0.12,56034.0,28108798.0,本地最近行情CSV
2026-07-06,2026-07-06T11:24:33+08:00,000570,苏常柴Ａ,4.98,-0.4,-0.02,69098.0,34597119.04,本地最近行情CSV
2026-07-06,2026-07-06T11:24:33+08:00,600284,浦东建设,4.97,-1.0,-0.05,59788.0,29899879.0,本地最近行情CSV
2026-07-06,2026-07-06T11:24:33+08:00,002909,集泰股份,4.97,-1.19,-0.06,42881.0,21632076.88,本地最近行情CSV
2026-07-06,2026-07-06T11:24:33+08:00,601118,海南橡胶,4.96,1.02,0.05,391035.0,197640261.0,本地最近行情CSV
2026-07-06,2026-07-06T11:24:33+08:00,600558,大西洋,4.96,-1.98,-0.1,96801.0,48610771.0,本地最近行情CSV
2026-07-06,2026-07-06T11:24:33+08:00,601658,邮储银行,4.95,0.2,0.01,745878.0,368191474.0,本地最近行情CSV
2026-07-06,2026-07-06T11:24:33+08:00,600018,上港集团,4.95,1.85,0.09,407449.0,200069888.0,本地最近行情CSV
2026-07-06,2026-07-06T11:24:33+08:00,000546,金圆股份,4.95,0.81,0.04,185122.0,93522705.0,本地最近行情CSV
2026-07-06,2026-07-06T11:24:33+08:00,601956,东贝集团,4.94,-0.8,-0.04,57378.0,28619692.0,本地最近行情CSV
2026-07-06,2026-07-06T11:24:33+08:00,600704,物产中大,4.94,1.02,0.05,249983.0,122704995.0,本地最近行情CSV
2026-07-06,2026-07-06T11:24:33+08:00,002513,蓝丰生化,4.94,-0.4,-0.02,54511.0,27317751.0,本地最近行情CSV
2026-07-06,2026-07-06T11:24:33+08:00,600080,ST金花,4.93,-1.4,-0.07,28202.0,14036895.0,本地最近行情CSV
2026-07-06,2026-07-06T11:24:33+08:00,300299,富春股份,4.92,-1.4,-0.07,86858.0,43341083.73,本地最近行情CSV
2026-07-06,2026-07-06T11:24:33+08:00,002707,众信旅游,4.92,-0.61,-0.03,74662.0,37017676.74,本地最近行情CSV
2026-07-06,2026-07-06T11:24:33+08:00,600975,新五丰,4.91,2.08,0.1,184753.0,90749449.0,本地最近行情CSV
2026-07-06,2026-07-06T11:24:33+08:00,688009,中国通号,4.9,-0.41,-0.02,126498.0,62020391.0,本地最近行情CSV
2026-07-06,2026-07-06T11:24:33+08:00,601949,中国出版,4.9,0.82,0.04,52172.0,25562504.0,本地最近行情CSV
2026-07-06,2026-07-06T11:24:33+08:00,002022,科华生物,4.9,0.41,0.02,37938.0,18617473.6,本地最近行情CSV
2026-07-06,2026-07-06T11:24:33+08:00,300569,天能重工,4.89,-2.2,-0.11,113336.0,56065940.85,本地最近行情CSV
2026-07-06,2026-07-06T11:24:33+08:00,600929,雪天盐业,4.88,2.09,0.1,135666.0,66722010.0,本地最近行情CSV
2026-07-06,2026-07-06T11:24:33+08:00,600238,*ST椰岛,4.88,1.46,0.07,43209.0,20984681.0,本地最近行情CSV
2026-07-06,2026-07-06T11:24:33+08:00,300291,百纳千成,4.88,-2.2,-0.11,126241.0,62623682.0,本地最近行情CSV
2026-07-06,2026-07-06T11:24:33+08:00,300271,华宇软件,4.88,-1.41,-0.07,68664.0,33997709.0,本地最近行情CSV
2026-07-06,2026-07-06T11:24:33+08:00,300169,天晟新材,4.88,-2.2,-0.11,56998.0,28201638.0,本地最近行情CSV
2026-07-06,2026-07-06T11:24:33+08:00,002187,广百股份,4.87,-0.41,-0.02,61292.0,30034773.0,本地最近行情CSV
2026-07-06,2026-07-06T11:24:33+08:00,002044,美年健康,4.87,-1.02,-0.05,581467.0,283633345.45,本地最近行情CSV
2026-07-06,2026-07-06T11:24:33+08:00,000410,沈阳机床,4.87,-3.37,-0.17,139372.0,68695290.0,本地最近行情CSV
2026-07-06,2026-07-06T11:24:33+08:00,600930,华电新能,4.86,-0.82,-0.04,332563.0,162650726.0,本地最近行情CSV
2026-07-06,2026-07-06T11:24:33+08:00,002540,亚太科技,4.86,0.62,0.03,93276.0,45970539.78,本地最近行情CSV
2026-07-06,2026-07-06T11:24:33+08:00,000715,中兴商业,4.86,1.67,0.08,50296.0,24454296.51,本地最近行情CSV
2026-07-06,2026-07-06T11:24:33+08:00,000498,山东路桥,4.86,2.1,0.1,57348.0,27807086.11,本地最近行情CSV
2026-07-06,2026-07-06T11:24:33+08:00,000862,银星能源,4.84,-1.43,-0.07,109176.0,53575727.4,本地最近行情CSV
2026-07-06,2026-07-06T11:24:33+08:00,600825,新华传媒,4.83,-0.82,-0.04,49141.0,23934008.0,本地最近行情CSV
2026-07-06,2026-07-06T11:24:33+08:00,600613,神奇制药,4.83,0.42,0.02,52017.0,25162899.0,本地最近行情CSV
2026-07-06,2026-07-06T11:24:33+08:00,601608,中信重工,4.82,-2.63,-0.13,287817.0,140180941.0,本地最近行情CSV
2026-07-06,2026-07-06T11:24:33+08:00,600517,国网英大,4.82,0.84,0.04,131744.0,63328037.0,本地最近行情CSV
2026-07-06,2026-07-06T11:24:33+08:00,600207,安彩高科,4.82,-4.17,-0.21,186012.0,91775791.0,本地最近行情CSV
2026-07-06,2026-07-06T11:24:33+08:00,002291,遥望科技,4.82,-1.63,-0.08,112296.0,54632803.97,本地最近行情CSV
2026-07-06,2026-07-06T11:24:33+08:00,603828,*ST利达,4.8,3.45,0.16,85205.0,41629812.0,本地最近行情CSV
2026-07-06,2026-07-06T11:24:33+08:00,600917,重庆燃气,4.8,1.48,0.07,24384.0,11645948.0,本地最近行情CSV
2026-07-06,2026-07-06T11:24:33+08:00,688055,龙腾光电,4.79,-8.06,-0.42,266078.0,131178694.0,本地最近行情CSV
2026-07-06,2026-07-06T11:24:33+08:00,600796,钱江生化,4.79,-0.21,-0.01,38317.0,18550531.0,本地最近行情CSV
2026-07-06,2026-07-06T11:24:33+08:00,600582,天地科技,4.79,1.48,0.07,184648.0,88013271.0,本地最近行情CSV
2026-07-06,2026-07-06T11:24:33+08:00,601669,中国电建,4.78,0.0,0.0,626206.0,300570996.0,本地最近行情CSV
2026-07-06,2026-07-06T11:24:33+08:00,601216,君正集团,4.78,1.49,0.07,394795.0,188933965.0,本地最近行情CSV
2026-07-06,2026-07-06T11:24:33+08:00,300048,合康新能,4.78,-1.44,-0.07,140566.0,68511895.4,本地最近行情CSV
2026-07-06,2026-07-06T11:24:33+08:00,002183,怡 亚 通,4.78,-3.63,-0.18,509747.0,247645143.04,本地最近行情CSV
2026-07-06,2026-07-06T11:24:33+08:00,000520,凤凰航运,4.78,5.05,0.23,550361.0,262270712.31,本地最近行情CSV
2026-07-06,2026-07-06T11:24:33+08:00,000419,通程控股,4.78,0.21,0.01,35790.0,17128053.39,本地最近行情CSV
2026-07-06,2026-07-06T11:24:33+08:00,000012,南  玻Ａ,4.78,-6.27,-0.32,737411.0,356111427.59,本地最近行情CSV
2026-07-06,2026-07-06T11:24:33+08:00,600481,双良节能,4.77,2.14,0.1,759307.0,367278832.0,本地最近行情CSV
2026-07-06,2026-07-06T11:24:33+08:00,600119,*ST长投,4.77,-2.25,-0.11,15243.0,7382688.0,本地最近行情CSV
2026-07-06,2026-07-06T11:24:33+08:00,300366,ST创意,4.77,0.0,0.0,50452.0,24442289.0,本地最近行情CSV
2026-07-06,2026-07-06T11:24:33+08:00,002476,新叶股份,4.77,-1.85,-0.09,59502.0,28939141.0,本地最近行情CSV
2026-07-06,2026-07-06T11:24:33+08:00,000507,珠海港,4.77,-0.21,-0.01,38259.0,18290014.0,本地最近行情CSV
2026-07-06,2026-07-06T11:24:33+08:00,000035,中国天楹,4.77,1.06,0.05,295075.0,143184855.14,本地最近行情CSV
2026-07-06,2026-07-06T11:24:33+08:00,603959,ST百利,4.76,2.15,0.1,81343.0,38520576.0,本地最近行情CSV
2026-07-06,2026-07-06T11:24:33+08:00,600733,北汽蓝谷,4.75,-2.46,-0.12,515504.0,248936108.0,本地最近行情CSV
2026-07-06,2026-07-06T11:24:33+08:00,600229,城市传媒,4.75,-1.04,-0.05,32245.0,15477455.0,本地最近行情CSV
2026-07-06,2026-07-06T11:24:33+08:00,603567,珍宝岛,4.74,-1.04,-0.05,205951.0,99029023.0,本地最近行情CSV
2026-07-06,2026-07-06T11:24:33+08:00,603557,*ST起步,4.74,7.48,0.33,114411.0,53231463.0,本地最近行情CSV
2026-07-06,2026-07-06T11:24:33+08:00,600395,盘江股份,4.74,0.85,0.04,137526.0,65249578.0,本地最近行情CSV
2026-07-06,2026-07-06T11:24:33+08:00,600390,五矿资本,4.74,-0.84,-0.04,190985.0,91230762.0,本地最近行情CSV
2026-07-06,2026-07-06T11:24:33+08:00,600282,南钢股份,4.74,0.85,0.04,158690.0,75373905.0,本地最近行情CSV
2026-07-06,2026-07-06T11:24:33+08:00,002793,罗欣药业,4.74,9.98,0.43,447789.0,205948578.0,本地最近行情CSV
2026-07-06,2026-07-06T11:24:33+08:00,601006,大秦铁路,4.73,0.85,0.04,638140.0,301050328.0,本地最近行情CSV
2026-07-06,2026-07-06T11:24:33+08:00,600982,宁波能源,4.73,-3.07,-0.15,143321.0,68918325.0,本地最近行情CSV
2026-07-06,2026-07-06T11:24:33+08:00,600866,星湖科技,4.73,1.28,0.06,114851.0,54211713.0,本地最近行情CSV
2026-07-06,2026-07-06T11:24:33+08:00,600048,保利发展,4.72,0.85,0.04,792832.0,373616129.0,本地最近行情CSV
2026-07-06,2026-07-06T11:24:33+08:00,002494,华斯股份,4.72,-0.21,-0.01,64764.0,30883366.0,本地最近行情CSV
2026-07-06,2026-07-06T11:24:33+08:00,600249,两面针,4.71,0.86,0.04,45259.0,21413551.0,本地最近行情CSV
2026-07-06,2026-07-06T11:24:33+08:00,002010,传化智联,4.71,0.21,0.01,134067.0,63415910.5,本地最近行情CSV
2026-07-06,2026-07-06T11:24:33+08:00,600795,国电电力,4.7,-0.42,-0.02,539376.0,253452286.0,本地最近行情CSV
2026-07-06,2026-07-06T11:24:33+08:00,600603,广汇物流,4.7,2.4,0.11,140802.0,66976560.0,本地最近行情CSV
2026-07-06,2026-07-06T11:24:33+08:00,002035,华帝股份,4.7,0.43,0.02,32283.0,15150805.0,本地最近行情CSV
2026-07-06,2026-07-06T11:24:33+08:00,000529,广弘控股,4.69,1.3,0.06,44530.0,20810159.0,本地最近行情CSV
2026-07-06,2026-07-06T11:24:33+08:00,300182,捷成股份,4.68,-2.7,-0.13,425107.0,202167278.73,本地最近行情CSV
2026-07-06,2026-07-06T11:24:33+08:00,002556,辉隆股份,4.68,0.65,0.03,46757.0,21998205.76,本地最近行情CSV
2026-07-06,2026-07-06T11:24:33+08:00,600202,哈空调,4.66,-1.89,-0.09,45980.0,21713240.0,本地最近行情CSV
2026-07-06,2026-07-06T11:24:33+08:00,300167,ST迪威迅,4.65,1.75,0.08,48780.0,22905236.0,本地最近行情CSV
2026-07-06,2026-07-06T11:24:33+08:00,600936,北投科技,4.64,1.98,0.09,291745.0,134456683.0,本地最近行情CSV
2026-07-06,2026-07-06T11:24:33+08:00,600812,华北制药,4.64,1.09,0.05,154934.0,71769701.0,本地最近行情CSV
2026-07-06,2026-07-06T11:24:33+08:00,003012,东鹏控股,4.64,1.09,0.05,33783.0,15646480.7,本地最近行情CSV
2026-07-06,2026-07-06T11:24:33+08:00,002614,奥佳华,4.63,-0.22,-0.01,42385.0,19748677.0,本地最近行情CSV
2026-07-06,2026-07-06T11:24:33+08:00,002252,上海莱士,4.63,0.43,0.02,544452.0,252841011.2,本地最近行情CSV
2026-07-06,2026-07-06T11:24:33+08:00,002145,钛能化学,4.63,-1.28,-0.06,578310.0,273231069.85,本地最近行情CSV
2026-07-06,2026-07-06T11:24:33+08:00,000690,宝新能源,4.63,-1.28,-0.06,310196.0,143998395.5,本地最近行情CSV
2026-07-06,2026-07-06T11:24:33+08:00,600858,银座股份,4.62,0.0,0.0,44687.0,20712223.0,本地最近行情CSV
2026-07-06,2026-07-06T11:24:33+08:00,600149,廊坊发展,4.62,-2.94,-0.14,49328.0,23195300.0,本地最近行情CSV
2026-07-06,2026-07-06T11:24:33+08:00,300292,吴通控股,4.62,-2.74,-0.13,414320.0,194433211.0,本地最近行情CSV
2026-07-06,2026-07-06T11:24:33+08:00,002424,ST百灵,4.62,0.87,0.04,90729.0,42341459.0,本地最近行情CSV
2026-07-06,2026-07-06T11:24:33+08:00,002343,慈文传媒,4.62,-0.65,-0.03,75209.0,35127000.31,本地最近行情CSV
2026-07-06,2026-07-06T11:24:33+08:00,002226,江南化工,4.62,0.43,0.02,110080.0,51328089.78,本地最近行情CSV
2026-07-06,2026-07-06T11:24:33+08:00,000166,申万宏源,4.62,1.32,0.06,1007565.0,464983215.91,本地最近行情CSV
2026-07-06,2026-07-06T11:24:33+08:00,601816,京沪高铁,4.61,-0.43,-0.02,1006394.0,463292744.0,本地最近行情CSV
2026-07-06,2026-07-06T11:24:33+08:00,300261,雅本化学,4.61,0.22,0.01,62452.0,28955951.0,本地最近行情CSV
2026-07-06,2026-07-06T11:24:33+08:00,300168,万达信息,4.61,-0.86,-0.04,101571.0,47458835.0,本地最近行情CSV
2026-07-06,2026-07-06T11:24:33+08:00,002701,奥瑞金,4.61,3.6,0.16,322827.0,147792223.6,本地最近行情CSV
2026-07-06,2026-07-06T11:24:33+08:00,002616,长青集团,4.61,-0.86,-0.04,45702.0,21118090.52,本地最近行情CSV
2026-07-06,2026-07-06T11:24:33+08:00,000755,山西高速,4.61,1.54,0.07,38135.0,17374622.61,本地最近行情CSV
2026-07-06,2026-07-06T11:24:33+08:00,601528,瑞丰银行,4.6,1.55,0.07,99407.0,45522989.0,本地最近行情CSV
2026-07-06,2026-07-06T11:24:33+08:00,603300,海南华铁,4.59,-1.5,-0.07,192722.0,89361725.0,本地最近行情CSV
2026-07-06,2026-07-06T11:24:33+08:00,600106,重庆路桥,4.59,-0.43,-0.02,60919.0,28167082.0,本地最近行情CSV
2026-07-06,2026-07-06T11:24:33+08:00,002702,海欣食品,4.59,-0.43,-0.02,81754.0,37811521.0,本地最近行情CSV
2026-07-06,2026-07-06T11:24:33+08:00,002629,仁智股份,4.59,-1.71,-0.08,96536.0,44772323.0,本地最近行情CSV
2026-07-06,2026-07-06T11:24:33+08:00,600287,苏豪时尚,4.58,-1.08,-0.05,19295.0,8919664.0,本地最近行情CSV
2026-07-06,2026-07-06T11:24:33+08:00,300430,*ST益通,4.58,-0.22,-0.01,83452.0,39205880.0,本地最近行情CSV
2026-07-06,2026-07-06T11:24:33+08:00,000597,东北制药,4.58,1.55,0.07,92265.0,42143963.0,本地最近行情CSV
2026-07-06,2026-07-06T11:24:33+08:00,603879,永悦科技,4.57,-1.72,-0.08,71426.0,33080683.0,本地最近行情CSV
2026-07-06,2026-07-06T11:24:33+08:00,600179,安通控股,4.57,-0.44,-0.02,294212.0,135948001.0,本地最近行情CSV
2026-07-06,2026-07-06T11:24:33+08:00,600638,新黄浦,4.56,-1.08,-0.05,45953.0,21204964.0,本地最近行情CSV
2026-07-06,2026-07-06T11:24:33+08:00,002337,赛象科技,4.56,-2.36,-0.11,50555.0,23339032.0,本地最近行情CSV
2026-07-06,2026-07-06T11:24:33+08:00,600257,大湖股份,4.55,-0.44,-0.02,61905.0,28405991.0,本地最近行情CSV
2026-07-06,2026-07-06T11:24:33+08:00,300318,博晖创新,4.55,0.22,0.01,43701.0,20012349.0,本地最近行情CSV
2026-07-06,2026-07-06T11:24:33+08:00,300039,上海凯宝,4.55,0.66,0.03,115720.0,52721767.67,本地最近行情CSV
2026-07-06,2026-07-06T11:24:33+08:00,600084,*ST尼雅,4.54,7.08,0.3,115784.0,51811936.0,本地最近行情CSV
2026-07-06,2026-07-06T11:24:33+08:00,002528,*ST英飞,4.54,1.34,0.06,83692.0,38223698.0,本地最近行情CSV
2026-07-06,2026-07-06T11:24:33+08:00,000701,厦门信达,4.54,-1.3,-0.06,63285.0,29099245.0,本地最近行情CSV
2026-07-06,2026-07-06T11:24:33+08:00,002562,兄弟科技,4.53,0.44,0.02,162877.0,74132221.0,本地最近行情CSV
2026-07-06,2026-07-06T11:24:33+08:00,300290,ST荣科,4.52,-2.16,-0.1,341120.0,157439997.44,本地最近行情CSV
2026-07-06,2026-07-06T11:24:33+08:00,002453,华软科技,4.52,-2.16,-0.1,66356.0,30500922.0,本地最近行情CSV
2026-07-06,2026-07-06T11:24:33+08:00,000753,漳州发展,4.52,-1.09,-0.05,101980.0,46810377.6,本地最近行情CSV
2026-07-06,2026-07-06T11:24:33+08:00,000619,海螺新材,4.52,-1.74,-0.08,44712.0,20481752.0,本地最近行情CSV
2026-07-06,2026-07-06T11:24:33+08:00,688119,中钢洛耐,4.51,-4.04,-0.19,90351.0,41609940.0,本地最近行情CSV
2026-07-06,2026-07-06T11:24:33+08:00,601002,晋亿实业,4.51,-1.31,-0.06,90172.0,41105949.0,本地最近行情CSV
2026-07-06,2026-07-06T11:24:33+08:00,600185,珠免集团,4.51,-1.53,-0.07,147333.0,67251609.0,本地最近行情CSV
2026-07-06,2026-07-06T11:24:33+08:00,600027,华电国际,4.51,-0.66,-0.03,391957.0,177036317.0,本地最近行情CSV
2026-07-06,2026-07-06T11:24:33+08:00,300365,恒华科技,4.51,-3.01,-0.14,64091.0,29356563.0,本地最近行情CSV
2026-07-06,2026-07-06T11:24:33+08:00,300076,*ST宁视,4.51,-3.01,-0.14,25627.0,11694552.0,本地最近行情CSV
2026-07-06,2026-07-06T11:24:33+08:00,601668,中国建筑,4.5,0.45,0.02,1086256.0,486496263.0,本地最近行情CSV
2026-07-06,2026-07-06T11:24:33+08:00,600863,华能蒙电,4.5,-2.17,-0.1,819847.0,373705274.0,本地最近行情CSV
2026-07-06,2026-07-06T11:24:33+08:00,000883,湖北能源,4.5,-0.44,-0.02,144198.0,65037048.0,本地最近行情CSV
2026-07-06,2026-07-06T11:24:33+08:00,300664,鹏鹞环保,4.49,0.45,0.02,32461.0,14598984.5,本地最近行情CSV
2026-07-06,2026-07-06T11:24:33+08:00,688223,晶科能源,4.48,-2.61,-0.12,838780.0,382470451.0,本地最近行情CSV
2026-07-06,2026-07-06T11:24:33+08:00,002094,青岛金王,4.48,-0.67,-0.03,76273.0,34518759.1,本地最近行情CSV
2026-07-06,2026-07-06T11:24:33+08:00,000930,中粮科技,4.48,0.45,0.02,90354.0,40551110.0,本地最近行情CSV
2026-07-06,2026-07-06T11:24:33+08:00,002681,奋达科技,4.47,-5.3,-0.25,382860.0,173912731.83,本地最近行情CSV
2026-07-06,2026-07-06T11:24:33+08:00,000591,太阳能,4.47,-1.54,-0.07,298861.0,134792410.0,本地最近行情CSV
2026-07-06,2026-07-06T11:24:33+08:00,000415,渤海租赁,4.47,1.36,0.06,644487.0,291193725.77,本地最近行情CSV
2026-07-06,2026-07-06T11:24:33+08:00,300043,星辉娱乐,4.46,2.06,0.09,343923.0,154222936.4,本地最近行情CSV
2026-07-06,2026-07-06T11:24:33+08:00,002479,富春环保,4.46,0.45,0.02,64109.0,28652434.59,本地最近行情CSV
2026-07-06,2026-07-06T11:24:33+08:00,600502,安徽建工,4.45,-0.89,-0.04,136403.0,61076248.0,本地最近行情CSV
2026-07-06,2026-07-06T11:24:33+08:00,002863,今飞凯达,4.45,-1.33,-0.06,70878.0,31872704.0,本地最近行情CSV
2026-07-06,2026-07-06T11:24:33+08:00,002634,*ST棒杰,4.45,-4.3,-0.2,55900.0,25271289.0,本地最近行情CSV
2026-07-06,2026-07-06T11:24:33+08:00,600075,新疆天业,4.44,4.47,0.19,259407.0,115781878.0,本地最近行情CSV
2026-07-06,2026-07-06T11:24:33+08:00,002467,二六三,4.44,-2.84,-0.13,191562.0,86386734.22,本地最近行情CSV
2026-07-06,2026-07-06T11:24:33+08:00,000707,双环科技,4.44,0.45,0.02,51272.0,22979687.0,本地最近行情CSV
2026-07-06,2026-07-06T11:24:33+08:00,601700,风范股份,4.43,-2.21,-0.1,106697.0,48448899.0,本地最近行情CSV
2026-07-06,2026-07-06T11:24:33+08:00,300189,神农种业,4.43,-0.45,-0.02,363135.0,163097269.33,本地最近行情CSV
2026-07-06,2026-07-06T11:24:33+08:00,002193,ST如意,4.43,-3.49,-0.16,35650.0,16058618.0,本地最近行情CSV
2026-07-06,2026-07-06T11:24:33+08:00,000909,*ST数源,4.43,1.61,0.07,68340.0,30276884.0,本地最近行情CSV
2026-07-06,2026-07-06T11:24:33+08:00,300412,迦南科技,4.42,-3.07,-0.14,119842.0,53616103.3,本地最近行情CSV
2026-07-06,2026-07-06T11:24:33+08:00,300160,秀强股份,4.42,1.14,0.05,101262.0,45240849.88,本地最近行情CSV
2026-07-06,2026-07-06T11:24:33+08:00,300098,高新兴,4.42,-2.86,-0.13,233417.0,104413718.06,本地最近行情CSV
2026-07-06,2026-07-06T11:24:33+08:00,000589,贵州轮胎,4.42,3.27,0.14,199596.0,87554877.86,本地最近行情CSV
2026-07-06,2026-07-06T11:24:33+08:00,603176,汇通集团,4.41,-0.68,-0.03,17370.0,7727396.0,本地最近行情CSV
2026-07-06,2026-07-06T11:24:33+08:00,600635,大众公用,4.41,-2.86,-0.13,266099.0,118578377.0,本地最近行情CSV
2026-07-06,2026-07-06T11:24:33+08:00,600120,浙江东方,4.41,0.0,0.0,194191.0,85654266.0,本地最近行情CSV
2026-07-06,2026-07-06T11:24:33+08:00,002697,红旗连锁,4.41,0.68,0.03,83106.0,36547133.66,本地最近行情CSV
2026-07-06,2026-07-06T11:24:33+08:00,002302,西部建设,4.41,-0.9,-0.04,30345.0,13518352.0,本地最近行情CSV
2026-07-06,2026-07-06T11:24:33+08:00,600787,中储股份,4.4,0.92,0.04,130045.0,57109652.0,本地最近行情CSV
2026-07-06,2026-07-06T11:24:33+08:00,300422,博世科,4.4,-1.35,-0.06,97671.0,43811570.0,本地最近行情CSV
2026-07-06,2026-07-06T11:24:33+08:00,000937,冀中能源,4.4,3.04,0.13,167497.0,73070510.58,本地最近行情CSV
2026-07-06,2026-07-06T11:24:33+08:00,601068,中铝国际,4.39,-0.23,-0.01,83395.0,36915035.0,本地最近行情CSV
2026-07-06,2026-07-06T11:24:33+08:00,300217,东方电热,4.39,-2.44,-0.11,238159.0,106652608.0,本地最近行情CSV
2026-07-06,2026-07-06T11:24:33+08:00,002419,天虹股份,4.38,0.23,0.01,47375.0,20842501.81,本地最近行情CSV
2026-07-06,2026-07-06T11:24:33+08:00,000955,欣龙控股,4.38,-1.35,-0.06,222857.0,99682115.4,本地最近行情CSV
2026-07-06,2026-07-06T11:24:33+08:00,002564,天沃科技,4.37,-2.89,-0.13,91979.0,41108741.9,本地最近行情CSV
2026-07-06,2026-07-06T11:24:33+08:00,002225,濮耐股份,4.37,-4.38,-0.2,333766.0,148928753.36,本地最近行情CSV
2026-07-06,2026-07-06T11:24:33+08:00,002178,延华智能,4.37,-2.46,-0.11,73904.0,32799130.0,本地最近行情CSV
2026-07-06,2026-07-06T11:24:33+08:00,002059,云南旅游,4.37,0.23,0.01,37489.0,16442737.74,本地最近行情CSV
2026-07-06,2026-07-06T11:24:33+08:00,000599,青岛双星,4.36,-1.13,-0.05,74858.0,32903296.0,本地最近行情CSV
2026-07-06,2026-07-06T11:24:33+08:00,600556,天下秀,4.35,-1.14,-0.05,283828.0,125217496.0,本地最近行情CSV
2026-07-06,2026-07-06T11:24:33+08:00,300242,佳云科技,4.35,-1.81,-0.08,103654.0,45841030.0,本地最近行情CSV
2026-07-06,2026-07-06T11:24:33+08:00,002131,利欧股份,4.35,-3.76,-0.17,1854083.0,826217964.56,本地最近行情CSV
2026-07-06,2026-07-06T11:24:33+08:00,002678,珠江钢琴,4.34,0.46,0.02,55786.0,24351213.0,本地最近行情CSV
2026-07-06,2026-07-06T11:24:33+08:00,601368,绿城水务,4.33,0.23,0.01,21553.0,9348084.0,本地最近行情CSV
2026-07-06,2026-07-06T11:24:33+08:00,000863,三湘印象,4.33,0.7,0.03,129993.0,56289477.28,本地最近行情CSV
2026-07-06,2026-07-06T11:24:33+08:00,601619,嘉泽新能,4.32,-2.04,-0.09,218368.0,96018147.0,本地最近行情CSV
2026-07-06,2026-07-06T11:24:33+08:00,601096,宏盛华源,4.32,-1.59,-0.07,140718.0,61456818.0,本地最近行情CSV
2026-07-06,2026-07-06T11:24:33+08:00,002691,*ST冀凯,4.32,-3.14,-0.14,23591.0,10329156.0,本地最近行情CSV
2026-07-06,2026-07-06T11:24:33+08:00,002682,龙洲股份,4.32,-2.26,-0.1,95442.0,42041107.0,本地最近行情CSV
2026-07-06,2026-07-06T11:24:33+08:00,000716,黑芝麻,4.32,0.47,0.02,97652.0,42439948.0,本地最近行情CSV
2026-07-06,2026-07-06T11:24:33+08:00,600655,豫园股份,4.31,0.7,0.03,70864.0,30531088.0,本地最近行情CSV
2026-07-06,2026-07-06T11:24:33+08:00,002574,明牌珠宝,4.3,-0.69,-0.03,62413.0,27104790.0,本地最近行情CSV
2026-07-06,2026-07-06T11:24:33+08:00,002355,兴民智通,4.3,-2.05,-0.09,98142.0,42951495.69,本地最近行情CSV
2026-07-06,2026-07-06T11:24:33+08:00,603113,金能科技,4.29,-0.69,-0.03,56324.0,24494735.0,本地最近行情CSV
2026-07-06,2026-07-06T11:24:33+08:00,600802,福建水泥,4.29,-1.38,-0.06,44267.0,19267787.0,本地最近行情CSV
2026-07-06,2026-07-06T11:24:33+08:00,601218,吉鑫科技,4.28,-3.17,-0.14,172406.0,74915736.0,本地最近行情CSV
2026-07-06,2026-07-06T11:24:33+08:00,601008,连云港,4.28,0.47,0.02,35352.0,15134977.0,本地最近行情CSV
2026-07-06,2026-07-06T11:24:33+08:00,600925,苏能股份,4.28,0.47,0.02,54509.0,23218295.0,本地最近行情CSV
2026-07-06,2026-07-06T11:24:33+08:00,001391,国货航,4.28,1.18,0.05,176936.0,75738277.16,本地最近行情CSV
2026-07-06,2026-07-06T11:24:33+08:00,000931,中 关 村,4.28,0.47,0.02,60667.0,26000549.2,本地最近行情CSV
2026-07-06,2026-07-06T11:24:33+08:00,601390,中国中铁,4.27,-0.23,-0.01,531100.0,227416821.0,本地最近行情CSV
2026-07-06,2026-07-06T11:24:33+08:00,600854,春兰股份,4.27,-0.47,-0.02,74323.0,31963050.0,本地最近行情CSV
2026-07-06,2026-07-06T11:24:33+08:00,600526,菲达环保,4.27,-0.23,-0.01,39822.0,17099782.0,本地最近行情CSV
2026-07-06,2026-07-06T11:24:33+08:00,600269,赣粤高速,4.27,1.67,0.07,131685.0,55913954.0,本地最近行情CSV
2026-07-06,2026-07-06T11:24:33+08:00,300230,永利股份,4.27,-0.93,-0.04,57267.0,24496944.0,本地最近行情CSV
2026-07-06,2026-07-06T11:24:33+08:00,002303,美盈森,4.27,-0.7,-0.03,269168.0,115502363.28,本地最近行情CSV
2026-07-06,2026-07-06T11:24:33+08:00,002211,ST宏达,4.26,1.43,0.06,94581.0,40839801.0,本地最近行情CSV
2026-07-06,2026-07-06T11:24:33+08:00,000548,湖南投资,4.26,-0.93,-0.04,35330.0,15164300.0,本地最近行情CSV
2026-07-06,2026-07-06T11:24:33+08:00,000036,华联控股,4.26,-1.39,-0.06,122968.0,53077217.76,本地最近行情CSV
2026-07-06,2026-07-06T11:24:33+08:00,002712,思美传媒,4.25,-1.62,-0.07,68457.0,29591035.0,本地最近行情CSV
2026-07-06,2026-07-06T11:24:33+08:00,002067,景兴纸业,4.25,1.19,0.05,1020008.0,430928229.53,本地最近行情CSV
2026-07-06,2026-07-06T11:24:33+08:00,600586,金晶科技,4.24,-1.85,-0.08,100425.0,42751958.0,本地最近行情CSV
2026-07-06,2026-07-06T11:24:33+08:00,300172,中电环保,4.24,-1.85,-0.08,75018.0,32164160.6,本地最近行情CSV
2026-07-06,2026-07-06T11:24:33+08:00,002047,宝鹰股份,4.24,-6.61,-0.3,253735.0,109650006.42,本地最近行情CSV
2026-07-06,2026-07-06T11:24:33+08:00,600777,新潮能源,4.23,-1.63,-0.07,226332.0,96938438.0,本地最近行情CSV
2026-07-06,2026-07-06T11:24:33+08:00,000059,华锦股份,4.23,3.93,0.16,318414.0,134091795.0,本地最近行情CSV
2026-07-06,2026-07-06T11:24:33+08:00,600805,悦达投资,4.22,-0.24,-0.01,34193.0,14506327.0,本地最近行情CSV
2026-07-06,2026-07-06T11:24:33+08:00,600728,佳都科技,4.22,-1.4,-0.06,144714.0,61431070.0,本地最近行情CSV
2026-07-06,2026-07-06T11:24:33+08:00,600320,振华重工,4.22,0.0,0.0,218566.0,92488040.0,本地最近行情CSV
2026-07-06,2026-07-06T11:24:33+08:00,600130,波导股份,4.22,-2.99,-0.13,153067.0,65617074.0,本地最近行情CSV
2026-07-06,2026-07-06T11:24:33+08:00,000088,盐 田 港,4.22,1.69,0.07,130976.0,54809520.88,本地最近行情CSV
2026-07-06,2026-07-06T11:24:33+08:00,600168,武汉控股,4.21,0.48,0.02,26680.0,11243265.0,本地最近行情CSV
2026-07-06,2026-07-06T11:24:33+08:00,601000,唐山港,4.19,-0.48,-0.02,215228.0,89787780.0,本地最近行情CSV
2026-07-06,2026-07-06T11:24:33+08:00,600219,南山铝业,4.19,0.48,0.02,1210384.0,512794187.0,本地最近行情CSV
2026-07-06,2026-07-06T11:24:33+08:00,300025,华星创业,4.19,-3.68,-0.16,90737.0,38752554.3,本地最近行情CSV
2026-07-06,2026-07-06T11:24:33+08:00,002004,华邦健康,4.19,0.72,0.03,158557.0,66252996.2,本地最近行情CSV
2026-07-06,2026-07-06T11:24:33+08:00,000886,海南高速,4.19,-0.24,-0.01,95620.0,40454499.85,本地最近行情CSV
2026-07-06,2026-07-06T11:24:33+08:00,300068,ST南都,4.18,-0.24,-0.01,262074.0,111296733.61,本地最近行情CSV
2026-07-06,2026-07-06T11:24:33+08:00,002081,金 螳 螂,4.18,-4.57,-0.2,744816.0,319100653.36,本地最近行情CSV
2026-07-06,2026-07-06T11:24:33+08:00,600429,三元股份,4.17,1.21,0.05,84473.0,34959419.0,本地最近行情CSV
2026-07-06,2026-07-06T11:24:33+08:00,600960,渤海汽车,4.16,3.48,0.14,367544.0,157363561.0,本地最近行情CSV
2026-07-06,2026-07-06T11:24:33+08:00,600662,外服控股,4.16,0.48,0.02,75423.0,31428844.0,本地最近行情CSV
2026-07-06,2026-07-06T11:24:33+08:00,600369,西南证券,4.16,0.24,0.01,281844.0,117600279.0,本地最近行情CSV
2026-07-06,2026-07-06T11:24:33+08:00,002593,日上集团,4.16,-1.89,-0.08,81466.0,34311674.66,本地最近行情CSV
2026-07-06,2026-07-06T11:24:33+08:00,002316,亚联发展,4.16,-2.58,-0.11,72868.0,30929431.0,本地最近行情CSV
2026-07-06,2026-07-06T11:24:33+08:00,000911,*ST广糖,4.16,0.73,0.03,54685.0,23376880.29,本地最近行情CSV
2026-07-06,2026-07-06T11:24:33+08:00,688425,铁建重工,4.15,-0.24,-0.01,80005.0,33245523.0,本地最近行情CSV
2026-07-06,2026-07-06T11:24:33+08:00,600399,抚顺特钢,4.15,-2.12,-0.09,243865.0,102985983.0,本地最近行情CSV
2026-07-06,2026-07-06T11:24:33+08:00,300190,维尔利,4.15,3.23,0.13,126679.0,52093649.0,本地最近行情CSV
2026-07-06,2026-07-06T11:24:33+08:00,002839,张家港行,4.14,2.22,0.09,197387.0,80808419.4,本地最近行情CSV
2026-07-06,2026-07-06T11:24:33+08:00,601968,宝钢包装,4.13,1.72,0.07,59378.0,24345669.0,本地最近行情CSV
2026-07-06,2026-07-06T11:24:33+08:00,600507,方大特钢,4.13,0.24,0.01,152696.0,63536368.0,本地最近行情CSV
2026-07-06,2026-07-06T11:24:33+08:00,300079,数码视讯,4.13,-2.13,-0.09,143037.0,59772876.5,本地最近行情CSV
2026-07-06,2026-07-06T11:24:33+08:00,002016,世荣兆业,4.13,0.98,0.04,63322.0,26225274.0,本地最近行情CSV
2026-07-06,2026-07-06T11:24:33+08:00,600572,康恩贝,4.12,0.98,0.04,246991.0,101129695.0,本地最近行情CSV
2026-07-06,2026-07-06T11:24:33+08:00,002570,贝因美,4.12,0.98,0.04,140388.0,57574726.3,本地最近行情CSV
2026-07-06,2026-07-06T11:24:33+08:00,002092,中泰化学,4.12,1.73,0.07,348527.0,144406541.0,本地最近行情CSV
2026-07-06,2026-07-06T11:24:33+08:00,002652,扬子新材,4.11,-0.96,-0.04,416088.0,174757910.54,本地最近行情CSV
2026-07-06,2026-07-06T11:24:33+08:00,002108,沧州明珠,4.11,-2.84,-0.12,217242.0,90375447.4,本地最近行情CSV
2026-07-06,2026-07-06T11:24:33+08:00,600266,城建发展,4.1,0.99,0.04,231089.0,94752026.0,本地最近行情CSV
2026-07-06,2026-07-06T11:24:33+08:00,300310,宜通世纪,4.1,-3.98,-0.17,164778.0,68944014.52,本地最近行情CSV
2026-07-06,2026-07-06T11:24:33+08:00,000822,山东海化,4.1,-0.49,-0.02,96581.0,40125450.79,本地最近行情CSV
2026-07-06,2026-07-06T11:24:33+08:00,603188,亚邦股份,4.09,-0.49,-0.02,71077.0,29347545.0,本地最近行情CSV
2026-07-06,2026-07-06T11:24:33+08:00,601778,晶科科技,4.09,-1.45,-0.06,776819.0,322988407.0,本地最近行情CSV
2026-07-06,2026-07-06T11:24:33+08:00,600604,市北高新,4.09,-0.24,-0.01,38515.0,15811344.0,本地最近行情CSV
2026-07-06,2026-07-06T11:24:33+08:00,000030,富奥股份,4.09,0.0,0.0,56794.0,23286045.78,本地最近行情CSV
2026-07-06,2026-07-06T11:24:33+08:00,601158,重庆水务,4.08,1.75,0.07,45583.0,18490983.0,本地最近行情CSV
2026-07-06,2026-07-06T11:24:33+08:00,600717,天津港,4.08,0.49,0.02,127402.0,51840372.0,本地最近行情CSV
2026-07-06,2026-07-06T11:24:33+08:00,600624,ST复华,4.08,8.22,0.31,197238.0,80299146.0,本地最近行情CSV
2026-07-06,2026-07-06T11:24:33+08:00,603323,苏农银行,4.07,1.5,0.06,164269.0,66314191.0,本地最近行情CSV
2026-07-06,2026-07-06T11:24:33+08:00,601789,宁波建工,4.07,-1.45,-0.06,182272.0,74678333.0,本地最近行情CSV
2026-07-06,2026-07-06T11:24:33+08:00,601375,中原证券,4.07,0.0,0.0,244351.0,99608851.0,本地最近行情CSV
2026-07-06,2026-07-06T11:24:33+08:00,600050,中国联通,4.07,0.0,0.0,626967.0,254556832.0,本地最近行情CSV
2026-07-06,2026-07-06T11:24:33+08:00,301139,*ST元道,4.07,10.9,0.4,166844.0,67145516.08,本地最近行情CSV
2026-07-06,2026-07-06T11:24:33+08:00,300350,华鹏飞,4.07,-0.73,-0.03,80488.0,33192064.0,本地最近行情CSV
2026-07-06,2026-07-06T11:24:33+08:00,300180,华峰超纤,4.07,-1.21,-0.05,144272.0,59335865.7,本地最近行情CSV
2026-07-06,2026-07-06T11:24:33+08:00,002548,金新农,4.07,0.49,0.02,232808.0,95236438.06,本地最近行情CSV
2026-07-06,2026-07-06T11:24:33+08:00,000692,惠天热电,4.07,-0.73,-0.03,63860.0,26190282.0,本地最近行情CSV
2026-07-06,2026-07-06T11:24:33+08:00,300071,福石控股,4.06,2.53,0.1,950367.0,389577076.11,本地最近行情CSV
2026-07-06,2026-07-06T11:24:33+08:00,000525,红太阳,4.06,-0.49,-0.02,88587.0,36247702.6,本地最近行情CSV
2026-07-06,2026-07-06T11:24:33+08:00,688509,正元地信,4.05,-3.8,-0.16,53562.0,22069375.0,本地最近行情CSV
2026-07-06,2026-07-06T11:24:33+08:00,600620,天宸股份,4.05,-1.22,-0.05,35491.0,14531719.0,本地最近行情CSV
2026-07-06,2026-07-06T11:24:33+08:00,600376,首开股份,4.05,6.3,0.24,2423966.0,966335215.0,本地最近行情CSV
2026-07-06,2026-07-06T11:24:33+08:00,300375,鹏翎股份,4.05,-3.34,-0.14,84652.0,34754898.62,本地最近行情CSV
2026-07-06,2026-07-06T11:24:33+08:00,300155,安居宝,4.05,-1.22,-0.05,42227.0,17172234.15,本地最近行情CSV
2026-07-06,2026-07-06T11:24:33+08:00,600543,*ST莫高,4.04,-0.25,-0.01,26761.0,10949486.0,本地最近行情CSV
2026-07-06,2026-07-06T11:24:33+08:00,600281,华阳新材,4.04,-3.35,-0.14,85417.0,35536296.0,本地最近行情CSV
2026-07-06,2026-07-06T11:24:33+08:00,002743,富煌钢构,4.04,-1.7,-0.07,38564.0,15791516.0,本地最近行情CSV
2026-07-06,2026-07-06T11:24:33+08:00,000736,中交发展,4.04,2.02,0.08,95524.0,38657034.25,本地最近行情CSV
2026-07-06,2026-07-06T11:24:33+08:00,002666,德联集团,4.03,-0.98,-0.04,71749.0,29409540.48,本地最近行情CSV
2026-07-06,2026-07-06T11:24:33+08:00,002481,双塔食品,4.02,1.26,0.05,61197.0,24601404.0,本地最近行情CSV
2026-07-06,2026-07-06T11:24:33+08:00,000420,吉林化纤,4.02,-3.13,-0.13,526226.0,213784609.0,本地最近行情CSV
2026-07-06,2026-07-06T11:24:33+08:00,600375,汉马科技,4.01,2.56,0.1,285833.0,114073204.0,本地最近行情CSV
2026-07-06,2026-07-06T11:24:33+08:00,600310,广西能源,3.99,-1.97,-0.08,272243.0,109577805.0,本地最近行情CSV
2026-07-06,2026-07-06T11:24:33+08:00,300013,新宁物流,3.99,2.05,0.08,227111.0,92159908.0,本地最近行情CSV
2026-07-06,2026-07-06T11:24:33+08:00,600616,金枫酒业,3.98,1.02,0.04,54315.0,21715166.0,本地最近行情CSV
2026-07-06,2026-07-06T11:24:33+08:00,000516,国际医学,3.98,-0.5,-0.02,122620.0,49146120.0,本地最近行情CSV
2026-07-06,2026-07-06T11:24:33+08:00,603797,联泰环保,3.97,-0.5,-0.02,27663.0,11072314.0,本地最近行情CSV
2026-07-06,2026-07-06T11:24:33+08:00,002659,凯文教育,3.97,0.25,0.01,96649.0,38851796.0,本地最近行情CSV
2026-07-06,2026-07-06T11:24:33+08:00,002418,康盛股份,3.97,2.85,0.11,603942.0,241247095.0,本地最近行情CSV
2026-07-06,2026-07-06T11:24:33+08:00,600658,电子城,3.96,0.0,0.0,90903.0,36346886.0,本地最近行情CSV
2026-07-06,2026-07-06T11:24:33+08:00,300150,世纪瑞尔,3.96,-3.41,-0.14,55968.0,22499318.0,本地最近行情CSV
2026-07-06,2026-07-06T11:24:33+08:00,600979,广安爱众,3.95,-1.74,-0.07,132331.0,52660777.0,本地最近行情CSV
2026-07-06,2026-07-06T11:24:33+08:00,600279,重庆港,3.95,0.0,0.0,78976.0,31493974.0,本地最近行情CSV
2026-07-06,2026-07-06T11:24:33+08:00,000789,万年青,3.95,0.25,0.01,19390.0,7674885.0,本地最近行情CSV
2026-07-06,2026-07-06T11:24:33+08:00,300021,大禹节水,3.94,-0.25,-0.01,72005.0,28426079.0,本地最近行情CSV
2026-07-06,2026-07-06T11:24:33+08:00,002641,公元股份,3.94,-0.25,-0.01,48324.0,18970063.0,本地最近行情CSV
2026-07-06,2026-07-06T11:24:33+08:00,300315,掌趣科技,3.93,-0.76,-0.03,294587.0,116380609.3,本地最近行情CSV
2026-07-06,2026-07-06T11:24:33+08:00,000850,华茂股份,3.93,-2.72,-0.11,102703.0,41356694.0,本地最近行情CSV
2026-07-06,2026-07-06T11:24:33+08:00,601500,通用股份,3.92,1.03,0.04,67138.0,26281296.0,本地最近行情CSV
2026-07-06,2026-07-06T11:24:33+08:00,300278,华昌达,3.92,-5.77,-0.24,297113.0,119255721.7,本地最近行情CSV
2026-07-06,2026-07-06T11:24:33+08:00,002638,勤上股份,3.92,-2.24,-0.09,220546.0,88349713.0,本地最近行情CSV
2026-07-06,2026-07-06T11:24:33+08:00,000966,长源电力,3.92,-1.75,-0.07,323382.0,127266941.0,本地最近行情CSV
2026-07-06,2026-07-06T11:24:33+08:00,002807,江阴银行,3.91,1.56,0.06,263134.0,102111148.28,本地最近行情CSV
2026-07-06,2026-07-06T11:24:33+08:00,300425,中建环能,3.9,-0.51,-0.02,37592.0,14760508.0,本地最近行情CSV
2026-07-06,2026-07-06T11:24:33+08:00,003816,中国广核,3.9,0.26,0.01,480592.0,187482052.3,本地最近行情CSV
2026-07-06,2026-07-06T11:24:33+08:00,000796,凯撒旅业,3.89,-0.51,-0.02,166283.0,65057225.0,本地最近行情CSV
2026-07-06,2026-07-06T11:24:33+08:00,002397,梦洁股份,3.88,-4.9,-0.2,122797.0,48581640.0,本地最近行情CSV
2026-07-06,2026-07-06T11:24:33+08:00,002154,报 喜 鸟,3.87,-0.26,-0.01,135365.0,52428692.0,本地最近行情CSV
2026-07-06,2026-07-06T11:24:33+08:00,000407,胜利股份,3.87,-2.76,-0.11,89466.0,34972898.0,本地最近行情CSV
2026-07-06,2026-07-06T11:24:33+08:00,002042,华孚时尚,3.86,9.97,0.35,346810.0,133758346.24,本地最近行情CSV
2026-07-06,2026-07-06T11:24:33+08:00,603866,桃李面包,3.85,-0.52,-0.02,92759.0,35732996.0,本地最近行情CSV
2026-07-06,2026-07-06T11:24:33+08:00,600738,丽尚国潮,3.85,0.52,0.02,65188.0,25029504.0,本地最近行情CSV
2026-07-06,2026-07-06T11:24:33+08:00,600115,中国东航,3.85,1.32,0.05,1494983.0,575137257.0,本地最近行情CSV
2026-07-06,2026-07-06T11:24:33+08:00,600643,爱建集团,3.84,-0.52,-0.02,72637.0,28089992.0,本地最近行情CSV
2026-07-06,2026-07-06T11:24:33+08:00,002586,ST围海,3.84,-4.95,-0.2,40561.0,15939959.0,本地最近行情CSV
2026-07-06,2026-07-06T11:24:33+08:00,002259,升达林业,3.84,-3.03,-0.12,95583.0,37013576.0,本地最近行情CSV
2026-07-06,2026-07-06T11:24:33+08:00,000514,渝 开 发,3.84,0.26,0.01,80086.0,30912928.0,本地最近行情CSV
2026-07-06,2026-07-06T11:24:33+08:00,002398,垒知集团,3.82,-1.55,-0.06,69753.0,27003437.0,本地最近行情CSV
2026-07-06,2026-07-06T11:24:33+08:00,002168,ST惠程,3.82,0.0,0.0,50267.0,19133589.0,本地最近行情CSV
2026-07-06,2026-07-06T11:24:33+08:00,000669,ST金鸿,3.81,0.53,0.02,35212.0,13527148.0,本地最近行情CSV
2026-07-06,2026-07-06T11:24:33+08:00,603023,威帝股份,3.8,-0.52,-0.02,51579.0,19887653.0,本地最近行情CSV
2026-07-06,2026-07-06T11:24:33+08:00,600905,三峡能源,3.8,0.8,0.03,602701.0,227987379.0,本地最近行情CSV
2026-07-06,2026-07-06T11:24:33+08:00,600880,博瑞传播,3.8,-0.52,-0.02,100542.0,38622440.0,本地最近行情CSV
2026-07-06,2026-07-06T11:24:33+08:00,600748,上实发展,3.8,1.6,0.06,237585.0,93282467.0,本地最近行情CSV
2026-07-06,2026-07-06T11:24:33+08:00,300317,珈伟新能,3.8,-3.06,-0.12,247881.0,96375720.0,本地最近行情CSV
2026-07-06,2026-07-06T11:24:33+08:00,002671,龙泉股份,3.8,-1.3,-0.05,52367.0,20100330.0,本地最近行情CSV
2026-07-06,2026-07-06T11:24:33+08:00,000572,海马汽车,3.8,-2.31,-0.09,1103865.0,437842191.34,本地最近行情CSV
2026-07-06,2026-07-06T11:24:33+08:00,300081,ST恒信,3.79,-1.81,-0.07,41356.0,15780855.61,本地最近行情CSV
2026-07-06,2026-07-06T11:24:33+08:00,002191,劲嘉股份,3.79,-2.07,-0.08,107556.0,41105801.24,本地最近行情CSV
2026-07-06,2026-07-06T11:24:33+08:00,000750,国海证券,3.79,0.26,0.01,295658.0,112169633.62,本地最近行情CSV
2026-07-06,2026-07-06T11:24:33+08:00,300587,天铁科技,3.78,-2.33,-0.09,178671.0,68888037.14,本地最近行情CSV
2026-07-06,2026-07-06T11:24:33+08:00,300301,ST长方,3.78,-4.3,-0.17,116553.0,44867592.0,本地最近行情CSV
2026-07-06,2026-07-06T11:24:33+08:00,300324,旋极信息,3.77,-1.05,-0.04,225293.0,86236751.14,本地最近行情CSV
2026-07-06,2026-07-06T11:24:33+08:00,002742,冀衡医药,3.77,1.89,0.07,92040.0,34475611.0,本地最近行情CSV
2026-07-06,2026-07-06T11:24:33+08:00,002692,远程股份,3.77,-3.33,-0.13,95117.0,36641604.0,本地最近行情CSV
2026-07-06,2026-07-06T11:24:33+08:00,600611,大众交通,3.76,-2.59,-0.1,165976.0,63315417.0,本地最近行情CSV
2026-07-06,2026-07-06T11:24:33+08:00,600020,中原高速,3.76,0.0,0.0,74622.0,28083808.0,本地最近行情CSV
2026-07-06,2026-07-06T11:24:33+08:00,300157,新锦动力,3.76,-2.08,-0.08,154912.0,59245043.22,本地最近行情CSV
2026-07-06,2026-07-06T11:24:33+08:00,000892,欢瑞世纪,3.76,9.94,0.34,454779.0,166018742.0,本地最近行情CSV
2026-07-06,2026-07-06T11:24:33+08:00,000790,华神科技,3.76,-1.83,-0.07,104380.0,39431538.97,本地最近行情CSV
2026-07-06,2026-07-06T11:24:33+08:00,603183,建研院,3.74,-0.27,-0.01,69854.0,26412460.0,本地最近行情CSV
2026-07-06,2026-07-06T11:24:33+08:00,002218,拓日新能,3.74,-1.32,-0.05,204418.0,78083595.7,本地最近行情CSV
2026-07-06,2026-07-06T11:24:33+08:00,002160,常铝股份,3.74,-1.32,-0.05,158170.0,60268242.4,本地最近行情CSV
2026-07-06,2026-07-06T11:24:33+08:00,000877,天山股份,3.74,-0.53,-0.02,62100.0,23317478.0,本地最近行情CSV
2026-07-06,2026-07-06T11:24:33+08:00,000757,浩物股份,3.74,-2.6,-0.1,139468.0,52963806.0,本地最近行情CSV
2026-07-06,2026-07-06T11:24:33+08:00,601975,招商南油,3.73,1.08,0.04,1404827.0,524758593.0,本地最近行情CSV
2026-07-06,2026-07-06T11:24:33+08:00,300247,融捷健康,3.73,-2.36,-0.09,65323.0,24596991.77,本地最近行情CSV
2026-07-06,2026-07-06T11:24:33+08:00,000778,新兴铸管,3.73,-0.27,-0.01,227562.0,85045879.0,本地最近行情CSV
2026-07-06,2026-07-06T11:24:33+08:00,300359,全通教育,3.71,-0.54,-0.02,247753.0,96294155.0,本地最近行情CSV
2026-07-06,2026-07-06T11:24:33+08:00,000536,华映科技,3.71,-6.78,-0.27,1014453.0,390556009.88,本地最近行情CSV
2026-07-06,2026-07-06T11:24:33+08:00,600984,建设机械,3.7,-0.27,-0.01,279759.0,106027795.0,本地最近行情CSV
2026-07-06,2026-07-06T11:24:33+08:00,600052,东望时代,3.7,-3.9,-0.15,136685.0,51457988.0,本地最近行情CSV
2026-07-06,2026-07-06T11:24:33+08:00,000665,湖北广电,3.7,-1.33,-0.05,72253.0,27049263.2,本地最近行情CSV
2026-07-06,2026-07-06T11:24:33+08:00,300123,ST亚光,3.69,-2.12,-0.08,197153.0,74696901.0,本地最近行情CSV
2026-07-06,2026-07-06T11:24:33+08:00,300194,福安药业,3.68,1.1,0.04,142435.0,52456492.0,本地最近行情CSV
2026-07-06,2026-07-06T11:24:33+08:00,600666,奥瑞德,3.67,-5.17,-0.2,833330.0,312702571.0,本地最近行情CSV
2026-07-06,2026-07-06T11:24:33+08:00,002344,海宁皮城,3.66,0.83,0.03,79680.0,29239525.0,本地最近行情CSV
2026-07-06,2026-07-06T11:24:33+08:00,002330,得利斯,3.66,0.27,0.01,67967.0,25124870.0,本地最近行情CSV
2026-07-06,2026-07-06T11:24:33+08:00,000900,现代投资,3.66,0.55,0.02,60726.0,22243479.35,本地最近行情CSV
2026-07-06,2026-07-06T11:24:33+08:00,000557,西部创业,3.66,0.27,0.01,49243.0,18104973.56,本地最近行情CSV
2026-07-06,2026-07-06T11:24:33+08:00,002162,悦心健康,3.65,-0.54,-0.02,76887.0,28223083.0,本地最近行情CSV
2026-07-06,2026-07-06T11:24:33+08:00,000637,茂化实华,3.65,-0.82,-0.03,59234.0,22006043.0,本地最近行情CSV
2026-07-06,2026-07-06T11:24:33+08:00,601162,天风证券,3.63,-1.36,-0.05,1545426.0,565164752.0,本地最近行情CSV
2026-07-06,2026-07-06T11:24:33+08:00,002775,文科股份,3.63,-1.63,-0.06,55229.0,20378833.02,本地最近行情CSV
2026-07-06,2026-07-06T11:24:33+08:00,002766,索菱股份,3.63,-3.2,-0.12,114523.0,42151634.0,本地最近行情CSV
2026-07-06,2026-07-06T11:24:33+08:00,002662,峰璟股份,3.63,-3.2,-0.12,128511.0,46936687.0,本地最近行情CSV
2026-07-06,2026-07-06T11:24:33+08:00,300032,金龙机电,3.62,-4.49,-0.17,166066.0,61568384.0,本地最近行情CSV
2026-07-06,2026-07-06T11:24:33+08:00,000972,中基健康,3.62,-0.55,-0.02,80589.0,29593589.0,本地最近行情CSV
2026-07-06,2026-07-06T11:24:33+08:00,601016,节能风电,3.61,-2.17,-0.08,915388.0,335396166.0,本地最近行情CSV
2026-07-06,2026-07-06T11:24:33+08:00,600828,茂业商业,3.61,-2.43,-0.09,100251.0,36613140.0,本地最近行情CSV
2026-07-06,2026-07-06T11:24:33+08:00,002567,唐人神,3.61,2.85,0.1,209852.0,75401115.05,本地最近行情CSV
2026-07-06,2026-07-06T11:24:33+08:00,600892,大晟文化,3.6,1.69,0.06,125874.0,46061253.0,本地最近行情CSV
2026-07-06,2026-07-06T11:24:33+08:00,600361,创新新材,3.6,-1.1,-0.04,297015.0,108168650.0,本地最近行情CSV
2026-07-06,2026-07-06T11:24:33+08:00,600121,郑州煤电,3.6,-1.64,-0.06,267134.0,97426385.0,本地最近行情CSV
2026-07-06,2026-07-06T11:24:33+08:00,300080,易成新能,3.6,-2.96,-0.11,107402.0,39346685.0,本地最近行情CSV
2026-07-06,2026-07-06T11:24:33+08:00,600649,城投控股,3.59,0.28,0.01,132298.0,47443833.0,本地最近行情CSV
2026-07-06,2026-07-06T11:24:33+08:00,600243,*ST海华,3.59,-1.37,-0.05,52130.0,19022366.0,本地最近行情CSV
2026-07-06,2026-07-06T11:24:33+08:00,002524,光正眼科,3.59,-1.37,-0.05,111361.0,40505241.0,本地最近行情CSV
2026-07-06,2026-07-06T11:24:33+08:00,000767,晋控电力,3.59,-3.75,-0.14,739236.0,269925989.0,本地最近行情CSV
2026-07-06,2026-07-06T11:24:33+08:00,600495,晋西车轴,3.57,-1.38,-0.05,50068.0,17957983.0,本地最近行情CSV
2026-07-06,2026-07-06T11:24:33+08:00,002061,浙江交科,3.57,0.0,0.0,90486.0,32130860.2,本地最近行情CSV
2026-07-06,2026-07-06T11:24:33+08:00,002256,兆新股份,3.56,1.14,0.04,556428.0,200679165.23,本地最近行情CSV
2026-07-06,2026-07-06T11:24:33+08:00,000959,首钢股份,3.56,0.0,0.0,241424.0,86954019.43,本地最近行情CSV
2026-07-06,2026-07-06T11:24:33+08:00,000802,北京文化,3.56,-1.39,-0.05,138060.0,49878494.28,本地最近行情CSV
2026-07-06,2026-07-06T11:24:33+08:00,300072,海新能科,3.55,1.43,0.05,231916.0,83282572.2,本地最近行情CSV
2026-07-06,2026-07-06T11:24:33+08:00,000932,华菱钢铁,3.55,0.28,0.01,605479.0,216289808.07,本地最近行情CSV
2026-07-06,2026-07-06T11:24:33+08:00,000518,四环生物,3.55,2.6,0.09,365442.0,129499907.57,本地最近行情CSV
2026-07-06,2026-07-06T11:24:33+08:00,600928,西安银行,3.54,2.91,0.1,247808.0,87019073.0,本地最近行情CSV
2026-07-06,2026-07-06T11:24:33+08:00,300020,ST银江,3.53,-7.11,-0.27,280999.0,100346801.2,本地最近行情CSV
2026-07-06,2026-07-06T11:24:33+08:00,000620,盈新发展,3.53,-1.94,-0.07,2616569.0,941179527.0,本地最近行情CSV
2026-07-06,2026-07-06T11:24:33+08:00,000401,金隅冀东,3.53,-0.28,-0.01,41694.0,14717597.0,本地最近行情CSV
2026-07-06,2026-07-06T11:24:33+08:00,600368,五洲交通,3.52,1.44,0.05,70461.0,24886654.0,本地最近行情CSV
2026-07-06,2026-07-06T11:24:33+08:00,002426,胜利精密,3.52,-3.83,-0.14,1013820.0,366719900.0,本地最近行情CSV
2026-07-06,2026-07-06T11:24:33+08:00,002084,海鸥住工,3.52,-2.76,-0.1,71127.0,25415351.59,本地最近行情CSV
2026-07-06,2026-07-06T11:24:33+08:00,603117,万林物流,3.51,-3.04,-0.11,72337.0,25794975.0,本地最近行情CSV
2026-07-06,2026-07-06T11:24:33+08:00,600968,海油发展,3.51,0.29,0.01,170144.0,59712475.0,本地最近行情CSV
2026-07-06,2026-07-06T11:24:33+08:00,601568,北元化工,3.5,0.29,0.01,85362.0,30046004.0,本地最近行情CSV
2026-07-06,2026-07-06T11:24:33+08:00,600035,楚天高速,3.5,1.45,0.05,48313.0,16872710.0,本地最近行情CSV
2026-07-06,2026-07-06T11:24:33+08:00,300287,飞利信,3.5,-2.51,-0.09,356958.0,128242115.92,本地最近行情CSV
2026-07-06,2026-07-06T11:24:33+08:00,300267,尔康制药,3.5,1.74,0.06,318210.0,112213233.5,本地最近行情CSV
2026-07-06,2026-07-06T11:24:33+08:00,002613,北玻股份,3.5,-4.63,-0.17,399527.0,141888853.59,本地最近行情CSV
2026-07-06,2026-07-06T11:24:33+08:00,002251,步步高,3.5,-1.13,-0.04,503781.0,178014210.11,本地最近行情CSV
2026-07-06,2026-07-06T11:24:33+08:00,001213,中铁特货,3.49,0.58,0.02,45141.0,15687033.98,本地最近行情CSV
2026-07-06,2026-07-06T11:24:33+08:00,000573,粤宏远Ａ,3.49,-2.24,-0.08,111647.0,39714575.0,本地最近行情CSV
2026-07-06,2026-07-06T11:24:33+08:00,600824,益民集团,3.47,0.0,0.0,41096.0,14328953.0,本地最近行情CSV
2026-07-06,2026-07-06T11:24:33+08:00,601099,太平洋,3.46,-0.29,-0.01,710658.0,246472530.0,本地最近行情CSV
2026-07-06,2026-07-06T11:24:33+08:00,002198,ST嘉应,3.46,-1.42,-0.05,111567.0,39567877.0,本地最近行情CSV
2026-07-06,2026-07-06T11:24:33+08:00,600540,新赛股份,3.45,0.29,0.01,136783.0,47723374.0,本地最近行情CSV
2026-07-06,2026-07-06T11:24:33+08:00,600094,大名城,3.45,-0.86,-0.03,94102.0,32730504.0,本地最近行情CSV
2026-07-06,2026-07-06T11:24:33+08:00,000825,太钢不锈,3.45,-0.29,-0.01,199558.0,69402042.91,本地最近行情CSV
2026-07-06,2026-07-06T11:24:33+08:00,601366,利群股份,3.44,0.0,0.0,41346.0,14262754.0,本地最近行情CSV
2026-07-06,2026-07-06T11:24:33+08:00,601003,柳钢股份,3.44,-0.86,-0.03,64563.0,22403257.0,本地最近行情CSV
2026-07-06,2026-07-06T11:24:33+08:00,300074,华平股份,3.44,-2.82,-0.1,122099.0,42735245.0,本地最近行情CSV
2026-07-06,2026-07-06T11:24:33+08:00,000652,泰达股份,3.44,-0.58,-0.02,57411.0,19927935.99,本地最近行情CSV
2026-07-06,2026-07-06T11:24:33+08:00,000868,安凯客车,3.43,-0.58,-0.02,70323.0,24362296.0,本地最近行情CSV
2026-07-06,2026-07-06T11:24:33+08:00,000720,新能泰山,3.43,-4.19,-0.15,223908.0,78415000.0,本地最近行情CSV
2026-07-06,2026-07-06T11:24:33+08:00,600790,轻纺城,3.42,0.0,0.0,73219.0,25094021.0,本地最近行情CSV
2026-07-06,2026-07-06T11:24:33+08:00,002672,东江环保,3.42,-1.72,-0.06,74571.0,25907864.56,本地最近行情CSV
2026-07-06,2026-07-06T11:24:33+08:00,002581,*ST未名,3.42,-0.87,-0.03,40626.0,14065829.0,本地最近行情CSV
2026-07-06,2026-07-06T11:24:33+08:00,600033,福建高速,3.41,0.89,0.03,118649.0,40332741.0,本地最近行情CSV
2026-07-06,2026-07-06T11:24:33+08:00,600681,百川能源,3.4,-0.58,-0.02,72673.0,24817872.0,本地最近行情CSV
2026-07-06,2026-07-06T11:24:33+08:00,300459,汤姆猫,3.4,-0.29,-0.01,431077.0,147288141.19,本地最近行情CSV
2026-07-06,2026-07-06T11:24:33+08:00,002512,ST达华,3.4,-1.73,-0.06,230350.0,80345975.0,本地最近行情CSV
2026-07-06,2026-07-06T11:24:33+08:00,002075,沙钢股份,3.4,-1.45,-0.05,173215.0,59433341.0,本地最近行情CSV
2026-07-06,2026-07-06T11:24:33+08:00,000509,华塑控股,3.4,-2.3,-0.08,222506.0,77258878.0,本地最近行情CSV
2026-07-06,2026-07-06T11:24:33+08:00,600716,凤凰股份,3.39,-0.59,-0.02,30756.0,10557068.0,本地最近行情CSV
2026-07-06,2026-07-06T11:24:33+08:00,002375,亚厦股份,3.39,0.0,0.0,77446.0,26449340.0,本地最近行情CSV
2026-07-06,2026-07-06T11:24:33+08:00,002224,三 力 士,3.39,-1.45,-0.05,65277.0,22390131.0,本地最近行情CSV
2026-07-06,2026-07-06T11:24:33+08:00,000912,泸天化,3.39,-0.29,-0.01,106707.0,36495309.0,本地最近行情CSV
2026-07-06,2026-07-06T11:24:33+08:00,601113,华鼎股份,3.38,-0.59,-0.02,69650.0,23694084.0,本地最近行情CSV
2026-07-06,2026-07-06T11:24:33+08:00,000723,美锦能源,3.38,0.3,0.01,249498.0,84690165.49,本地最近行情CSV
2026-07-06,2026-07-06T11:24:33+08:00,600425,青松建化,3.37,0.3,0.01,69896.0,23715909.0,本地最近行情CSV
2026-07-06,2026-07-06T11:24:33+08:00,601616,广电电气,3.35,-3.46,-0.12,112253.0,38606193.0,本地最近行情CSV
2026-07-06,2026-07-06T11:24:33+08:00,600076,康欣新材,3.35,-2.05,-0.07,265098.0,90081529.0,本地最近行情CSV
2026-07-06,2026-07-06T11:24:33+08:00,000632,ST三木,3.35,-2.9,-0.1,82098.0,28466623.0,本地最近行情CSV
2026-07-06,2026-07-06T11:24:33+08:00,300159,新研股份,3.34,-2.91,-0.1,355875.0,120924957.0,本地最近行情CSV
2026-07-06,2026-07-06T11:24:33+08:00,000558,天府文旅,3.34,-0.6,-0.02,166711.0,56220864.72,本地最近行情CSV
2026-07-06,2026-07-06T11:24:33+08:00,601399,国机重装,3.33,-4.03,-0.14,712200.0,242028779.0,本地最近行情CSV
2026-07-06,2026-07-06T11:24:33+08:00,000615,*ST美谷,3.33,-0.89,-0.03,36222.0,12165116.0,本地最近行情CSV
2026-07-06,2026-07-06T11:24:33+08:00,000055,方大集团,3.33,-1.19,-0.04,75174.0,25260000.05,本地最近行情CSV
2026-07-06,2026-07-06T11:24:33+08:00,600255,鑫科材料,3.32,-0.3,-0.01,1083788.0,356664022.0,本地最近行情CSV
2026-07-06,2026-07-06T11:24:33+08:00,600016,民生银行,3.32,1.22,0.04,1347820.0,445234820.0,本地最近行情CSV
2026-07-06,2026-07-06T11:24:33+08:00,601326,秦港股份,3.31,1.22,0.04,158791.0,52191960.0,本地最近行情CSV
2026-07-06,2026-07-06T11:24:33+08:00,601018,宁波港,3.31,0.91,0.03,294334.0,97018256.0,本地最近行情CSV
2026-07-06,2026-07-06T11:24:33+08:00,600740,山西焦化,3.31,-0.3,-0.01,177063.0,58886860.0,本地最近行情CSV
2026-07-06,2026-07-06T11:24:33+08:00,300173,ST福能,3.31,-1.19,-0.04,47524.0,16014933.0,本地最近行情CSV
2026-07-06,2026-07-06T11:24:33+08:00,300070,碧水源,3.31,0.0,0.0,168458.0,55931185.0,本地最近行情CSV
2026-07-06,2026-07-06T11:24:33+08:00,002822,ST中装,3.31,-3.5,-0.12,290816.0,96601925.09,本地最近行情CSV
2026-07-06,2026-07-06T11:24:33+08:00,000698,ST沈化,3.31,-1.19,-0.04,37710.0,12663506.0,本地最近行情CSV
2026-07-06,2026-07-06T11:24:33+08:00,600433,冠豪高新,3.3,-2.08,-0.07,255090.0,85447379.0,本地最近行情CSV
2026-07-06,2026-07-06T11:24:33+08:00,600327,大东方,3.3,-0.6,-0.02,65469.0,21758731.0,本地最近行情CSV
2026-07-06,2026-07-06T11:24:33+08:00,000629,钒钛股份,3.29,-1.79,-0.06,1182417.0,397122427.98,本地最近行情CSV
2026-07-06,2026-07-06T11:24:33+08:00,600400,红豆股份,3.28,-5.2,-0.18,545569.0,181636979.0,本地最近行情CSV
2026-07-06,2026-07-06T11:24:33+08:00,002329,皇氏集团,3.27,10.1,0.3,652592.0,208808518.97,本地最近行情CSV
2026-07-06,2026-07-06T11:24:33+08:00,600626,申达股份,3.26,-1.81,-0.06,63447.0,20829837.0,本地最近行情CSV
2026-07-06,2026-07-06T11:24:33+08:00,600496,精工钢构,3.26,-0.61,-0.02,157668.0,51385439.0,本地最近行情CSV
2026-07-06,2026-07-06T11:24:33+08:00,600792,云煤能源,3.25,-0.61,-0.02,71896.0,23418882.0,本地最近行情CSV
2026-07-06,2026-07-06T11:24:33+08:00,600594,益佰制药,3.25,1.56,0.05,184191.0,60323814.0,本地最近行情CSV
2026-07-06,2026-07-06T11:24:33+08:00,000813,德展健康,3.25,1.88,0.06,326610.0,106073681.92,本地最近行情CSV
2026-07-06,2026-07-06T11:24:33+08:00,601515,衢州东峰,3.24,-0.61,-0.02,96602.0,31554069.0,本地最近行情CSV
2026-07-06,2026-07-06T11:24:33+08:00,600166,福田汽车,3.24,3.85,0.12,1131674.0,364355611.0,本地最近行情CSV
2026-07-06,2026-07-06T11:24:33+08:00,300451,创业慧康,3.24,-1.82,-0.06,107518.0,35337850.01,本地最近行情CSV
2026-07-06,2026-07-06T11:24:33+08:00,002374,中锐股份,3.24,-5.26,-0.18,246183.0,81073558.26,本地最近行情CSV
2026-07-06,2026-07-06T11:24:33+08:00,600708,光明地产,3.23,0.94,0.03,296185.0,99021947.0,本地最近行情CSV
2026-07-06,2026-07-06T11:24:33+08:00,600609,金杯汽车,3.23,-0.92,-0.03,84272.0,27566027.0,本地最近行情CSV
2026-07-06,2026-07-06T11:24:33+08:00,600386,北巴传媒,3.23,-1.52,-0.05,34645.0,11267173.0,本地最近行情CSV
2026-07-06,2026-07-06T11:24:33+08:00,600337,ST美克,3.23,0.31,0.01,102456.0,33353655.0,本地最近行情CSV
2026-07-06,2026-07-06T11:24:33+08:00,000607,华媒控股,3.22,-0.31,-0.01,67560.0,21992364.0,本地最近行情CSV
2026-07-06,2026-07-06T11:24:33+08:00,603377,ST东时,3.21,8.45,0.25,127469.0,39866503.0,本地最近行情CSV
2026-07-06,2026-07-06T11:24:33+08:00,300148,天舟文化,3.21,-0.62,-0.02,124557.0,40361654.0,本地最近行情CSV
2026-07-06,2026-07-06T11:24:33+08:00,603818,曲美家居,3.2,0.31,0.01,245800.0,79791259.0,本地最近行情CSV
2026-07-06,2026-07-06T11:24:33+08:00,002421,达实智能,3.2,-4.48,-0.15,1115661.0,365171361.46,本地最近行情CSV
2026-07-06,2026-07-06T11:24:33+08:00,600308,华泰股份,3.19,1.59,0.05,56265.0,17856971.0,本地最近行情CSV
2026-07-06,2026-07-06T11:24:33+08:00,000812,陕西金叶,3.19,-1.85,-0.06,68431.0,22144133.0,本地最近行情CSV
2026-07-06,2026-07-06T11:24:33+08:00,000809,和展能源,3.19,-0.93,-0.03,98557.0,31700415.5,本地最近行情CSV
2026-07-06,2026-07-06T11:24:33+08:00,600963,岳阳林纸,3.18,0.0,0.0,201733.0,64685633.0,本地最近行情CSV
2026-07-06,2026-07-06T11:24:33+08:00,600664,哈药股份,3.18,1.27,0.04,457714.0,145138547.0,本地最近行情CSV
2026-07-06,2026-07-06T11:24:33+08:00,300026,红日药业,3.18,0.32,0.01,318384.0,100903907.04,本地最近行情CSV
2026-07-06,2026-07-06T11:24:33+08:00,601106,中国一重,3.16,-4.24,-0.14,577748.0,185544951.0,本地最近行情CSV
2026-07-06,2026-07-06T11:24:33+08:00,600853,龙建股份,3.16,-0.63,-0.02,44047.0,14014384.0,本地最近行情CSV
2026-07-06,2026-07-06T11:24:33+08:00,002578,闽发铝业,3.16,-0.32,-0.01,217234.0,69881377.8,本地最近行情CSV
2026-07-06,2026-07-06T11:24:33+08:00,300510,金冠股份,3.15,-2.17,-0.07,110657.0,35498227.0,本地最近行情CSV
2026-07-06,2026-07-06T11:24:33+08:00,000889,中嘉博创,3.14,-4.27,-0.14,201215.0,64699440.0,本地最近行情CSV
2026-07-06,2026-07-06T11:24:33+08:00,601933,永辉超市,3.13,1.29,0.04,978267.0,302871545.0,本地最近行情CSV
2026-07-06,2026-07-06T11:24:33+08:00,600798,宁波海运,3.13,-0.95,-0.03,72641.0,22869024.0,本地最近行情CSV
2026-07-06,2026-07-06T11:24:33+08:00,300111,向日葵,3.13,-0.95,-0.03,723773.0,230709087.38,本地最近行情CSV
2026-07-06,2026-07-06T11:24:33+08:00,002263,大东南,3.13,-3.4,-0.11,483626.0,153603978.8,本地最近行情CSV
2026-07-06,2026-07-06T11:24:33+08:00,600800,渤海化学,3.12,-0.95,-0.03,165475.0,52687201.0,本地最近行情CSV
2026-07-06,2026-07-06T11:24:33+08:00,600725,云维股份,3.12,-1.27,-0.04,100888.0,31818236.0,本地最近行情CSV
2026-07-06,2026-07-06T11:24:33+08:00,600339,中油工程,3.12,-0.32,-0.01,262715.0,82434124.0,本地最近行情CSV
2026-07-06,2026-07-06T11:24:33+08:00,601279,英利汽车,3.11,-0.64,-0.02,65090.0,20449663.0,本地最近行情CSV
2026-07-06,2026-07-06T11:24:33+08:00,300135,宝利国际,3.11,-2.81,-0.09,89892.0,28447210.0,本地最近行情CSV
2026-07-06,2026-07-06T11:24:33+08:00,002069,獐子岛,3.11,0.97,0.03,66896.0,21026357.0,本地最近行情CSV
2026-07-06,2026-07-06T11:24:33+08:00,600831,广电网络,3.1,-1.27,-0.04,66085.0,20666615.0,本地最近行情CSV
2026-07-06,2026-07-06T11:24:33+08:00,002060,广东建工,3.1,0.32,0.01,104976.0,32629742.0,本地最近行情CSV
2026-07-06,2026-07-06T11:24:33+08:00,600758,辽宁能源,3.09,-1.59,-0.05,258978.0,81235598.0,本地最近行情CSV
2026-07-06,2026-07-06T11:24:33+08:00,002573,清新环境,3.09,0.0,0.0,35779.0,11089925.0,本地最近行情CSV
2026-07-06,2026-07-06T11:24:33+08:00,002554,惠博普,3.09,0.0,0.0,233953.0,72953957.26,本地最近行情CSV
2026-07-06,2026-07-06T11:24:33+08:00,000428,华天酒店,3.09,-0.64,-0.02,51676.0,16100982.0,本地最近行情CSV
2026-07-06,2026-07-06T11:24:33+08:00,600575,淮河能源,3.08,-0.65,-0.02,322333.0,99858113.0,本地最近行情CSV
2026-07-06,2026-07-06T11:24:33+08:00,600108,亚盛集团,3.08,-1.28,-0.04,452994.0,142051718.0,本地最近行情CSV
2026-07-06,2026-07-06T11:24:33+08:00,000090,天健集团,3.08,-0.32,-0.01,96720.0,29840621.2,本地最近行情CSV
2026-07-06,2026-07-06T11:24:33+08:00,000002,万  科Ａ,3.07,-0.65,-0.02,583584.0,179846027.14,本地最近行情CSV
2026-07-06,2026-07-06T11:24:33+08:00,600665,天地源,3.05,-1.93,-0.06,101058.0,31240857.0,本地最近行情CSV
2026-07-06,2026-07-06T11:24:33+08:00,002523,天桥起重,3.05,-2.56,-0.08,121468.0,37448485.66,本地最近行情CSV
2026-07-06,2026-07-06T11:24:33+08:00,002228,合兴包装,3.04,-1.62,-0.05,84775.0,25948610.0,本地最近行情CSV
2026-07-06,2026-07-06T11:24:33+08:00,601818,光大银行,3.03,1.68,0.05,1397240.0,420083498.0,本地最近行情CSV
2026-07-06,2026-07-06T11:24:33+08:00,600794,保税科技,3.03,0.0,0.0,55019.0,16715172.0,本地最近行情CSV
2026-07-06,2026-07-06T11:24:33+08:00,600684,珠江股份,3.03,-3.5,-0.11,103631.0,31843410.0,本地最近行情CSV
2026-07-06,2026-07-06T11:24:33+08:00,600261,阳光照明,3.03,-1.62,-0.05,74868.0,22857120.0,本地最近行情CSV
2026-07-06,2026-07-06T11:24:33+08:00,600103,青山纸业,3.03,-1.94,-0.06,502749.0,154405285.0,本地最近行情CSV
2026-07-06,2026-07-06T11:24:33+08:00,002656,*ST摩登,3.03,-0.66,-0.02,37108.0,11244410.99,本地最近行情CSV
2026-07-06,2026-07-06T11:24:33+08:00,002172,澳洋健康,3.03,0.66,0.02,103261.0,31405828.2,本地最近行情CSV
2026-07-06,2026-07-06T11:24:33+08:00,000965,天保基建,3.03,0.0,0.0,65532.0,19867152.76,本地最近行情CSV
2026-07-06,2026-07-06T11:24:33+08:00,002307,北新路桥,3.01,-0.99,-0.03,134034.0,40650612.6,本地最近行情CSV
2026-07-06,2026-07-06T11:24:33+08:00,000820,*ST节能,3.01,-3.53,-0.11,40288.0,12397393.2,本地最近行情CSV
2026-07-06,2026-07-06T11:24:33+08:00,600688,上海石化,3.0,2.74,0.08,762459.0,227176330.0,本地最近行情CSV
2026-07-06,2026-07-06T11:24:33+08:00,002437,誉衡药业,3.0,1.35,0.04,882193.0,265718758.38,本地最近行情CSV
2026-07-06,2026-07-06T11:24:33+08:00,600217,中再资环,2.99,0.34,0.01,176454.0,53722060.0,本地最近行情CSV
2026-07-06,2026-07-06T11:24:33+08:00,002157,正邦科技,2.99,3.46,0.1,1398893.0,414461032.31,本地最近行情CSV
2026-07-06,2026-07-06T11:24:33+08:00,603718,*ST海利,2.98,-0.67,-0.02,38283.0,11503294.0,本地最近行情CSV
2026-07-06,2026-07-06T11:24:33+08:00,601015,陕西黑猫,2.98,-1.0,-0.03,178286.0,53528783.0,本地最近行情CSV
2026-07-06,2026-07-06T11:24:33+08:00,002640,跨境通,2.98,-2.61,-0.08,338267.0,101793043.0,本地最近行情CSV
2026-07-06,2026-07-06T11:24:33+08:00,600959,江苏有线,2.97,-0.34,-0.01,160116.0,47717107.0,本地最近行情CSV
2026-07-06,2026-07-06T11:24:33+08:00,600322,津投城开,2.97,-3.26,-0.1,437887.0,131878291.0,本地最近行情CSV
2026-07-06,2026-07-06T11:24:33+08:00,600300,维维股份,2.97,1.37,0.04,134302.0,39864317.0,本地最近行情CSV
2026-07-06,2026-07-06T11:24:33+08:00,002596,海南瑞泽,2.97,-3.26,-0.1,214725.0,65336457.28,本地最近行情CSV
2026-07-06,2026-07-06T11:24:33+08:00,000659,珠海中富,2.97,-3.26,-0.1,231291.0,68897897.8,本地最近行情CSV
2026-07-06,2026-07-06T11:24:33+08:00,603363,傲农生物,2.96,2.78,0.08,448935.0,132780329.0,本地最近行情CSV
2026-07-06,2026-07-06T11:24:33+08:00,600082,ST海泰,2.96,0.34,0.01,118500.0,35232343.0,本地最近行情CSV
2026-07-06,2026-07-06T11:24:33+08:00,002385,大北农,2.96,2.07,0.06,721606.0,213471010.52,本地最近行情CSV
2026-07-06,2026-07-06T11:24:33+08:00,002377,国创高新,2.96,3.86,0.11,463699.0,135937730.65,本地最近行情CSV
2026-07-06,2026-07-06T11:24:33+08:00,601908,京运通,2.95,-1.67,-0.05,184816.0,54924452.0,本地最近行情CSV
2026-07-06,2026-07-06T11:24:33+08:00,601228,广州港,2.94,1.03,0.03,132826.0,38925088.0,本地最近行情CSV
2026-07-06,2026-07-06T11:24:33+08:00,002110,三钢闽光,2.94,0.0,0.0,117825.0,34790902.84,本地最近行情CSV
2026-07-06,2026-07-06T11:24:33+08:00,600751,海航科技,2.93,-1.01,-0.03,149718.0,44209757.0,本地最近行情CSV
2026-07-06,2026-07-06T11:24:33+08:00,300078,思创智联,2.93,-2.33,-0.07,128904.0,38280583.0,本地最近行情CSV
2026-07-06,2026-07-06T11:24:33+08:00,000631,顺发恒能,2.93,-2.33,-0.07,96452.0,28575717.69,本地最近行情CSV
2026-07-06,2026-07-06T11:24:33+08:00,601333,广深铁路,2.92,0.0,0.0,394312.0,115093514.0,本地最近行情CSV
2026-07-06,2026-07-06T11:24:33+08:00,601388,怡球资源,2.9,-0.68,-0.02,377332.0,112191078.0,本地最近行情CSV
2026-07-06,2026-07-06T11:24:33+08:00,600208,衢州发展,2.9,-2.03,-0.06,862051.0,253740631.0,本地最近行情CSV
2026-07-06,2026-07-06T11:24:33+08:00,600067,冠城新材,2.89,-1.03,-0.03,178936.0,52480868.0,本地最近行情CSV
2026-07-06,2026-07-06T11:24:33+08:00,002551,尚荣医疗,2.89,0.7,0.02,86093.0,24872511.65,本地最近行情CSV
2026-07-06,2026-07-06T11:24:33+08:00,000068,华控赛格,2.88,-3.68,-0.11,124262.0,36596857.0,本地最近行情CSV
2026-07-06,2026-07-06T11:24:33+08:00,601599,浙文影业,2.87,-0.35,-0.01,90924.0,26287250.0,本地最近行情CSV
2026-07-06,2026-07-06T11:24:33+08:00,002175,*ST东智,2.87,9.96,0.26,56493.0,16213491.0,本地最近行情CSV
2026-07-06,2026-07-06T11:24:33+08:00,000563,陕国投Ａ,2.87,0.35,0.01,254671.0,73232511.4,本地最近行情CSV
2026-07-06,2026-07-06T11:24:33+08:00,002958,青农商行,2.85,0.71,0.02,293054.0,83156450.03,本地最近行情CSV
2026-07-06,2026-07-06T11:24:33+08:00,002127,南极电商,2.85,3.26,0.09,392922.0,112971989.94,本地最近行情CSV
2026-07-06,2026-07-06T11:24:33+08:00,300338,*ST开元,2.84,0.0,0.0,40375.0,11617595.0,本地最近行情CSV
2026-07-06,2026-07-06T11:24:33+08:00,002506,协鑫集成,2.84,-4.38,-0.13,1901765.0,554012681.81,本地最近行情CSV
2026-07-06,2026-07-06T11:24:33+08:00,600165,ST宁科,2.83,-2.08,-0.06,98229.0,28763301.0,本地最近行情CSV
2026-07-06,2026-07-06T11:24:33+08:00,601188,龙江交通,2.82,-0.35,-0.01,42152.0,11950578.0,本地最近行情CSV
2026-07-06,2026-07-06T11:24:33+08:00,000981,山子高科,2.82,-4.73,-0.14,1890313.0,544485031.85,本地最近行情CSV
2026-07-06,2026-07-06T11:24:33+08:00,002489,浙江永强,2.81,-1.06,-0.03,121613.0,34446396.82,本地最近行情CSV
2026-07-06,2026-07-06T11:24:33+08:00,002445,中南文化,2.81,-3.77,-0.11,484549.0,139522279.2,本地最近行情CSV
2026-07-06,2026-07-06T11:24:33+08:00,300355,蒙草生态,2.8,-0.71,-0.02,121413.0,34324568.0,本地最近行情CSV
2026-07-06,2026-07-06T11:24:33+08:00,300185,通裕重工,2.8,-2.44,-0.07,664189.0,187577641.2,本地最近行情CSV
2026-07-06,2026-07-06T11:24:33+08:00,601916,浙商银行,2.79,2.57,0.07,1194064.0,329989012.0,本地最近行情CSV
2026-07-06,2026-07-06T11:24:33+08:00,600515,海南机场,2.79,0.0,0.0,437805.0,122553987.0,本地最近行情CSV
2026-07-06,2026-07-06T11:24:33+08:00,600248,陕建股份,2.79,0.72,0.02,88088.0,24581768.0,本地最近行情CSV
2026-07-06,2026-07-06T11:24:33+08:00,600008,首创环保,2.78,-0.36,-0.01,387232.0,107970124.0,本地最近行情CSV
2026-07-06,2026-07-06T11:24:33+08:00,600617,国新能源,2.77,-2.46,-0.07,119131.0,33417196.0,本地最近行情CSV
2026-07-06,2026-07-06T11:24:33+08:00,002390,信邦制药,2.77,1.09,0.03,118709.0,32760482.0,本地最近行情CSV
2026-07-06,2026-07-06T11:24:33+08:00,002356,赫美集团,2.77,-1.42,-0.04,111804.0,31255566.0,本地最近行情CSV
2026-07-06,2026-07-06T11:24:33+08:00,601518,XD吉林高,2.75,1.1,0.03,102820.0,28273344.0,本地最近行情CSV
2026-07-06,2026-07-06T11:24:33+08:00,002689,ST远智,2.74,-2.49,-0.07,60048.0,16662159.0,本地最近行情CSV
2026-07-06,2026-07-06T11:24:33+08:00,600280,中央商场,2.72,-1.81,-0.05,146432.0,40102527.0,本地最近行情CSV
2026-07-06,2026-07-06T11:24:33+08:00,002425,凯撒文化,2.72,-1.81,-0.05,113946.0,31465482.17,本地最近行情CSV
2026-07-06,2026-07-06T11:24:33+08:00,002109,ST兴化,2.72,-2.51,-0.07,95457.0,26525877.5,本地最近行情CSV
2026-07-06,2026-07-06T11:24:33+08:00,600965,*ST福成,2.71,-3.21,-0.09,50942.0,14009861.0,本地最近行情CSV
2026-07-06,2026-07-06T11:24:33+08:00,000545,金浦钛业,2.71,10.16,0.25,529156.0,140478451.26,本地最近行情CSV
2026-07-06,2026-07-06T11:24:33+08:00,600815,厦工股份,2.7,-4.26,-0.12,423620.0,117668011.0,本地最近行情CSV
2026-07-06,2026-07-06T11:24:33+08:00,300091,*ST金灵,2.7,6.3,0.16,149360.0,40433882.13,本地最近行情CSV
2026-07-06,2026-07-06T11:24:33+08:00,601011,宝泰隆,2.67,-0.74,-0.02,126997.0,34290767.0,本地最近行情CSV
2026-07-06,2026-07-06T11:24:33+08:00,600654,中安科,2.67,-1.84,-0.05,263642.0,71231964.0,本地最近行情CSV
2026-07-06,2026-07-06T11:24:33+08:00,300352,ST信源,2.67,-1.84,-0.05,157580.0,42969124.0,本地最近行情CSV
2026-07-06,2026-07-06T11:24:33+08:00,002589,瑞康医药,2.66,0.76,0.02,230451.0,61266895.56,本地最近行情CSV
2026-07-06,2026-07-06T11:24:33+08:00,002309,中利集团,2.66,-3.97,-0.11,733001.0,199767249.0,本地最近行情CSV
2026-07-06,2026-07-06T11:24:33+08:00,002526,山东矿机,2.65,-2.21,-0.06,171427.0,45916316.6,本地最近行情CSV
2026-07-06,2026-07-06T11:24:33+08:00,600537,*ST亿晶,2.64,-3.65,-0.1,183687.0,48871636.0,本地最近行情CSV
2026-07-06,2026-07-06T11:24:33+08:00,300110,华仁药业,2.64,0.0,0.0,172110.0,45811066.4,本地最近行情CSV
2026-07-06,2026-07-06T11:24:33+08:00,000523,红棉股份,2.64,-0.38,-0.01,117373.0,31166961.0,本地最近行情CSV
2026-07-06,2026-07-06T11:24:33+08:00,601868,中国能建,2.63,-1.13,-0.03,1939274.0,512140406.0,本地最近行情CSV
2026-07-06,2026-07-06T11:24:33+08:00,600448,华纺股份,2.63,-1.13,-0.03,88615.0,23633405.0,本地最近行情CSV
2026-07-06,2026-07-06T11:24:33+08:00,600017,日照港,2.61,0.38,0.01,178146.0,46426797.0,本地最近行情CSV
2026-07-06,2026-07-06T11:24:33+08:00,000016,*ST康佳A,2.61,-2.25,-0.06,295597.0,79531019.0,本地最近行情CSV
2026-07-06,2026-07-06T11:24:33+08:00,600868,梅雁吉祥,2.6,-1.89,-0.05,249928.0,65851118.0,本地最近行情CSV
2026-07-06,2026-07-06T11:24:33+08:00,600303,曙光股份,2.6,0.39,0.01,230408.0,60327769.0,本地最近行情CSV
2026-07-06,2026-07-06T11:24:33+08:00,600293,三峡新材,2.6,-3.7,-0.1,363722.0,97105643.0,本地最近行情CSV
2026-07-06,2026-07-06T11:24:33+08:00,300094,国联水产,2.6,0.39,0.01,180411.0,47191744.0,本地最近行情CSV
2026-07-06,2026-07-06T11:24:33+08:00,600423,*ST柳化,2.59,0.0,0.0,65482.0,17095630.0,本地最近行情CSV
2026-07-06,2026-07-06T11:24:33+08:00,600782,新钢股份,2.57,0.0,0.0,238618.0,61789166.0,本地最近行情CSV
2026-07-06,2026-07-06T11:24:33+08:00,600365,ST通葡,2.57,0.0,0.0,30246.0,7813823.0,本地最近行情CSV
2026-07-06,2026-07-06T11:24:33+08:00,000793,*ST华闻,2.57,-2.65,-0.07,128621.0,33319639.0,本地最近行情CSV
2026-07-06,2026-07-06T11:24:33+08:00,002005,ST德豪,2.56,0.39,0.01,115984.0,29700391.5,本地最近行情CSV
2026-07-06,2026-07-06T11:24:33+08:00,601618,中国中冶,2.55,0.39,0.01,680844.0,174296407.0,本地最近行情CSV
2026-07-06,2026-07-06T11:24:33+08:00,002122,ST汇洲,2.55,0.0,0.0,265385.0,68570889.0,本地最近行情CSV
2026-07-06,2026-07-06T11:24:33+08:00,600844,金煤科技,2.54,0.0,0.0,183068.0,47307946.0,本地最近行情CSV
2026-07-06,2026-07-06T11:24:33+08:00,300256,星星科技,2.54,-3.05,-0.08,158457.0,40868023.0,本地最近行情CSV
2026-07-06,2026-07-06T11:24:33+08:00,002547,*ST春兴,2.53,-3.8,-0.1,238677.0,61424937.88,本地最近行情CSV
2026-07-06,2026-07-06T11:24:33+08:00,002133,广宇集团,2.53,-0.39,-0.01,72717.0,18581482.0,本地最近行情CSV
2026-07-06,2026-07-06T11:24:33+08:00,601860,紫金银行,2.5,0.4,0.01,222424.0,55427568.0,本地最近行情CSV
2026-07-06,2026-07-06T11:24:33+08:00,600227,赤天化,2.5,0.4,0.01,279508.0,70708788.0,本地最近行情CSV
2026-07-06,2026-07-06T11:24:33+08:00,000839,国安股份,2.5,-3.1,-0.08,280121.0,71173557.5,本地最近行情CSV
2026-07-06,2026-07-06T11:24:33+08:00,600808,马钢股份,2.49,-1.97,-0.05,372874.0,93837533.0,本地最近行情CSV
2026-07-06,2026-07-06T11:24:33+08:00,000816,智慧农业,2.49,0.81,0.02,208912.0,52594920.0,本地最近行情CSV
2026-07-06,2026-07-06T11:24:33+08:00,002239,奥特佳,2.47,-2.37,-0.06,305254.0,76230969.0,本地最近行情CSV
2026-07-06,2026-07-06T11:24:33+08:00,600408,安泰集团,2.46,-2.38,-0.06,186896.0,46613319.0,本地最近行情CSV
2026-07-06,2026-07-06T11:24:33+08:00,002021,中捷资源,2.46,-4.65,-0.12,279057.0,70557271.6,本地最近行情CSV
2026-07-06,2026-07-06T11:24:33+08:00,000402,金 融 街,2.46,0.0,0.0,210178.0,51776777.3,本地最近行情CSV
2026-07-06,2026-07-06T11:24:33+08:00,600939,重庆建工,2.45,0.0,0.0,51688.0,12730440.0,本地最近行情CSV
2026-07-06,2026-07-06T11:24:33+08:00,600816,建元信托,2.45,-1.21,-0.03,376641.0,92686922.0,本地最近行情CSV
2026-07-06,2026-07-06T11:24:33+08:00,000552,甘肃能化,2.44,3.39,0.08,489152.0,118261489.12,本地最近行情CSV
2026-07-06,2026-07-06T11:24:33+08:00,600162,香江控股,2.43,-2.8,-0.07,959325.0,239812809.0,本地最近行情CSV
2026-07-06,2026-07-06T11:24:33+08:00,000727,冠捷科技,2.42,-3.59,-0.09,879884.0,215909006.18,本地最近行情CSV
2026-07-06,2026-07-06T11:24:33+08:00,300477,ST合纵,2.41,-4.37,-0.11,151896.0,37034906.1,本地最近行情CSV
2026-07-06,2026-07-06T11:24:33+08:00,600807,济高发展,2.38,-2.86,-0.07,87992.0,21400512.0,本地最近行情CSV
2026-07-06,2026-07-06T11:24:33+08:00,002124,天邦食品,2.36,3.96,0.09,1039430.0,247148837.4,本地最近行情CSV
2026-07-06,2026-07-06T11:24:33+08:00,000927,中国铁物,2.36,0.0,0.0,205582.0,48541675.0,本地最近行情CSV
2026-07-06,2026-07-06T11:24:33+08:00,000008,神州高铁,2.36,-0.42,-0.01,124052.0,29354212.0,本地最近行情CSV
2026-07-06,2026-07-06T11:24:33+08:00,688538,和辉光电-U,2.35,-4.08,-0.1,1004431.0,238854332.0,本地最近行情CSV
2026-07-06,2026-07-06T11:24:33+08:00,600477,杭萧钢构,2.35,-0.84,-0.02,206226.0,48715736.0,本地最近行情CSV
2026-07-06,2026-07-06T11:24:33+08:00,600657,信达地产,2.34,-0.85,-0.02,136666.0,32209407.0,本地最近行情CSV
2026-07-06,2026-07-06T11:24:33+08:00,600325,华发股份,2.34,-0.85,-0.02,264429.0,62421994.0,本地最近行情CSV
2026-07-06,2026-07-06T11:24:33+08:00,002102,ST能特,2.33,-1.69,-0.04,225436.0,53950661.52,本地最近行情CSV
2026-07-06,2026-07-06T11:24:33+08:00,603077,和邦生物,2.32,-0.43,-0.01,1039384.0,242745744.0,本地最近行情CSV
2026-07-06,2026-07-06T11:24:33+08:00,603359,*ST东珠,2.31,-0.86,-0.02,87995.0,21010314.0,本地最近行情CSV
2026-07-06,2026-07-06T11:24:33+08:00,601866,中远海发,2.31,0.87,0.02,460852.0,106629707.0,本地最近行情CSV
2026-07-06,2026-07-06T11:24:33+08:00,600691,潞化科技,2.31,0.43,0.01,188398.0,44037452.0,本地最近行情CSV
2026-07-06,2026-07-06T11:24:33+08:00,600568,ST中珠,2.31,-2.12,-0.05,62769.0,14663108.0,本地最近行情CSV
2026-07-06,2026-07-06T11:24:33+08:00,300198,*ST纳川,2.31,3.13,0.07,79299.0,18049593.25,本地最近行情CSV
2026-07-06,2026-07-06T11:24:33+08:00,002535,林州重机,2.31,-2.94,-0.07,105535.0,24960192.16,本地最近行情CSV
2026-07-06,2026-07-06T11:24:33+08:00,600581,*ST八钢,2.3,-2.54,-0.06,109767.0,25858003.0,本地最近行情CSV
2026-07-06,2026-07-06T11:24:33+08:00,600159,大龙地产,2.29,-0.87,-0.02,85536.0,19730391.0,本地最近行情CSV
2026-07-06,2026-07-06T11:24:33+08:00,002514,*ST宝馨,2.29,4.09,0.09,313649.0,70571060.73,本地最近行情CSV
2026-07-06,2026-07-06T11:24:33+08:00,002076,星光股份,2.29,-6.53,-0.16,418578.0,97861010.0,本地最近行情CSV
2026-07-06,2026-07-06T11:24:33+08:00,600935,华塑股份,2.28,-0.87,-0.02,90517.0,20723068.0,本地最近行情CSV
2026-07-06,2026-07-06T11:24:33+08:00,002721,金一文化,2.27,-2.58,-0.06,238541.0,55245179.0,本地最近行情CSV
2026-07-06,2026-07-06T11:24:33+08:00,002496,辉丰股份,2.27,1.79,0.04,493926.0,111469006.88,本地最近行情CSV
2026-07-06,2026-07-06T11:24:33+08:00,000797,中国武夷,2.27,-0.44,-0.01,119802.0,27310469.1,本地最近行情CSV
2026-07-06,2026-07-06T11:24:33+08:00,600981,苏豪汇鸿,2.26,-2.59,-0.06,125230.0,28695049.0,本地最近行情CSV
2026-07-06,2026-07-06T11:24:33+08:00,600170,上海建工,2.26,0.89,0.02,653415.0,147413714.0,本地最近行情CSV
2026-07-06,2026-07-06T11:24:33+08:00,000056,*ST皇庭,2.26,0.89,0.02,342340.0,79006974.97,本地最近行情CSV
2026-07-06,2026-07-06T11:24:33+08:00,600759,ST洲际,2.23,5.19,0.11,2321188.0,516659225.0,本地最近行情CSV
2026-07-06,2026-07-06T11:24:33+08:00,002486,嘉麟杰,2.23,-1.76,-0.04,152165.0,34511420.0,本地最近行情CSV
2026-07-06,2026-07-06T11:24:33+08:00,601929,吉视传媒,2.22,-2.2,-0.05,345937.0,78285015.0,本地最近行情CSV
2026-07-06,2026-07-06T11:24:33+08:00,300010,ST豆神,2.22,0.91,0.02,456899.0,104327795.22,本地最近行情CSV
2026-07-06,2026-07-06T11:24:33+08:00,002210,飞马国际,2.22,-0.45,-0.01,348288.0,78190538.0,本地最近行情CSV
2026-07-06,2026-07-06T11:24:33+08:00,000761,本钢板材,2.22,0.91,0.02,89395.0,19985805.0,本地最近行情CSV
2026-07-06,2026-07-06T11:24:33+08:00,002310,东方新能,2.21,-0.45,-0.01,504221.0,112460803.0,本地最近行情CSV
2026-07-06,2026-07-06T11:24:33+08:00,600010,包钢股份,2.2,-2.22,-0.05,3041320.0,674515196.0,本地最近行情CSV
2026-07-06,2026-07-06T11:24:33+08:00,002694,*ST顾地,2.2,-4.76,-0.11,33499.0,7554348.0,本地最近行情CSV
2026-07-06,2026-07-06T11:24:33+08:00,002247,聚力文化,2.19,-1.79,-0.04,135412.0,30181974.0,本地最近行情CSV
2026-07-06,2026-07-06T11:24:33+08:00,601996,丰林集团,2.18,1.4,0.03,163489.0,35809103.0,本地最近行情CSV
2026-07-06,2026-07-06T11:24:33+08:00,600383,金地集团,2.18,-0.46,-0.01,313943.0,68782343.0,本地最近行情CSV
2026-07-06,2026-07-06T11:24:33+08:00,002622,皓宸医疗,2.18,-0.46,-0.01,154958.0,34369387.0,本地最近行情CSV
2026-07-06,2026-07-06T11:24:33+08:00,002495,佳隆股份,2.18,0.0,0.0,115433.0,25432836.19,本地最近行情CSV
2026-07-06,2026-07-06T11:24:33+08:00,600439,瑞贝卡,2.17,-3.13,-0.07,138507.0,30543956.0,本地最近行情CSV
2026-07-06,2026-07-06T11:24:33+08:00,600527,江南高纤,2.16,-1.82,-0.04,295756.0,64501218.0,本地最近行情CSV
2026-07-06,2026-07-06T11:24:33+08:00,000031,大悦城,2.15,0.47,0.01,190330.0,40679978.0,本地最近行情CSV
2026-07-06,2026-07-06T11:24:33+08:00,600117,西宁特钢,2.14,0.0,0.0,85034.0,18410997.0,本地最近行情CSV
2026-07-06,2026-07-06T11:24:33+08:00,000717,中南股份,2.14,-2.73,-0.06,112697.0,24475337.0,本地最近行情CSV
2026-07-06,2026-07-06T11:24:33+08:00,600743,华远控股,2.12,-2.75,-0.06,189909.0,40777197.0,本地最近行情CSV
2026-07-06,2026-07-06T11:24:33+08:00,600675,中华企业,2.12,0.0,0.0,181251.0,38492538.0,本地最近行情CSV
2026-07-06,2026-07-06T11:24:33+08:00,601828,美凯龙,2.11,-0.94,-0.02,155331.0,32944460.0,本地最近行情CSV
2026-07-06,2026-07-06T11:24:33+08:00,000560,我爱我家,2.1,-0.94,-0.02,267572.0,56576217.6,本地最近行情CSV
2026-07-06,2026-07-06T11:24:33+08:00,002607,中公教育,2.09,10.0,0.19,815735.0,170488702.78,本地最近行情CSV
2026-07-06,2026-07-06T11:24:33+08:00,600503,华丽家族,2.08,-2.35,-0.05,225590.0,47819344.0,本地最近行情CSV
2026-07-06,2026-07-06T11:24:33+08:00,600871,石化油服,2.07,-0.48,-0.01,704014.0,147076836.0,本地最近行情CSV
2026-07-06,2026-07-06T11:24:33+08:00,600467,好当家,2.07,0.0,0.0,139368.0,29086968.0,本地最近行情CSV
2026-07-06,2026-07-06T11:24:33+08:00,002285,世联行,2.07,-0.48,-0.01,274868.0,57352382.0,本地最近行情CSV
2026-07-06,2026-07-06T11:24:33+08:00,000488,ST晨鸣,2.06,-0.48,-0.01,94265.0,19201519.02,本地最近行情CSV
2026-07-06,2026-07-06T11:24:33+08:00,002306,ST云网,2.05,-1.44,-0.03,52195.0,10800491.0,本地最近行情CSV
2026-07-06,2026-07-06T11:24:33+08:00,001227,兰州银行,2.05,0.49,0.01,372971.0,76523962.88,本地最近行情CSV
2026-07-06,2026-07-06T11:24:33+08:00,000785,居然智家,2.05,0.0,0.0,251666.0,51793573.06,本地最近行情CSV
2026-07-06,2026-07-06T11:24:33+08:00,600169,ST太重,2.04,-1.45,-0.03,109508.0,22517395.0,本地最近行情CSV
2026-07-06,2026-07-06T11:24:33+08:00,002314,南山控股,2.04,-0.97,-0.02,97590.0,20046703.0,本地最近行情CSV
2026-07-06,2026-07-06T11:24:33+08:00,603030,全筑股份,2.03,-2.4,-0.05,182290.0,37782946.0,本地最近行情CSV
2026-07-06,2026-07-06T11:24:33+08:00,600622,光大嘉宝,2.03,-0.49,-0.01,97362.0,19854400.0,本地最近行情CSV
2026-07-06,2026-07-06T11:24:33+08:00,300370,安控科技,2.02,-2.88,-0.06,135514.0,27931762.0,本地最近行情CSV
2026-07-06,2026-07-06T11:24:33+08:00,002470,金正大,2.01,0.0,0.0,614216.0,125000098.0,本地最近行情CSV
2026-07-06,2026-07-06T11:24:33+08:00,300197,节能铁汉,2.0,1.01,0.02,1461159.0,298289770.82,本地最近行情CSV
2026-07-06,2026-07-06T11:24:33+08:00,002305,*ST南置,2.0,-0.5,-0.01,162448.0,32677087.0,本地最近行情CSV
2026-07-06,2026-07-06T11:24:33+08:00,000709,河钢股份,2.0,0.5,0.01,511649.0,102394180.09,本地最近行情CSV
2026-07-06,2026-07-06T11:24:33+08:00,000926,福星股份,1.98,-1.49,-0.03,129748.0,25951484.0,本地最近行情CSV
2026-07-06,2026-07-06T11:24:33+08:00,600512,腾达建设,1.95,-1.02,-0.02,82250.0,16152731.0,本地最近行情CSV
2026-07-06,2026-07-06T11:24:33+08:00,600533,栖霞建设,1.93,-1.03,-0.02,100723.0,19755295.0,本地最近行情CSV
2026-07-06,2026-07-06T11:24:33+08:00,600252,中恒集团,1.93,0.0,0.0,301683.0,58704513.0,本地最近行情CSV
2026-07-06,2026-07-06T11:24:33+08:00,000980,众泰汽车,1.93,-3.98,-0.08,730215.0,143554411.0,本地最近行情CSV
2026-07-06,2026-07-06T11:24:33+08:00,000903,ST云动,1.92,-1.54,-0.03,125321.0,24261141.0,本地最近行情CSV
2026-07-06,2026-07-06T11:24:33+08:00,000898,鞍钢股份,1.89,0.0,0.0,214639.0,40697672.6,本地最近行情CSV
2026-07-06,2026-07-06T11:24:33+08:00,300237,ST美晨,1.88,-0.53,-0.01,197573.0,37595176.6,本地最近行情CSV
2026-07-06,2026-07-06T11:24:33+08:00,000826,*ST启环,1.88,2.73,0.05,216450.0,39794826.43,本地最近行情CSV
2026-07-06,2026-07-06T11:24:33+08:00,000010,*ST美丽,1.86,-0.53,-0.01,140059.0,26690410.76,本地最近行情CSV
2026-07-06,2026-07-06T11:24:33+08:00,000838,*ST发展,1.85,4.52,0.08,345802.0,64792529.58,本地最近行情CSV
2026-07-06,2026-07-06T11:24:33+08:00,002219,新里程,1.84,0.55,0.01,344999.0,63555583.4,本地最近行情CSV
2026-07-06,2026-07-06T11:24:33+08:00,300266,兴源环境,1.81,-1.09,-0.02,88276.0,16152943.0,本地最近行情CSV
2026-07-06,2026-07-06T11:24:33+08:00,002321,华英农业,1.81,0.56,0.01,117056.0,21319763.0,本地最近行情CSV
2026-07-06,2026-07-06T11:24:33+08:00,600734,*ST实达,1.8,3.45,0.06,637640.0,114138615.0,本地最近行情CSV
2026-07-06,2026-07-06T11:24:33+08:00,002217,ST合力泰,1.78,1.14,0.02,3443939.0,611360377.41,本地最近行情CSV
2026-07-06,2026-07-06T11:24:33+08:00,002086,东方海洋,1.78,-0.56,-0.01,246711.0,44485139.0,本地最近行情CSV
2026-07-06,2026-07-06T11:24:33+08:00,300027,ST华谊,1.76,-0.56,-0.01,265016.0,47315881.02,本地最近行情CSV
2026-07-06,2026-07-06T11:24:33+08:00,000718,苏宁环球,1.76,0.0,0.0,140562.0,24829859.48,本地最近行情CSV
2026-07-06,2026-07-06T11:24:33+08:00,601718,ST际华,1.74,4.19,0.07,950221.0,168647664.0,本地最近行情CSV
2026-07-06,2026-07-06T11:24:33+08:00,002630,*ST华西,1.74,-3.87,-0.07,112013.0,19737604.0,本地最近行情CSV
2026-07-06,2026-07-06T11:24:33+08:00,002936,郑州银行,1.72,1.78,0.03,452413.0,77044553.49,本地最近行情CSV
2026-07-06,2026-07-06T11:24:33+08:00,000517,荣安地产,1.69,0.0,0.0,124279.0,21156072.0,本地最近行情CSV
2026-07-06,2026-07-06T11:24:33+08:00,000069,华侨城Ａ,1.69,1.2,0.02,374213.0,62829499.3,本地最近行情CSV
2026-07-06,2026-07-06T11:24:33+08:00,600569,安阳钢铁,1.68,-0.59,-0.01,98496.0,16681362.0,本地最近行情CSV
2026-07-06,2026-07-06T11:24:33+08:00,600370,*ST三房,1.68,1.82,0.03,259801.0,44089707.0,本地最近行情CSV
2026-07-06,2026-07-06T11:24:33+08:00,000897,津滨发展,1.68,-1.18,-0.02,159709.0,27054363.0,本地最近行情CSV
2026-07-06,2026-07-06T11:24:33+08:00,300152,*ST动力,1.66,-1.19,-0.02,121235.0,20491699.98,本地最近行情CSV
2026-07-06,2026-07-06T11:24:33+08:00,601588,北辰实业,1.64,-0.61,-0.01,143069.0,23630046.0,本地最近行情CSV
2026-07-06,2026-07-06T11:24:33+08:00,000677,ST海龙,1.61,-0.62,-0.01,338919.0,55722153.6,本地最近行情CSV
2026-07-06,2026-07-06T11:24:33+08:00,600231,凌钢股份,1.59,-1.24,-0.02,97219.0,15554190.0,本地最近行情CSV
2026-07-06,2026-07-06T11:24:33+08:00,000078,ST海王,1.57,5.37,0.08,1081576.0,168492283.41,本地最近行情CSV
2026-07-06,2026-07-06T11:24:33+08:00,600157,永泰能源,1.56,-0.64,-0.01,2355564.0,367640193.0,本地最近行情CSV
2026-07-06,2026-07-06T11:24:33+08:00,600653,申华控股,1.55,0.0,0.0,74734.0,11634971.0,本地最近行情CSV
2026-07-06,2026-07-06T11:24:33+08:00,600715,文投控股,1.54,0.0,0.0,134154.0,20813346.0,本地最近行情CSV
2026-07-06,2026-07-06T11:24:33+08:00,601010,ST文峰,1.53,-4.97,-0.08,423834.0,66343056.0,本地最近行情CSV
2026-07-06,2026-07-06T11:24:33+08:00,600881,亚泰集团,1.52,-1.94,-0.03,228083.0,34988381.0,本地最近行情CSV
2026-07-06,2026-07-06T11:24:33+08:00,600187,*ST国中,1.52,3.4,0.05,572419.0,89111296.0,本地最近行情CSV
2026-07-06,2026-07-06T11:24:33+08:00,002663,普邦股份,1.48,-0.67,-0.01,241583.0,36241579.95,本地最近行情CSV
2026-07-06,2026-07-06T11:24:33+08:00,600180,*ST瑞茂,1.47,5.0,0.07,368197.0,53772942.0,本地最近行情CSV
2026-07-06,2026-07-06T11:24:33+08:00,002726,ST龙大,1.47,9.7,0.13,53166.0,7815444.63,本地最近行情CSV
2026-07-06,2026-07-06T11:24:33+08:00,600136,ST明诚,1.45,-0.68,-0.01,95041.0,13967171.0,本地最近行情CSV
2026-07-06,2026-07-06T11:24:33+08:00,000656,金科股份,1.43,10.0,0.13,5142993.0,734791341.72,本地最近行情CSV
2026-07-06,2026-07-06T11:24:33+08:00,601880,辽港股份,1.41,0.71,0.01,556711.0,78483120.0,本地最近行情CSV
2026-07-06,2026-07-06T11:24:33+08:00,600307,酒钢宏兴,1.41,0.0,0.0,220006.0,31160893.0,本地最近行情CSV
2026-07-06,2026-07-06T11:24:33+08:00,600239,ST云城,1.41,-2.76,-0.04,130593.0,18625360.0,本地最近行情CSV
2026-07-06,2026-07-06T11:24:33+08:00,601992,金隅集团,1.39,0.0,0.0,300612.0,41872098.0,本地最近行情CSV
2026-07-06,2026-07-06T11:24:33+08:00,600567,山鹰国际,1.38,-2.13,-0.03,754264.0,105461278.0,本地最近行情CSV
2026-07-06,2026-07-06T11:24:33+08:00,600221,海航控股,1.38,0.73,0.01,1130868.0,155854543.0,本地最近行情CSV
2026-07-06,2026-07-06T11:24:33+08:00,002323,*ST雅博,1.37,-3.52,-0.05,419605.0,58380270.31,本地最近行情CSV
2026-07-06,2026-07-06T11:24:33+08:00,002501,*ST利源,1.36,-2.16,-0.03,336622.0,46743100.68,本地最近行情CSV
2026-07-06,2026-07-06T11:24:33+08:00,002269,美邦服饰,1.36,-1.45,-0.02,251535.0,34515158.0,本地最近行情CSV
2026-07-06,2026-07-06T11:24:33+08:00,000564,供销大集,1.36,-2.16,-0.03,981495.0,135315136.31,本地最近行情CSV
2026-07-06,2026-07-06T11:24:33+08:00,000882,华联股份,1.35,0.0,0.0,488647.0,66378009.0,本地最近行情CSV
2026-07-06,2026-07-06T11:24:33+08:00,002431,ST棕榈,1.32,-2.94,-0.04,248858.0,33940431.0,本地最近行情CSV
2026-07-06,2026-07-06T11:24:33+08:00,600518,康美药业,1.31,1.55,0.02,1323539.0,173257981.0,本地最近行情CSV
2026-07-06,2026-07-06T11:24:33+08:00,000639,ST西王,1.31,2.34,0.03,461583.0,60232180.53,本地最近行情CSV
2026-07-06,2026-07-06T11:24:33+08:00,002542,*ST中岩,1.29,-1.53,-0.02,388226.0,51616984.52,本地最近行情CSV
2026-07-06,2026-07-06T11:24:33+08:00,600022,山东钢铁,1.28,0.79,0.01,375506.0,47875867.0,本地最近行情CSV
2026-07-06,2026-07-06T11:24:33+08:00,600606,绿地控股,1.26,-0.79,-0.01,527071.0,66381995.0,本地最近行情CSV
2026-07-06,2026-07-06T11:24:33+08:00,002024,ST易购,1.24,-1.59,-0.02,252476.0,31212693.76,本地最近行情CSV
2026-07-06,2026-07-06T11:24:33+08:00,002482,广田集团,1.22,-1.61,-0.02,613292.0,75799862.46,本地最近行情CSV
2026-07-06,2026-07-06T11:24:33+08:00,600340,*ST华幸,1.2,-1.64,-0.02,313562.0,38322446.0,本地最近行情CSV
2026-07-06,2026-07-06T11:24:33+08:00,601005,重庆钢铁,1.17,0.0,0.0,299795.0,35093954.0,本地最近行情CSV
2026-07-06,2026-07-06T11:24:33+08:00,002146,荣盛发展,1.11,-1.77,-0.02,757634.0,85186155.13,本地最近行情CSV
2026-07-06,2026-07-06T11:24:33+08:00,688496,*ST清越,1.03,19.77,0.17,175670.0,17626453.0,本地最近行情CSV
2026-07-06,2026-07-06T11:24:33+08:00,002717,*ST岭南,1.02,-4.67,-0.05,504630.0,52706372.0,本地最近行情CSV
2026-07-06,2026-07-06T11:24:33+08:00,000004,国华退,0.5,11.11,0.05,15574.0,766448.0,本地最近行情CSV
2026-07-06,2026-07-06T11:24:33+08:00,002898,赛隆退,0.35,-2.78,-0.01,41148.0,1434918.0,本地最近行情CSV
2026-07-06,2026-07-06T11:24:33+08:00,002808,恒久退,0.24,0.0,0.0,142753.0,3456200.12,本地最近行情CSV
2026-07-06,2026-07-06T11:24:33+08:00,300029,天龙退,0.14,-6.67,-0.01,107385.0,1521229.54,本地最近行情CSV
